Geocodificando 5593 cidade(s)…
  [1/5593] Acrelândia/AC… lat=-10.0759167 lon=-67.0526898
  [2/5593] Assis Brasil/AC… lat=-10.9409203 lon=-69.5672108
  [3/5593] Brasiléia/AC… lat=-11.0010413 lon=-68.7487894
  [4/5593] Bujari/AC… lat=-9.8309656 lon=-67.9520886
  [5/5593] Capixaba/AC… lat=-10.5741345 lon=-67.6759719
  [6/5593] Cruzeiro do Sul/AC… lat=-7.6362478 lon=-72.6691649
  [7/5593] Epitaciolândia/AC… lat=-11.0289439 lon=-68.7411519
  [8/5593] Feijó/AC… lat=-8.1648652 lon=-70.3539579
  [9/5593] Jordão/AC… lat=-9.1905396 lon=-71.9484803
  [10/5593] Mâncio Lima/AC… lat=-7.6145911 lon=-72.9052640
  [11/5593] Manoel Urbano/AC… lat=-8.8387550 lon=-69.2619465
  [12/5593] Marechal Thaumaturgo/AC… lat=-8.9479792 lon=-72.7872614
  [13/5593] Plácido de Castro/AC… lat=-10.3239154 lon=-67.1824196
  [14/5593] Porto Acre/AC… lat=-9.5879722 lon=-67.5330700
  [15/5593] Porto Walter/AC… lat=-8.2687722 lon=-72.7444458
  [16/5593] Rio Branco/AC… lat=-9.9765362 lon=-67.8220778
  [17/5593] Rodrigues Alves/AC… lat=-7.7354020 lon=-72.6480581
  [18/5593] Santa Rosa do Purus/AC… lat=-9.4354872 lon=-70.4926109
  [19/5593] Sena Madureira/AC… lat=-9.0659556 lon=-68.6571058
  [20/5593] Senador Guiomard/AC… lat=-10.1509190 lon=-67.7359500
  [21/5593] Tarauacá/AC… lat=-8.1602019 lon=-70.7665368
  [22/5593] Xapuri/AC… lat=-10.6511174 lon=-68.5017902
  [23/5593] Água Branca/AL… lat=-9.2613606 lon=-37.9361053
  [24/5593] Anadia/AL… lat=-9.6830208 lon=-36.3052699
  [25/5593] Arapiraca/AL… lat=-9.7548660 lon=-36.6614710
  [26/5593] Atalaia/AL… lat=-9.5029595 lon=-36.0219316
  [27/5593] Barra de Santo Antônio/AL… lat=-9.4038098 lon=-35.5117693
  [28/5593] Barra de São Miguel/AL… lat=-9.8261357 lon=-35.8837777
  [29/5593] Batalha/AL… lat=-9.6733809 lon=-37.1265481
  [30/5593] Belém/AL… lat=-9.5715351 lon=-36.4928410
  [31/5593] Belo Monte/AL… lat=-9.8282806 lon=-37.2797808
  [32/5593] Boca da Mata/AL… lat=-9.6452054 lon=-36.2116658
  [33/5593] Branquinha/AL… lat=-9.2478057 lon=-36.0152009
  [34/5593] Cacimbinhas/AL… lat=-9.4012120 lon=-36.9910820
  [35/5593] Cajueiro/AL… lat=-9.3995890 lon=-36.1524309
  [36/5593] Campestre/AL… lat=-8.8481634 lon=-35.5660033
  [37/5593] Campo Alegre/AL… lat=-9.7798607 lon=-36.3575793
  [38/5593] Campo Grande/AL… lat=-9.9641192 lon=-36.7435410
  [39/5593] Canapi/AL… lat=-9.1173572 lon=-37.6011704
  [40/5593] Capela/AL… lat=-9.4150410 lon=-36.0825830
  [41/5593] Carneiros/AL… lat=-9.4663505 lon=-37.3669252
  [42/5593] Chã Preta/AL… lat=-9.2556050 lon=-36.2983340
  [43/5593] Coité do Nóia/AL… lat=-9.6334840 lon=-36.5844930
  [44/5593] Colônia Leopoldina/AL… lat=-8.9144649 lon=-35.7220255
  [45/5593] Coqueiro Seco/AL… lat=-9.6371470 lon=-35.7993770
  [46/5593] Coruripe/AL… lat=-10.1249963 lon=-36.1760623
  [47/5593] Craíbas/AL… lat=-9.6167979 lon=-36.7684602
  [48/5593] delmiro Gouveia/AL… lat=-9.3841161 lon=-37.9977560
  [49/5593] dois Riachos/AL… lat=-9.3846450 lon=-37.0965020
  [50/5593] Estrela de Alagoas/AL… lat=-9.3888972 lon=-36.7616833
  [51/5593] Feira Grande/AL… lat=-9.8944239 lon=-36.6793255
  [52/5593] Feliz deserto/AL… lat=-10.2924940 lon=-36.3028583
  [53/5593] Flexeiras/AL… lat=-9.2788679 lon=-35.7235246
  [54/5593] Girau do Ponciano/AL… lat=-9.8840410 lon=-36.8315920
  [55/5593] Ibateguara/AL… lat=-8.9737196 lon=-35.9279963
  [56/5593] Igaci/AL… lat=-9.5378751 lon=-36.6318144
  [57/5593] Igreja Nova/AL… lat=-10.1267244 lon=-36.6581510
  [58/5593] Inhapi/AL… lat=-9.2220950 lon=-37.7480654
  [59/5593] Jacaré dos Homens/AL… lat=-9.6348723 lon=-37.2055752
  [60/5593] Jacuípe/AL… lat=-8.8395100 lon=-35.4590740
  [61/5593] Japaratinga/AL… lat=-9.0874640 lon=-35.2634030
  [62/5593] Jaramataia/AL… lat=-9.6597307 lon=-37.0015482
  [63/5593] Jequiá da Praia/AL… lat=-10.0092595 lon=-36.0232787
  [64/5593] Joaquim Gomes/AL… lat=-9.1372894 lon=-35.7518862
  [65/5593] Jundiá/AL… lat=-8.9440220 lon=-35.5546827
  [66/5593] Junqueiro/AL… lat=-9.9201549 lon=-36.4747370
  [67/5593] Lagoa da Canoa/AL… lat=-9.8294012 lon=-36.7395617
  [68/5593] Limoeiro de Anadia/AL… lat=-9.7391620 lon=-36.5031000
  [69/5593] Maceió/AL… lat=-9.6476843 lon=-35.7339264
  [70/5593] Major Isidoro/AL… lat=-9.5326559 lon=-36.9862043
  [71/5593] Mar Vermelho/AL… lat=-9.4473930 lon=-36.3880760
  [72/5593] Maragogi/AL… lat=-9.0118278 lon=-35.2225120
  [73/5593] Maravilha/AL… lat=-9.2304490 lon=-37.3524190
  [74/5593] Marechal deodoro/AL… lat=-9.7097150 lon=-35.8967310
  [75/5593] Maribondo/AL… lat=-9.5797951 lon=-36.3065036
  [76/5593] Mata Grande/AL… lat=-9.1182430 lon=-37.7322980
  [77/5593] Matriz de Camaragibe/AL… lat=-9.1543730 lon=-35.5243020
  [78/5593] Messias/AL… lat=-9.3938430 lon=-35.8391820
  [79/5593] Minador do Negrão/AL… lat=-9.3123580 lon=-36.8695530
  [80/5593] Monteirópolis/AL… lat=-9.6025650 lon=-37.2461716
  [81/5593] Murici/AL… lat=-9.3068230 lon=-35.9427980
  [82/5593] Novo Lino/AL… lat=-8.9419050 lon=-35.6640010
  [83/5593] Olho D'água das Flores/AL… lat=-9.5318374 lon=-37.2939052
  [84/5593] Olho D'água do Casado/AL… lat=-9.5020783 lon=-37.8324537
  [85/5593] Olho D'água Grande/AL… lat=-10.0560750 lon=-36.8135254
  [86/5593] Olivença/AL… lat=-9.5190555 lon=-37.1893316
  [87/5593] Ouro Branco/AL… lat=-9.1622698 lon=-37.3582893
  [88/5593] Palestina/AL… lat=-9.6721122 lon=-37.3292922
  [89/5593] Palmeira dos Índios/AL… lat=-9.4076249 lon=-36.6323616
  [90/5593] Pão de Açúcar/AL… lat=-9.7496551 lon=-37.4329891
  [91/5593] Pariconha/AL… lat=-9.2540147 lon=-38.0039241
  [92/5593] Paripueira/AL… lat=-9.4631330 lon=-35.5519770
  [93/5593] Passo de Camaragibe/AL… lat=-9.2367833 lon=-35.4901015
  [94/5593] Paulo Jacinto/AL… lat=-9.3679179 lon=-36.3672411
  [95/5593] Penedo/AL… lat=-10.2872341 lon=-36.5819262
  [96/5593] Piaçabuçu/AL… lat=-10.4066897 lon=-36.4336540
  [97/5593] Pilar/AL… lat=-9.6016711 lon=-35.9511275
  [98/5593] Pindoba/AL… lat=-9.4738220 lon=-36.2918290
  [99/5593] Piranhas/AL… lat=-9.6115579 lon=-37.7616366
  [100/5593] Poço das Trincheiras/AL… lat=-9.3063206 lon=-37.2855185
  [101/5593] Porto Calvo/AL… lat=-9.0519480 lon=-35.3986530
  [102/5593] Porto de Pedras/AL… lat=-9.1610263 lon=-35.2969865
  [103/5593] Porto Real do Colégio/AL… lat=-10.1868330 lon=-36.8357056
  [104/5593] Quebrangulo/AL… lat=-9.3217611 lon=-36.4735837
  [105/5593] Rio Largo/AL… lat=-9.4778290 lon=-35.8394350
  [106/5593] Roteiro/AL… lat=-9.8334935 lon=-35.9777132
  [107/5593] Santa Luzia do Norte/AL… lat=-9.6037000 lon=-35.8231960
  [108/5593] Santana do Ipanema/AL… lat=-9.3699890 lon=-37.2480180
  [109/5593] Santana do Mundaú/AL… lat=-9.1700044 lon=-36.2206126
  [110/5593] São Brás/AL… lat=-10.1258473 lon=-36.8981511
  [111/5593] São José da Laje/AL… lat=-9.0093044 lon=-36.0567320
  [112/5593] São José da Tapera/AL… lat=-9.5584287 lon=-37.3818893
  [113/5593] São Luís do Quitunde/AL… lat=-9.3181755 lon=-35.5605097
  [114/5593] São Miguel dos Campos/AL… lat=-9.7831115 lon=-36.0967804
  [115/5593] São Miguel dos Milagres/AL… lat=-9.2672170 lon=-35.3763120
  [116/5593] São Sebastião/AL… lat=-9.9315057 lon=-36.5439245
  [117/5593] Satuba/AL… lat=-9.5691130 lon=-35.8226970
  [118/5593] Senador Rui Palmeira/AL… lat=-9.4698650 lon=-37.4576060
  [119/5593] Tanque D'arca/AL… lat=-9.5348175 lon=-36.4314580
  [120/5593] Taquarana/AL… lat=-9.6125907 lon=-36.5101855
  [121/5593] Teotônio Vilela/AL… lat=-9.9062736 lon=-36.3571341
  [122/5593] Traipu/AL… lat=-9.9675830 lon=-37.0015357
  [123/5593] União dos Palmares/AL… lat=-9.1576807 lon=-36.0342251
  [124/5593] Viçosa/AL… lat=-9.3728032 lon=-36.2432636
  [125/5593] Alvarães/AM… lat=-3.2155787 lon=-64.8148327
  [126/5593] Amaturá/AM… lat=-3.3640509 lon=-68.1994689
  [127/5593] Anamã/AM… lat=-3.5797356 lon=-61.4049996
  [128/5593] Anori/AM… lat=-3.7435254 lon=-61.6605203
  [129/5593] Apuí/AM… lat=-7.1940195 lon=-59.8830192
  [130/5593] Atalaia do Norte/AM… lat=-4.3658547 lon=-70.1908742
  [131/5593] Autazes/AM… lat=-3.5833283 lon=-59.1301518
  [132/5593] Barcelos/AM… lat=-0.9729214 lon=-62.9256350
  [133/5593] Barreirinha/AM… lat=-2.7988630 lon=-57.0678970
  [134/5593] Benjamin Constant/AM… lat=-4.3782748 lon=-70.0290603
  [135/5593] Beruri/AM… lat=-3.9007135 lon=-61.3717319
  [136/5593] Boa Vista do Ramos/AM… lat=-2.9716927 lon=-57.5869819
  [137/5593] Boca do Acre/AM… lat=-8.7553487 lon=-67.3930873
  [138/5593] Borba/AM… lat=-4.3934778 lon=-59.5947721
  [139/5593] Caapiranga/AM… lat=-3.3188884 lon=-61.2096404
  [140/5593] Canutama/AM… lat=-6.5330019 lon=-64.3834966
  [141/5593] Carauari/AM… lat=-4.8766426 lon=-66.8961433
  [142/5593] Careiro/AM… lat=-3.8185277 lon=-60.3616505
  [143/5593] Careiro da Várzea/AM… lat=-3.1970240 lon=-59.8259104
  [144/5593] Coari/AM… lat=-4.0885957 lon=-63.1431166
  [145/5593] Codajás/AM… lat=-3.8413202 lon=-62.0603444
  [146/5593] Eirunepé/AM… lat=-6.6567654 lon=-69.8661610
  [147/5593] Envira/AM… lat=-7.4378890 lon=-70.0281430
  [148/5593] Fonte Boa/AM… lat=-2.5147464 lon=-66.0948424
  [149/5593] Guajará/AM… lat=-7.5455927 lon=-72.5832769
  [150/5593] Humaitá/AM… lat=-7.5099404 lon=-63.0248674
  [151/5593] Ipixuna/AM… lat=-7.0502834 lon=-71.6912320
  [152/5593] Iranduba/AM… lat=-3.2758203 lon=-60.1867429
  [153/5593] Itacoatiara/AM… lat=-3.1477898 lon=-58.4461041
  [154/5593] Itamarati/AM… lat=-6.4385189 lon=-68.2437385
  [155/5593] Itapiranga/AM… lat=-2.7461205 lon=-58.0253770
  [156/5593] Japurá/AM… lat=-1.8808468 lon=-66.9967657
  [157/5593] Juruá/AM… lat=-3.4746666 lon=-66.0622335
  [158/5593] Jutaí/AM… lat=-2.7471478 lon=-66.7721255
  [159/5593] Lábrea/AM… lat=-7.2613683 lon=-64.7924505
  [160/5593] Manacapuru/AM… lat=-3.2996768 lon=-60.6213528
  [161/5593] Manaquiri/AM… lat=-3.4305885 lon=-60.4593078
  [162/5593] Manaus/AM… lat=-3.1316333 lon=-59.9825041
  [163/5593] Manicoré/AM… lat=-5.8046180 lon=-61.2894830
  [164/5593] Maraã/AM… lat=-1.8535579 lon=-65.5897749
  [165/5593] Maués/AM… lat=-3.3795798 lon=-57.7196072
  [166/5593] Nhamundá/AM… lat=-2.1921521 lon=-56.7111308
  [167/5593] Nova Olinda do Norte/AM… lat=-3.8944658 lon=-59.0883845
  [168/5593] Novo Airão/AM… lat=-2.6260236 lon=-60.9434406
  [169/5593] Novo Aripuanã/AM… lat=-5.1259290 lon=-60.3731790
  [170/5593] Parintins/AM… lat=-2.6344567 lon=-56.7319324
  [171/5593] Pauini/AM… lat=-7.7122214 lon=-66.9998441
  [172/5593] Presidente Figueiredo/AM… lat=-2.0486359 lon=-60.0236658
  [173/5593] Rio Preto da Eva/AM… lat=-2.6990647 lon=-59.7012494
  [174/5593] Santa Isabel do Rio Negro/AM… lat=-0.4160389 lon=-65.0153096
  [175/5593] Santo Antônio do Içá/AM… lat=-3.0954430 lon=-67.9462790
  [176/5593] São Gabriel da Cachoeira/AM… lat=-0.1249715 lon=-67.0813855
  [177/5593] São Paulo de Olivença/AM… lat=-3.4650627 lon=-68.9468462
  [178/5593] São Sebastião do Uatumã/AM… lat=-2.5719341 lon=-57.8703616
  [179/5593] Silves/AM… lat=-2.8372614 lon=-58.2105199
  [180/5593] Tabatinga/AM… lat=-4.0300124 lon=-69.6936839
  [181/5593] Tapauá/AM… lat=-5.6232283 lon=-63.1879157
  [182/5593] Tefé/AM… lat=-3.3485276 lon=-64.7102278
  [183/5593] Tonantins/AM… lat=-2.8626100 lon=-67.7735482
  [184/5593] Uarini/AM… lat=-2.9827061 lon=-65.1578615
  [185/5593] Urucará/AM… lat=-2.5370730 lon=-57.7590254
  [186/5593] Urucurituba/AM… lat=-3.1304332 lon=-58.1549157
  [187/5593] Amapá/AP… lat=2.0501747 lon=-50.7922093
  [188/5593] Calçoene/AP… lat=2.4981757 lon=-50.9539503
  [189/5593] Cutias/AP… lat=0.9708625 lon=-50.8000608
  [190/5593] Ferreira Gomes/AP… lat=0.8580838 lon=-51.1814000
  [191/5593] Itaubal/AP… lat=0.4902611 lon=-50.6142110
  [192/5593] Laranjal do Jari/AP… lat=-0.8419994 lon=-52.5160000
  [193/5593] Macapá/AP… lat=0.0401529 lon=-51.0569588
  [194/5593] Mazagão/AP… lat=-0.1160565 lon=-51.2861759
  [195/5593] Oiapoque/AP… lat=3.8432128 lon=-51.8350798
  [196/5593] Pedra Branca do Amapari/AP… lat=0.7771833 lon=-51.9523218
  [197/5593] Porto Grande/AP… lat=0.7028371 lon=-51.4041605
  [198/5593] Pracuúba/AP… lat=1.7429041 lon=-50.7848832
  [199/5593] Santana/AP… lat=-0.0307068 lon=-51.1789666
  [200/5593] Serra do Navio/AP… lat=0.8991593 lon=-52.0027191
  [201/5593] Tartarugalzinho/AP… lat=1.5052391 lon=-50.9123126
  [202/5593] Vitória do Jari/AP… lat=-0.9264262 lon=-52.4239716
  [203/5593] Abaíra/BA… lat=-13.2502696 lon=-41.6639913
  [204/5593] Abaré/BA… lat=-8.7212714 lon=-39.1141953
  [205/5593] Acajutiba/BA… lat=-11.6609659 lon=-38.0186381
  [206/5593] Adustina/BA… lat=-10.5340838 lon=-38.1184648
  [207/5593] Água Fria/BA… lat=-11.8784691 lon=-38.7663706
  [208/5593] Aiquara/BA… lat=-14.1269180 lon=-39.8887574
  [209/5593] Alagoinhas/BA… lat=-12.1335260 lon=-38.4207720
  [210/5593] Alcobaça/BA… lat=-17.5215875 lon=-39.1965474
  [211/5593] Almadina/BA… lat=-14.7037948 lon=-39.6384287
  [212/5593] Amargosa/BA… lat=-13.0302189 lon=-39.6040692
  [213/5593] Amélia Rodrigues/BA… lat=-12.4015388 lon=-38.7516971
  [214/5593] América dourada/BA… lat=-11.4516734 lon=-41.4356766
  [215/5593] Anagé/BA… lat=-14.6134669 lon=-41.1376308
  [216/5593] Andaraí/BA… lat=-12.8059674 lon=-41.3322919
  [217/5593] Andorinha/BA… lat=-10.3445708 lon=-39.8334411
  [218/5593] Angical/BA… lat=-12.0056230 lon=-44.7000236
  [219/5593] Anguera/BA… lat=-12.1512742 lon=-39.2457485
  [220/5593] Antas/BA… lat=-10.3731415 lon=-38.2999239
  [221/5593] Antônio Cardoso/BA… lat=-12.4363122 lon=-39.1200307
  [222/5593] Antônio Gonçalves/BA… lat=-10.5715409 lon=-40.2748824
  [223/5593] Aporá/BA… lat=-11.6599747 lon=-38.0794757
  [224/5593] Apuarema/BA… lat=-13.8517897 lon=-39.7457126
  [225/5593] Araças/BA… lat=-12.2126982 lon=-38.2006551
  [226/5593] Aracatu/BA… lat=-14.4274236 lon=-41.4604105
  [227/5593] Araci/BA… lat=-11.3390214 lon=-38.9586849
  [228/5593] Aramari/BA… lat=-12.0907897 lon=-38.4985065
  [229/5593] Arataca/BA… lat=-15.2604018 lon=-39.4112175
  [230/5593] Aratuípe/BA… lat=-13.0771370 lon=-39.0010786
  [231/5593] Aurelino Leal/BA… lat=-14.3167137 lon=-39.3256107
  [232/5593] Baianópolis/BA… lat=-12.3067564 lon=-44.5383591
  [233/5593] Baixa Grande/BA… lat=-11.9630941 lon=-40.1657537
  [234/5593] Banzaê/BA… lat=-10.5802511 lon=-38.6131592
  [235/5593] Barra/BA… lat=-11.0849643 lon=-43.5245954
  [236/5593] Barra da Estiva/BA… lat=-13.6269662 lon=-41.3278287
  [237/5593] Barra do Choça/BA… lat=-14.8661995 lon=-40.5782207
  [238/5593] Barra do Mendes/BA… lat=-12.0022572 lon=-42.0792638
  [239/5593] Barra do Rocha/BA… lat=-14.2090974 lon=-39.6004395
  [240/5593] Barreiras/BA… lat=-12.1440031 lon=-44.9967406
  [241/5593] Barro Alto/BA… lat=-11.7618025 lon=-41.9094904
  [242/5593] Barro Preto/BA… lat=-14.8068289 lon=-39.4727588
  [243/5593] Barrocas/BA… lat=-11.5338665 lon=-39.0802106
  [244/5593] Belmonte/BA… lat=-15.8585465 lon=-38.8820186
  [245/5593] Belo Campo/BA… lat=-15.0384794 lon=-41.2586342
  [246/5593] Biritinga/BA… lat=-11.6227908 lon=-38.8066738
  [247/5593] Boa Nova/BA… lat=-14.3659070 lon=-40.2063056
  [248/5593] Boa Vista do Tupim/BA… lat=-12.6605988 lon=-40.6083594
  [249/5593] Bom Jesus da Lapa/BA… lat=-13.2827857 lon=-43.1801952
  [250/5593] Bom Jesus da Serra/BA… lat=-14.3748820 lon=-40.5058063
  [251/5593] Boninal/BA… lat=-12.7095183 lon=-41.8299984
  [252/5593] Bonito/BA… lat=-11.9686885 lon=-41.2643292
  [253/5593] Boquira/BA… lat=-12.8184859 lon=-42.7270883
  [254/5593] Botuporã/BA… lat=-13.3783163 lon=-42.5208018
  [255/5593] Brejões/BA… lat=-13.1032524 lon=-39.7934392
  [256/5593] Brejolândia/BA… lat=-12.4843845 lon=-43.9611861
  [257/5593] Brotas de Macaúbas/BA… lat=-12.0019007 lon=-42.6257506
  [258/5593] Brumado/BA… lat=-14.2025099 lon=-41.6701307
  [259/5593] Buerarema/BA… lat=-14.9584826 lon=-39.3010861
  [260/5593] Buritirama/BA… lat=-10.7148421 lon=-43.6362327
  [261/5593] Caatiba/BA… lat=-14.9796906 lon=-40.4097958
  [262/5593] Cabaceiras do Paraguaçu/BA… lat=-12.5377868 lon=-39.1901339
  [263/5593] Cachoeira/BA… lat=-12.5998256 lon=-38.9665918
  [264/5593] Caculé/BA… lat=-14.4990734 lon=-42.2233006
  [265/5593] Caém/BA… lat=-11.0911325 lon=-40.4316973
  [266/5593] Caetanos/BA… lat=-14.3387456 lon=-40.9085971
  [267/5593] Caetité/BA… lat=-14.0691776 lon=-42.4852428
  [268/5593] Cafarnaum/BA… lat=-11.6932659 lon=-41.4707474
  [269/5593] Cairu/BA… lat=-13.4866098 lon=-39.0438440
  [270/5593] Caldeirão Grande/BA… lat=-11.0208483 lon=-40.3041387
  [271/5593] Camacan/BA… lat=-15.4148428 lon=-39.4966727
  [272/5593] Camaçari/BA… lat=-12.6998188 lon=-38.3260762
  [273/5593] Camamu/BA… lat=-13.9438142 lon=-39.1060917
  [274/5593] Campo Alegre de Lourdes/BA… lat=-9.5443738 lon=-43.1747027
  [275/5593] Campo Formoso/BA… lat=-10.5105500 lon=-40.3200310
  [276/5593] Canápolis/BA… lat=-13.0724540 lon=-44.2009490
  [277/5593] Canarana/BA… lat=-11.6876043 lon=-41.7693107
  [278/5593] Canavieiras/BA… lat=-15.6790128 lon=-38.9449622
  [279/5593] Candeal/BA… lat=-11.8053441 lon=-39.1206515
  [280/5593] Candeias/BA… lat=-12.6693806 lon=-38.5406462
  [281/5593] Candiba/BA… lat=-14.4125032 lon=-42.8714102
  [282/5593] Cândido Sales/BA… lat=-15.5049916 lon=-41.2380719
  [283/5593] Cansanção/BA… lat=-10.6672695 lon=-39.4973404
  [284/5593] Canudos/BA… lat=-9.8947939 lon=-39.0274356
  [285/5593] Capela do Alto Alegre/BA… lat=-11.6703944 lon=-39.8362745
  [286/5593] Capim Grosso/BA… lat=-11.3794280 lon=-40.0115228
  [287/5593] Caraíbas/BA… lat=-14.7249600 lon=-41.2566163
  [288/5593] Caravelas/BA… lat=-17.7349790 lon=-39.2627179
  [289/5593] Cardeal da Silva/BA… lat=-11.9428154 lon=-37.9494462
  [290/5593] Carinhanha/BA… lat=-14.0232636 lon=-43.8699952
  [291/5593] Casa Nova/BA… lat=-9.1736775 lon=-40.9734475
  [292/5593] Castro Alves/BA… lat=-12.7617572 lon=-39.4284444
  [293/5593] Catolândia/BA… lat=-12.3150880 lon=-44.8616434
  [294/5593] Catu/BA… lat=-12.3512740 lon=-38.3791080
  [295/5593] Caturama/BA… lat=-13.3309299 lon=-42.2927623
  [296/5593] Central/BA… lat=-11.1338739 lon=-42.1095822
  [297/5593] Chorrochó/BA… lat=-9.1879051 lon=-39.2208545
  [298/5593] Cícero dantas/BA… lat=-10.5942278 lon=-38.3839063
  [299/5593] Cipó/BA… lat=-11.0983571 lon=-38.5155563
  [300/5593] Coaraci/BA… lat=-14.6407979 lon=-39.5496765
  [301/5593] Cocos/BA… lat=-14.5444115 lon=-45.2651132
  [302/5593] Conceição da Feira/BA… lat=-12.5013001 lon=-39.0002166
  [303/5593] Conceição do Almeida/BA… lat=-12.7772763 lon=-39.1692214
  [304/5593] Conceição do Coité/BA… lat=-11.5110945 lon=-39.2510362
  [305/5593] Conceição do Jacuípe/BA… lat=-12.3268310 lon=-38.7684330
  [306/5593] Conde/BA… lat=-11.8129758 lon=-37.6138705
  [307/5593] Condeúba/BA… lat=-14.9022270 lon=-41.9718290
  [308/5593] Contendas do Sincorá/BA… lat=-13.7612283 lon=-41.0421315
  [309/5593] Coração de Maria/BA… lat=-12.2484345 lon=-38.7499274
  [310/5593] Cordeiros/BA… lat=-15.0397219 lon=-41.9314228
  [311/5593] Coribe/BA… lat=-13.8284710 lon=-44.4572700
  [312/5593] Coronel João Sá/BA… lat=-10.2850147 lon=-37.9267371
  [313/5593] Correntina/BA… lat=-13.3441570 lon=-44.6345066
  [314/5593] Cotegipe/BA… lat=-11.7405460 lon=-44.3946601
  [315/5593] Cravolândia/BA… lat=-13.3577604 lon=-39.8147624
  [316/5593] Crisópolis/BA… lat=-11.5105813 lon=-38.1506278
  [317/5593] Cristópolis/BA… lat=-12.1789758 lon=-44.2631532
  [318/5593] Cruz das Almas/BA… lat=-12.6722649 lon=-39.1053665
  [319/5593] Curaçá/BA… lat=-8.9910486 lon=-39.9089047
  [320/5593] Dário Meira/BA… lat=-14.4332181 lon=-39.9028712
  [321/5593] Dias D'ávila/BA… lat=-12.6107233 lon=-38.3028518
  [322/5593] dom Basílio/BA… lat=-13.7589818 lon=-41.7715676
  [323/5593] dom Macedo Costa/BA… lat=-12.9078060 lon=-39.1905875
  [324/5593] Elísio Medrado/BA… lat=-12.9469824 lon=-39.5204310
  [325/5593] Encruzilhada/BA… lat=-15.5335000 lon=-40.9076000
  [326/5593] Entre Rios/BA… lat=-11.9423743 lon=-38.0836985
  [327/5593] Érico Cardoso/BA… lat=-13.4191620 lon=-42.1381486
  [328/5593] Esplanada/BA… lat=-11.8006140 lon=-37.9453000
  [329/5593] Euclides da Cunha/BA… lat=-10.5068008 lon=-39.0165817
  [330/5593] Eunápolis/BA… lat=-16.3766148 lon=-39.5864490
  [331/5593] Fátima/BA… lat=-10.5973020 lon=-38.2123608
  [332/5593] Feira da Mata/BA… lat=-14.2114000 lon=-44.2820000
  [333/5593] Feira de Santana/BA… lat=-12.2578934 lon=-38.9598047
  [334/5593] Filadélfia/BA… lat=-10.7418885 lon=-40.1304175
  [335/5593] Firmino Alves/BA… lat=-14.9871017 lon=-39.9242157
  [336/5593] Floresta Azul/BA… lat=-14.8602238 lon=-39.6561384
  [337/5593] Formosa do Rio Preto/BA… lat=-11.0406412 lon=-45.1904946
  [338/5593] Gandu/BA… lat=-13.7448138 lon=-39.4844732
  [339/5593] Gavião/BA… lat=-11.4714303 lon=-39.7826316
  [340/5593] Gentio do Ouro/BA… lat=-11.3891423 lon=-42.5872688
  [341/5593] Glória/BA… lat=-9.3418003 lon=-38.2550187
  [342/5593] Gongogi/BA… lat=-14.3240248 lon=-39.4665106
  [343/5593] Governador Mangabeira/BA… lat=-12.6038648 lon=-39.0372154
  [344/5593] Guajeru/BA… lat=-14.5464079 lon=-41.9379047
  [345/5593] Guanambi/BA… lat=-14.2230660 lon=-42.7799430
  [346/5593] Guaratinga/BA… lat=-16.5863011 lon=-39.7810348
  [347/5593] Heliópolis/BA… lat=-10.6753416 lon=-38.2815308
  [348/5593] Iaçu/BA… lat=-12.7672074 lon=-40.2106427
  [349/5593] Ibiassucê/BA… lat=-14.2713813 lon=-42.2576112
  [350/5593] Ibicaraí/BA… lat=-14.8625311 lon=-39.5890865
  [351/5593] Ibicoara/BA… lat=-13.4130790 lon=-41.2851210
  [352/5593] Ibicuí/BA… lat=-14.8449600 lon=-39.9879150
  [353/5593] Ibipeba/BA… lat=-11.5332659 lon=-42.2141920
  [354/5593] Ibipitanga/BA… lat=-12.8804350 lon=-42.4855680
  [355/5593] Ibiquera/BA… lat=-12.6489164 lon=-40.9323004
  [356/5593] Ibirapitanga/BA… lat=-14.1615686 lon=-39.3695220
  [357/5593] Ibirapuã/BA… lat=-17.6883146 lon=-40.1096283
  [358/5593] Ibirataia/BA… lat=-14.0689024 lon=-39.6394008
  [359/5593] Ibitiara/BA… lat=-12.6493766 lon=-42.2172476
  [360/5593] Ibititá/BA… lat=-11.5461033 lon=-41.9781838
  [361/5593] Ibotirama/BA… lat=-11.9711018 lon=-43.2509146
  [362/5593] Ichu/BA… lat=-11.7486496 lon=-39.1926411
  [363/5593] Igaporã/BA… lat=-13.7725318 lon=-42.7168442
  [364/5593] Igrapiúna/BA… lat=-13.8227115 lon=-39.1419857
  [365/5593] Iguaí/BA… lat=-14.7527540 lon=-40.0894170
  [366/5593] Ilhéus/BA… lat=-14.7925990 lon=-39.0453843
  [367/5593] Inhambupe/BA… lat=-11.7921718 lon=-38.3596957
  [368/5593] Ipecaetá/BA… lat=-12.3158261 lon=-39.3064210
  [369/5593] Ipiaú/BA… lat=-14.1318211 lon=-39.7373177
  [370/5593] Ipirá/BA… lat=-12.1578337 lon=-39.7416605
  [371/5593] Ipupiara/BA… lat=-11.8220700 lon=-42.6111388
  [372/5593] Irajuba/BA… lat=-13.2525307 lon=-40.0842042
  [373/5593] Iramaia/BA… lat=-13.2937451 lon=-40.9576036
  [374/5593] Iraquara/BA… lat=-12.2439075 lon=-41.6169181
  [375/5593] Irará/BA… lat=-12.0420271 lon=-38.7635638
  [376/5593] Irecê/BA… lat=-11.3034965 lon=-41.8557929
  [377/5593] Itabela/BA… lat=-16.5742292 lon=-39.5619193
  [378/5593] Itaberaba/BA… lat=-12.5241820 lon=-40.3058970
  [379/5593] Itabuna/BA… lat=-14.7931730 lon=-39.2750341
  [380/5593] Itacaré/BA… lat=-14.2779427 lon=-38.9955683
  [381/5593] Itaeté/BA… lat=-12.9794728 lon=-40.9661685
  [382/5593] Itagi/BA… lat=-14.1627902 lon=-40.0069366
  [383/5593] Itagibá/BA… lat=-14.2891521 lon=-39.8452592
  [384/5593] Itagimirim/BA… lat=-16.0875716 lon=-39.6162932
  [385/5593] Itaguaçu da Bahia/BA… lat=-10.7417971 lon=-42.1126182
  [386/5593] Itaju do Colônia/BA… lat=-15.1410065 lon=-39.7240092
  [387/5593] Itajuípe/BA… lat=-14.6744381 lon=-39.3759427
  [388/5593] Itamaraju/BA… lat=-17.0340092 lon=-39.5315525
  [389/5593] Itamari/BA… lat=-13.7782827 lon=-39.6806333
  [390/5593] Itambé/BA… lat=-15.2409569 lon=-40.6222845
  [391/5593] Itanagra/BA… lat=-12.2589718 lon=-38.0388625
  [392/5593] Itanhém/BA… lat=-17.1690851 lon=-40.3283868
  [393/5593] Itaparica/BA… lat=-12.8936023 lon=-38.6798141
  [394/5593] Itapé/BA… lat=-14.8970856 lon=-39.4246637
  [395/5593] Itapebi/BA… lat=-15.9693064 lon=-39.5316476
  [396/5593] Itapetinga/BA… lat=-15.2454478 lon=-40.2460053
  [397/5593] Itapicuru/BA… lat=-11.1921853 lon=-38.2157013
  [398/5593] Itapitanga/BA… lat=-14.4232006 lon=-39.5649322
  [399/5593] Itaquara/BA… lat=-13.4464331 lon=-39.9384891
  [400/5593] Itarantim/BA… lat=-15.6545910 lon=-40.0601332
  [401/5593] Itatim/BA… lat=-12.7073174 lon=-39.6974476
  [402/5593] Itiruçu/BA… lat=-13.5338389 lon=-40.1502444
  [403/5593] Itiúba/BA… lat=-10.6917496 lon=-39.8532886
  [404/5593] Itororó/BA… lat=-15.1179764 lon=-40.0680738
  [405/5593] Ituaçu/BA… lat=-13.8155290 lon=-41.2981722
  [406/5593] Ituberá/BA… lat=-13.7360764 lon=-39.1481058
  [407/5593] Iuiú/BA… lat=-14.4113008 lon=-43.5508641
  [408/5593] Jaborandi/BA… lat=-13.6203918 lon=-44.4693394
  [409/5593] Jacaraci/BA… lat=-14.8457532 lon=-42.4328959
  [410/5593] Jacobina/BA… lat=-11.0666764 lon=-40.6691687
  [411/5593] Jaguaquara/BA… lat=-13.5294974 lon=-39.9693081
  [412/5593] Jaguarari/BA… lat=-10.2575875 lon=-40.1944363
  [413/5593] Jaguaripe/BA… lat=-13.1147557 lon=-38.8944977
  [414/5593] Jandaíra/BA… lat=-11.5652500 lon=-37.7834202
  [415/5593] Jequié/BA… lat=-13.8604033 lon=-40.0719627
  [416/5593] Jeremoabo/BA… lat=-10.0754034 lon=-38.3478960
  [417/5593] Jiquiriçá/BA… lat=-13.2553530 lon=-39.5693044
  [418/5593] Jitaúna/BA… lat=-14.0170190 lon=-39.8889976
  [419/5593] João dourado/BA… lat=-11.3461342 lon=-41.6600116
  [420/5593] Juazeiro/BA… lat=-9.5137512 lon=-40.3078985
  [421/5593] Jucuruçu/BA… lat=-16.8431219 lon=-40.1583979
  [422/5593] Jussara/BA… lat=-11.0473921 lon=-41.9716700
  [423/5593] Jussari/BA… lat=-15.1884527 lon=-39.4938548
  [424/5593] Jussiape/BA… lat=-13.5176278 lon=-41.5918835
  [425/5593] Lafaiete Coutinho/BA… lat=-13.6557671 lon=-40.2121188
  [426/5593] Lagoa Real/BA… lat=-14.0346296 lon=-42.1421925
  [427/5593] Laje/BA… lat=-13.1809956 lon=-39.4222968
  [428/5593] Lajedão/BA… lat=-17.6120536 lon=-40.3457621
  [429/5593] Lajedinho/BA… lat=-12.3555395 lon=-40.9033041
  [430/5593] Lajedo do Tabocal/BA… lat=-13.4740649 lon=-40.2195324
  [431/5593] Lamarão/BA… lat=-11.7954003 lon=-38.8852303
  [432/5593] Lapão/BA… lat=-11.3827586 lon=-41.8334828
  [433/5593] Lauro de Freitas/BA… lat=-12.8924200 lon=-38.3127691
  [434/5593] Lençóis/BA… lat=-12.5615323 lon=-41.3895344
  [435/5593] Licínio de Almeida/BA… lat=-14.6835152 lon=-42.5064545
  [436/5593] Livramento de Nossa Senhora/BA… lat=-13.6505565 lon=-41.8412303
  [437/5593] Luís Eduardo Magalhães/BA… lat=-12.0869117 lon=-45.7834163
  [438/5593] Macajuba/BA… lat=-12.1378565 lon=-40.3591349
  [439/5593] Macarani/BA… lat=-15.5671257 lon=-40.4231833
  [440/5593] Macaúbas/BA… lat=-13.0174846 lon=-42.6882221
  [441/5593] Macururé/BA… lat=-9.1677027 lon=-39.0595491
  [442/5593] Madre de deus/BA… lat=-12.7424741 lon=-38.6152913
  [443/5593] Maetinga/BA… lat=-14.6627814 lon=-41.4914419
  [444/5593] Maiquinique/BA… lat=-15.6190702 lon=-40.2636290
  [445/5593] Mairi/BA… lat=-11.7167078 lon=-40.1339616
  [446/5593] Malhada/BA… lat=-14.3379191 lon=-43.7716651
  [447/5593] Malhada de Pedras/BA… lat=-14.3866285 lon=-41.8791848
  [448/5593] Manoel Vitorino/BA… lat=-14.1448395 lon=-40.2439696
  [449/5593] Mansidão/BA… lat=-11.0385000 lon=-44.0939936
  [450/5593] Maracás/BA… lat=-13.4408898 lon=-40.4330520
  [451/5593] Maragogipe/BA… lat=-12.7782981 lon=-38.9181807
  [452/5593] Maraú/BA… lat=-14.1030220 lon=-39.0144322
  [453/5593] Marcionílio Souza/BA… lat=-13.0024332 lon=-40.5317476
  [454/5593] Mascote/BA… lat=-15.5640190 lon=-39.3024324
  [455/5593] Mata de São João/BA… lat=-12.5306850 lon=-38.3008980
  [456/5593] Matina/BA… lat=-13.9098616 lon=-42.8461536
  [457/5593] Medeiros Neto/BA… lat=-17.3728243 lon=-40.2203882
  [458/5593] Miguel Calmon/BA… lat=-11.4309436 lon=-40.5976501
  [459/5593] Milagres/BA… lat=-12.8646350 lon=-39.8610920
  [460/5593] Mirangaba/BA… lat=-10.9540277 lon=-40.5764152
  [461/5593] Mirante/BA… lat=-14.2401367 lon=-40.7661915
  [462/5593] Monte Santo/BA… lat=-10.4386800 lon=-39.3325689
  [463/5593] Morpará/BA… lat=-11.5628341 lon=-43.2768414
  [464/5593] Morro do Chapéu/BA… lat=-11.5500293 lon=-41.1570248
  [465/5593] Mortugaba/BA… lat=-15.0225777 lon=-42.3692646
  [466/5593] Mucugê/BA… lat=-13.0053000 lon=-41.3702710
  [467/5593] Mucuri/BA… lat=-18.0864709 lon=-39.5512819
  [468/5593] Mulungu do Morro/BA… lat=-11.9653564 lon=-41.6408239
  [469/5593] Mundo Novo/BA… lat=-11.8573859 lon=-40.4731656
  [470/5593] Muniz Ferreira/BA… lat=-13.0012551 lon=-39.1102126
  [471/5593] Muquém de São Francisco/BA… lat=-12.0650162 lon=-43.5497188
  [472/5593] Muritiba/BA… lat=-12.6242660 lon=-38.9885844
  [473/5593] Mutuípe/BA… lat=-13.2282298 lon=-39.5060149
  [474/5593] Nazaré/BA… lat=-13.0345586 lon=-39.0062515
  [475/5593] Nilo Peçanha/BA… lat=-13.6015675 lon=-39.1043356
  [476/5593] Nordestina/BA… lat=-10.8258183 lon=-39.4297655
  [477/5593] Nova Canaã/BA… lat=-14.7936791 lon=-40.1453848
  [478/5593] Nova Fátima/BA… lat=-11.6046105 lon=-39.6310540
  [479/5593] Nova Ibiá/BA… lat=-13.8102566 lon=-39.6247830
  [480/5593] Nova Itarana/BA… lat=-13.0280762 lon=-40.0678848
  [481/5593] Nova Redenção/BA… lat=-12.8172680 lon=-41.0709301
  [482/5593] Nova Soure/BA… lat=-11.2409332 lon=-38.4774123
  [483/5593] Nova Viçosa/BA… lat=-17.8907712 lon=-39.3725471
  [484/5593] Novo Horizonte/BA… lat=-12.8085637 lon=-42.1674812
  [485/5593] Novo Triunfo/BA… lat=-10.3699019 lon=-38.4293488
  [486/5593] Olindina/BA… lat=-11.3601309 lon=-38.3269571
  [487/5593] Oliveira dos Brejinhos/BA… lat=-12.3193308 lon=-42.8914271
  [488/5593] Ouriçangas/BA… lat=-12.0105291 lon=-38.6259109
  [489/5593] Ourolândia/BA… lat=-10.9686909 lon=-41.0808672
  [490/5593] Palmas de Monte Alto/BA… lat=-14.2636093 lon=-43.1649976
  [491/5593] Palmeiras/BA… lat=-12.5151234 lon=-41.5746054
  [492/5593] Paramirim/BA… lat=-13.4437218 lon=-42.2419768
  [493/5593] Paratinga/BA… lat=-12.6924590 lon=-43.1805318
  [494/5593] Paripiranga/BA… lat=-10.6817000 lon=-37.8648000
  [495/5593] Pau Brasil/BA… lat=-15.4645802 lon=-39.6518409
  [496/5593] Paulo Afonso/BA… lat=-9.3998562 lon=-38.2172818
  [497/5593] Pé de Serra/BA… lat=-11.8346273 lon=-39.6108675
  [498/5593] Pedrão/BA… lat=-12.1463049 lon=-38.6455146
  [499/5593] Pedro Alexandre/BA… lat=-10.0125378 lon=-37.8946666
  [500/5593] Piatã/BA… lat=-13.1535638 lon=-41.7743761
  [501/5593] Pilão Arcado/BA… lat=-9.9543153 lon=-43.0004637
  [502/5593] Pindaí/BA… lat=-14.4911899 lon=-42.6864686
  [503/5593] Pindobaçu/BA… lat=-10.7225294 lon=-40.3672342
  [504/5593] Pintadas/BA… lat=-11.8130420 lon=-39.9076005
  [505/5593] Piraí do Norte/BA… lat=-13.7613252 lon=-39.3743055
  [506/5593] Piripá/BA… lat=-14.9419863 lon=-41.7149815
  [507/5593] Piritiba/BA… lat=-11.7320314 lon=-40.5561536
  [508/5593] Planaltino/BA… lat=-13.2600789 lon=-40.3692123
  [509/5593] Planalto/BA… lat=-14.6688338 lon=-40.4750848
  [510/5593] Poções/BA… lat=-14.5274879 lon=-40.3665326
  [511/5593] Pojuca/BA… lat=-12.3592706 lon=-38.2442717
  [512/5593] Ponto Novo/BA… lat=-10.8642828 lon=-40.1328306
  [513/5593] Porto Seguro/BA… lat=-16.4434730 lon=-39.0642510
  [514/5593] Potiraguá/BA… lat=-15.5949961 lon=-39.8758439
  [515/5593] Prado/BA… lat=-17.3432883 lon=-39.2187741
  [516/5593] Presidente Dutra/BA… lat=-11.2959181 lon=-41.9871566
  [517/5593] Presidente Jânio Quadros/BA… lat=-14.6856960 lon=-41.6770097
  [518/5593] Presidente Tancredo Neves/BA… lat=-13.4528383 lon=-39.4208389
  [519/5593] Queimadas/BA… lat=-10.9807081 lon=-39.6249588
  [520/5593] Quijingue/BA… lat=-10.7513728 lon=-39.2075228
  [521/5593] Quixabeira/BA… lat=-11.4123294 lon=-40.1264724
  [522/5593] Rafael Jambeiro/BA… lat=-12.3988144 lon=-39.5020289
  [523/5593] Remanso/BA… lat=-9.6179416 lon=-42.0830557
  [524/5593] Retirolândia/BA… lat=-11.4943000 lon=-39.4272000
  [525/5593] Riachão das Neves/BA… lat=-11.7481049 lon=-44.9109851
  [526/5593] Riachão do Jacuípe/BA… lat=-11.8071084 lon=-39.3816843
  [527/5593] Riacho de Santana/BA… lat=-13.6100985 lon=-42.9355254
  [528/5593] Ribeira do Amparo/BA… lat=-10.9684984 lon=-38.4000770
  [529/5593] Ribeira do Pombal/BA… lat=-10.8357496 lon=-38.5368506
  [530/5593] Ribeirão do Largo/BA… lat=-15.4595390 lon=-40.7406222
  [531/5593] Rio de Contas/BA… lat=-13.5803333 lon=-41.8112152
  [532/5593] Rio do Antônio/BA… lat=-14.4073367 lon=-42.0767012
  [533/5593] Rio do Pires/BA… lat=-13.1252598 lon=-42.2901946
  [534/5593] Rio Real/BA… lat=-11.4845385 lon=-37.9320704
  [535/5593] Rodelas/BA… lat=-8.8474071 lon=-38.7672756
  [536/5593] Ruy Barbosa/BA… lat=-12.2856669 lon=-40.4958361
  [537/5593] Salinas da Margarida/BA… lat=-12.8733508 lon=-38.7593794
  [538/5593] Salvador/BA… lat=-12.9822499 lon=-38.4812772
  [539/5593] Santa Bárbara/BA… lat=-11.9543757 lon=-38.9736385
  [540/5593] Santa Brígida/BA… lat=-9.7369454 lon=-38.1295319
  [541/5593] Santa Cruz Cabrália/BA… lat=-16.2783928 lon=-39.0224899
  [542/5593] Santa Cruz da Vitória/BA… lat=-14.9614166 lon=-39.8099110
  [543/5593] Santa Inês/BA… lat=-13.2897697 lon=-39.8179701
  [544/5593] Santa Luzia/BA… lat=-15.4305646 lon=-39.3323724
  [545/5593] Santa Maria da Vitória/BA… lat=-13.3901477 lon=-44.2013167
  [546/5593] Santa Rita de Cássia/BA… lat=-10.9849378 lon=-44.5780907
  [547/5593] Santa Teresinha/BA… lat=-12.7695760 lon=-39.5231401
  [548/5593] Santaluz/BA… lat=-11.2505314 lon=-39.3746617
  [549/5593] Santana/BA… lat=-12.9792170 lon=-44.0506400
  [550/5593] Santanópolis/BA… lat=-12.0243828 lon=-38.8650365
  [551/5593] Santo Amaro/BA… lat=-12.5519686 lon=-38.7060448
  [552/5593] Santo Antônio de Jesus/BA… lat=-12.9689361 lon=-39.2609140
  [553/5593] Santo Estêvão/BA… lat=-12.4329122 lon=-39.2563877
  [554/5593] São desidério/BA… lat=-12.3571960 lon=-44.9768810
  [555/5593] São domingos/BA… lat=-11.4582436 lon=-39.5737994
  [556/5593] São Felipe/BA… lat=-12.8413439 lon=-39.0942048
  [557/5593] São Félix/BA… lat=-12.6069891 lon=-38.9695574
  [558/5593] São Félix do Coribe/BA… lat=-13.5502846 lon=-44.0518156
  [559/5593] São Francisco do Conde/BA… lat=-12.6281080 lon=-38.6811326
  [560/5593] São Gabriel/BA… lat=-11.2281863 lon=-41.8768254
  [561/5593] São Gonçalo dos Campos/BA… lat=-12.4339991 lon=-38.9488082
  [562/5593] São José da Vitória/BA… lat=-15.0790716 lon=-39.3365369
  [563/5593] São José do Jacuípe/BA… lat=-11.5040358 lon=-40.0256580
  [564/5593] São Miguel das Matas/BA… lat=-13.0477490 lon=-39.4554608
  [565/5593] São Sebastião do Passé/BA… lat=-12.5177926 lon=-38.4921566
  [566/5593] Sapeaçu/BA… lat=-12.7294438 lon=-39.1862263
  [567/5593] Sátiro Dias/BA… lat=-11.6033746 lon=-38.5814560
  [568/5593] Saubara/BA… lat=-12.7372926 lon=-38.7662996
  [569/5593] Saúde/BA… lat=-10.9071295 lon=-40.3601087
  [570/5593] Seabra/BA… lat=-12.4172071 lon=-41.7720510
  [571/5593] Sebastião Laranjeiras/BA… lat=-14.5700161 lon=-42.9442517
  [572/5593] Senhor do Bonfim/BA… lat=-10.4602509 lon=-40.1891510
  [573/5593] Sento Sé/BA… lat=-9.7406436 lon=-41.8830056
  [574/5593] Serra do Ramalho/BA… lat=-13.5442363 lon=-43.5773151
  [575/5593] Serra dourada/BA… lat=-12.7584180 lon=-43.9500907
  [576/5593] Serra Preta/BA… lat=-12.1589615 lon=-39.3320929
  [577/5593] Serrinha/BA… lat=-11.6619900 lon=-39.0034021
  [578/5593] Serrolândia/BA… lat=-11.4174351 lon=-40.2991890
  [579/5593] Simões Filho/BA… lat=-12.7867839 lon=-38.4030365
  [580/5593] Sítio do Mato/BA… lat=-13.0843136 lon=-43.4686989
  [581/5593] Sítio do Quinto/BA… lat=-10.3649405 lon=-38.2007858
  [582/5593] Sobradinho/BA… lat=-9.4697750 lon=-40.7957473
  [583/5593] Souto Soares/BA… lat=-11.9840909 lon=-41.8235955
  [584/5593] Tabocas do Brejo Velho/BA… lat=-12.7020751 lon=-44.0091066
  [585/5593] Tanhaçu/BA… lat=-14.0196620 lon=-41.2472710
  [586/5593] Tanque Novo/BA… lat=-13.5474243 lon=-42.4907587
  [587/5593] Tanquinho/BA… lat=-11.9747061 lon=-39.1057638
  [588/5593] Taperoá/BA… lat=-13.5373640 lon=-39.0986529
  [589/5593] Tapiramutá/BA… lat=-11.8447604 lon=-40.7970527
  [590/5593] Teixeira de Freitas/BA… lat=-17.5384774 lon=-39.7451701
  [591/5593] Teodoro Sampaio/BA… lat=-12.3053855 lon=-38.6408979
  [592/5593] Teofilândia/BA… lat=-11.4891658 lon=-38.9997411
  [593/5593] Teolândia/BA… lat=-13.6035750 lon=-39.4927143
  [594/5593] Terra Nova/BA… lat=-12.4069929 lon=-38.6191596
  [595/5593] Tremedal/BA… lat=-14.9772387 lon=-41.4110979
  [596/5593] Tucano/BA… lat=-10.9635170 lon=-38.7859570
  [597/5593] Uauá/BA… lat=-9.8414206 lon=-39.4819878
  [598/5593] Ubaíra/BA… lat=-13.2616682 lon=-39.6612866
  [599/5593] Ubaitaba/BA… lat=-14.3117771 lon=-39.3226605
  [600/5593] Ubatã/BA… lat=-14.2120020 lon=-39.5245924
  [601/5593] Uibaí/BA… lat=-11.4122270 lon=-42.0777595
  [602/5593] Umburanas/BA… lat=-10.7287520 lon=-41.3220445
  [603/5593] Una/BA… lat=-15.2936233 lon=-39.0740884
  [604/5593] Urandi/BA… lat=-14.7680766 lon=-42.6573988
  [605/5593] Uruçuca/BA… lat=-14.5913092 lon=-39.2862094
  [606/5593] Utinga/BA… lat=-12.0781018 lon=-41.0907870
  [607/5593] Valença/BA… lat=-13.3723582 lon=-39.0694243
  [608/5593] Valente/BA… lat=-11.4127335 lon=-39.4627304
  [609/5593] Várzea da Roça/BA… lat=-11.6062930 lon=-40.1346340
  [610/5593] Várzea do Poço/BA… lat=-11.5283388 lon=-40.3189070
  [611/5593] Várzea Nova/BA… lat=-11.2527934 lon=-40.9456569
  [612/5593] Varzedo/BA… lat=-12.9745346 lon=-39.3944723
  [613/5593] Vera Cruz/BA… lat=-12.9608153 lon=-38.6099216
  [614/5593] Vereda/BA… lat=-17.2240789 lon=-40.0861943
  [615/5593] Vitória da Conquista/BA… lat=-14.8567487 lon=-40.8414804
  [616/5593] Wagner/BA… lat=-12.2818593 lon=-41.1686734
  [617/5593] Wanderley/BA… lat=-12.1208986 lon=-43.8905685
  [618/5593] Wenceslau Guimarães/BA… lat=-13.6866356 lon=-39.4791220
  [619/5593] Xique-Xique/BA… lat=-10.9068575 lon=-42.7547194
  [620/5593] Abaiara/CE… lat=-7.3607808 lon=-39.0487878
  [621/5593] Acarape/CE… lat=-4.2241850 lon=-38.7046820
  [622/5593] Acaraú/CE… lat=-2.8869514 lon=-40.1194713
  [623/5593] Acopiara/CE… lat=-6.0936464 lon=-39.4543204
  [624/5593] Aiuaba/CE… lat=-6.5710836 lon=-40.1212278
  [625/5593] Alcântaras/CE… lat=-3.5862470 lon=-40.5457641
  [626/5593] Altaneira/CE… lat=-6.9980933 lon=-39.7385742
  [627/5593] Alto Santo/CE… lat=-5.5190371 lon=-38.2719351
  [628/5593] Amontada/CE… lat=-3.3634586 lon=-39.8284791
  [629/5593] Antonina do Norte/CE… lat=-6.7623456 lon=-39.9818801
  [630/5593] Apuiarés/CE… lat=-3.9460303 lon=-39.4313298
  [631/5593] Aquiraz/CE… lat=-3.9063117 lon=-38.3875040
  [632/5593] Aracati/CE… lat=-4.5582590 lon=-37.7678940
  [633/5593] Aracoiaba/CE… lat=-4.3702577 lon=-38.8084313
  [634/5593] Ararendá/CE… lat=-4.7504395 lon=-40.8303611
  [635/5593] Araripe/CE… lat=-7.2128610 lon=-40.1359222
  [636/5593] Aratuba/CE… lat=-4.4195958 lon=-39.0463737
  [637/5593] Arneiroz/CE… lat=-6.3235099 lon=-40.1603859
  [638/5593] Assaré/CE… lat=-6.8746791 lon=-39.8741385
  [639/5593] Aurora/CE… lat=-6.9426019 lon=-38.9693765
  [640/5593] Baixio/CE… lat=-6.7310280 lon=-38.7178080
  [641/5593] Banabuiú/CE… lat=-5.3041510 lon=-38.9197719
  [642/5593] Barbalha/CE… lat=-7.3121067 lon=-39.3036427
  [643/5593] Barreira/CE… lat=-4.2883361 lon=-38.6410940
  [644/5593] Barro/CE… lat=-7.1787580 lon=-38.7793310
  [645/5593] Barroquinha/CE… lat=-3.0200371 lon=-41.1339229
  [646/5593] Baturité/CE… lat=-4.3290203 lon=-38.8821055
  [647/5593] Beberibe/CE… lat=-4.1810469 lon=-38.1298101
  [648/5593] Bela Cruz/CE… lat=-3.0529129 lon=-40.1675820
  [649/5593] Boa Viagem/CE… lat=-5.1261877 lon=-39.7300055
  [650/5593] Brejo Santo/CE… lat=-7.4909841 lon=-38.9859152
  [651/5593] Camocim/CE… lat=-2.9009918 lon=-40.8427389
  [652/5593] Campos Sales/CE… lat=-7.0750814 lon=-40.3830178
  [653/5593] Canindé/CE… lat=-4.4035777 lon=-39.4236161
  [654/5593] Capistrano/CE… lat=-4.4688720 lon=-38.9007890
  [655/5593] Caridade/CE… lat=-4.2316487 lon=-39.1946515
  [656/5593] Cariré/CE… lat=-3.9485840 lon=-40.4760280
  [657/5593] Caririaçu/CE… lat=-7.0417053 lon=-39.2835527
  [658/5593] Cariús/CE… lat=-6.5348688 lon=-39.4966658
  [659/5593] Carnaubal/CE… lat=-4.1611842 lon=-40.9412317
  [660/5593] Cascavel/CE… lat=-4.1296660 lon=-38.2411780
  [661/5593] Catarina/CE… lat=-6.1350080 lon=-39.8761530
  [662/5593] Catunda/CE… lat=-4.6494224 lon=-40.2002603
  [663/5593] Caucaia/CE… lat=-3.7717370 lon=-38.7905693
  [664/5593] Cedro/CE… lat=-6.6065382 lon=-39.0599487
  [665/5593] Chaval/CE… lat=-3.0339874 lon=-41.2438452
  [666/5593] Choró/CE… lat=-4.8435726 lon=-39.1393071
  [667/5593] Chorozinho/CE… lat=-4.3031962 lon=-38.4693006
  [668/5593] Coreaú/CE… lat=-3.5519794 lon=-40.6528409
  [669/5593] Crateús/CE… lat=-5.2089469 lon=-40.6674604
  [670/5593] Crato/CE… lat=-7.2885006 lon=-39.4820298
  [671/5593] Croatá/CE… lat=-4.4131730 lon=-40.9025350
  [672/5593] Cruz/CE… lat=-2.8851013 lon=-40.3016492
  [673/5593] deputado Irapuan Pinheiro/CE… lat=-5.9173532 lon=-39.2672104
  [674/5593] Ererê/CE… lat=-6.0311304 lon=-38.3482173
  [675/5593] Eusébio/CE… lat=-3.8931690 lon=-38.4634610
  [676/5593] Farias Brito/CE… lat=-6.9272823 lon=-39.5714222
  [677/5593] Forquilha/CE… lat=-3.7994470 lon=-40.2634050
  [678/5593] Fortaleza/CE… lat=-3.7932167 lon=-38.5280359
  [679/5593] Fortim/CE… lat=-4.4512560 lon=-37.7980560
  [680/5593] Frecheirinha/CE… lat=-3.7609890 lon=-40.8142060
  [681/5593] General Sampaio/CE… lat=-4.0514560 lon=-39.4506330
  [682/5593] Graça/CE… lat=-4.0453849 lon=-40.7527195
  [683/5593] Granja/CE… lat=-3.1212057 lon=-40.8284124
  [684/5593] Granjeiro/CE… lat=-6.8889524 lon=-39.2179315
  [685/5593] Groaíras/CE… lat=-3.9157768 lon=-40.3855093
  [686/5593] Guaiúba/CE… lat=-4.0412656 lon=-38.6369079
  [687/5593] Guaraciaba do Norte/CE… lat=-4.1632924 lon=-40.7495985
  [688/5593] Guaramiranga/CE… lat=-4.2615229 lon=-38.9339713
  [689/5593] Hidrolândia/CE… lat=-4.4084745 lon=-40.4065472
  [690/5593] Horizonte/CE… lat=-4.0939592 lon=-38.4626114
  [691/5593] Ibaretama/CE… lat=-4.8194345 lon=-38.8208476
  [692/5593] Ibiapina/CE… lat=-3.9228792 lon=-40.8890296
  [693/5593] Ibicuitinga/CE… lat=-4.9751759 lon=-38.6368754
  [694/5593] Icapuí/CE… lat=-4.7158474 lon=-37.3535365
  [695/5593] Icó/CE… lat=-6.4003992 lon=-38.8575946
  [696/5593] Iguatu/CE… lat=-6.3619340 lon=-39.2972233
  [697/5593] Independência/CE… lat=-5.4966182 lon=-40.3547098
  [698/5593] Ipaporanga/CE… lat=-4.9032270 lon=-40.7600790
  [699/5593] Ipaumirim/CE… lat=-6.7883197 lon=-38.7172034
  [700/5593] Ipu/CE… lat=-4.3239824 lon=-40.7097463
  [701/5593] Ipueiras/CE… lat=-4.5427141 lon=-40.7168461
  [702/5593] Iracema/CE… lat=-5.8106219 lon=-38.3028294
  [703/5593] Irauçuba/CE… lat=-3.7466828 lon=-39.7840904
  [704/5593] Itaiçaba/CE… lat=-4.6757080 lon=-37.8210750
  [705/5593] Itaitinga/CE… lat=-3.9657680 lon=-38.5297630
  [706/5593] Itapajé/CE… lat=-3.6841324 lon=-39.5851265
  [707/5593] Itapipoca/CE… lat=-3.3671279 lon=-39.6159459
  [708/5593] Itapiúna/CE… lat=-4.5654191 lon=-38.9211537
  [709/5593] Itarema/CE… lat=-2.9224684 lon=-39.9152184
  [710/5593] Itatira/CE… lat=-4.5305504 lon=-39.6210481
  [711/5593] Jaguaretama/CE… lat=-5.6092417 lon=-38.7630077
  [712/5593] Jaguaribara/CE… lat=-5.4544940 lon=-38.4679295
  [713/5593] Jaguaribe/CE… lat=-5.8854585 lon=-38.6212957
  [714/5593] Jaguaruana/CE… lat=-4.8315080 lon=-37.7809970
  [715/5593] Jardim/CE… lat=-7.5838966 lon=-39.2797130
  [716/5593] Jati/CE… lat=-7.6894344 lon=-39.0060740
  [717/5593] Jijoca de Jericoacoara/CE… lat=-2.8986278 lon=-40.4506081
  [718/5593] Juazeiro do Norte/CE… lat=-7.2153453 lon=-39.3153336
  [719/5593] Jucás/CE… lat=-6.5224934 lon=-39.5247183
  [720/5593] Lavras da Mangabeira/CE… lat=-6.7519554 lon=-38.9634019
  [721/5593] Limoeiro do Norte/CE… lat=-5.1455607 lon=-38.0984936
  [722/5593] Madalena/CE… lat=-4.8542961 lon=-39.5766436
  [723/5593] Maracanaú/CE… lat=-3.8779438 lon=-38.6247697
  [724/5593] Maranguape/CE… lat=-3.9872895 lon=-38.7487722
  [725/5593] Marco/CE… lat=-3.1835944 lon=-40.1578891
  [726/5593] Martinópole/CE… lat=-3.2235114 lon=-40.6958832
  [727/5593] Massapê/CE… lat=-3.5239058 lon=-40.3423107
  [728/5593] Mauriti/CE… lat=-7.4238884 lon=-38.7299743
  [729/5593] Meruoca/CE… lat=-3.5390209 lon=-40.4546107
  [730/5593] Milagres/CE… lat=-7.3106846 lon=-38.9447146
  [731/5593] Milhã/CE… lat=-5.6834601 lon=-39.1970885
  [732/5593] Miraíma/CE… lat=-3.5686740 lon=-39.9662670
  [733/5593] Missão Velha/CE… lat=-7.2484910 lon=-39.1434843
  [734/5593] Mombaça/CE… lat=-5.8402583 lon=-39.7395489
  [735/5593] Monsenhor Tabosa/CE… lat=-4.7879512 lon=-40.0639490
  [736/5593] Morada Nova/CE… lat=-5.1076699 lon=-38.3727852
  [737/5593] Moraújo/CE… lat=-3.4657654 lon=-40.6791460
  [738/5593] Morrinhos/CE… lat=-3.2828004 lon=-40.0953517
  [739/5593] Mucambo/CE… lat=-3.9043285 lon=-40.7454425
  [740/5593] Mulungu/CE… lat=-4.3052327 lon=-38.9957787
  [741/5593] Nova Olinda/CE… lat=-7.0934174 lon=-39.6789815
  [742/5593] Nova Russas/CE… lat=-4.7116991 lon=-40.5463520
  [743/5593] Novo Oriente/CE… lat=-5.5988383 lon=-40.7644595
  [744/5593] Ocara/CE… lat=-4.4910653 lon=-38.5964829
  [745/5593] Orós/CE… lat=-6.2427541 lon=-38.9141151
  [746/5593] Pacajus/CE… lat=-4.1710730 lon=-38.4649880
  [747/5593] Pacatuba/CE… lat=-3.9841000 lon=-38.6180383
  [748/5593] Pacoti/CE… lat=-4.2253561 lon=-38.9208352
  [749/5593] Pacujá/CE… lat=-3.9802066 lon=-40.6986251
  [750/5593] Palhano/CE… lat=-4.7449408 lon=-37.9608401
  [751/5593] Palmácia/CE… lat=-4.1478012 lon=-38.8460317
  [752/5593] Paracuru/CE… lat=-3.4143600 lon=-39.0300280
  [753/5593] Paraipaba/CE… lat=-3.4379870 lon=-39.1478680
  [754/5593] Parambu/CE… lat=-6.2974413 lon=-40.6937691
  [755/5593] Paramoti/CE… lat=-4.0964461 lon=-39.2390411
  [756/5593] Pedra Branca/CE… lat=-5.4556740 lon=-39.7166286
  [757/5593] Penaforte/CE… lat=-7.8288372 lon=-39.0751908
  [758/5593] Pentecoste/CE… lat=-3.7950248 lon=-39.2670733
  [759/5593] Pereiro/CE… lat=-6.0462690 lon=-38.4604192
  [760/5593] Pindoretama/CE… lat=-4.0265183 lon=-38.3066829
  [761/5593] Piquet Carneiro/CE… lat=-5.8002510 lon=-39.4170170
  [762/5593] Pires Ferreira/CE… lat=-4.2453181 lon=-40.6437501
  [763/5593] Poranga/CE… lat=-4.7992863 lon=-41.0565332
  [764/5593] Porteiras/CE… lat=-7.5341572 lon=-39.1153149
  [765/5593] Potengi/CE… lat=-7.0915205 lon=-40.0268241
  [766/5593] Potiretama/CE… lat=-5.7226924 lon=-38.1541070
  [767/5593] Quiterianópolis/CE… lat=-5.8908398 lon=-40.7859894
  [768/5593] Quixadá/CE… lat=-4.9160786 lon=-39.0293634
  [769/5593] Quixelô/CE… lat=-6.2511238 lon=-39.1995458
  [770/5593] Quixeramobim/CE… lat=-5.1983553 lon=-39.2955573
  [771/5593] Quixeré/CE… lat=-5.0742841 lon=-37.9892825
  [772/5593] Redenção/CE… lat=-4.2243979 lon=-38.7278461
  [773/5593] Reriutaba/CE… lat=-4.1418352 lon=-40.5824356
  [774/5593] Russas/CE… lat=-4.9354279 lon=-37.9783838
  [775/5593] Saboeiro/CE… lat=-6.5395640 lon=-39.9047802
  [776/5593] Salitre/CE… lat=-7.2854450 lon=-40.4573060
  [777/5593] Santa Quitéria/CE… lat=-4.3336553 lon=-40.1544913
  [778/5593] Santana do Acaraú/CE… lat=-3.4596492 lon=-40.2090987
  [779/5593] Santana do Cariri/CE… lat=-7.1861693 lon=-39.7374262
  [780/5593] São Benedito/CE… lat=-4.0484353 lon=-40.8646009
  [781/5593] São Gonçalo do Amarante/CE… lat=-3.6099755 lon=-38.9687182
  [782/5593] São João do Jaguaribe/CE… lat=-5.2719441 lon=-38.2719930
  [783/5593] São Luís do Curu/CE… lat=-3.6723990 lon=-39.2364881
  [784/5593] Senador Pompeu/CE… lat=-5.5874386 lon=-39.3730901
  [785/5593] Senador Sá/CE… lat=-3.2791669 lon=-40.4231328
  [786/5593] Sobral/CE… lat=-3.8565437 lon=-40.0438895
  [787/5593] Solonópole/CE… lat=-5.7329092 lon=-39.0098669
  [788/5593] Tabuleiro do Norte/CE… lat=-5.2440865 lon=-38.1284605
  [789/5593] Tamboril/CE… lat=-4.8801815 lon=-40.3260070
  [790/5593] Tarrafas/CE… lat=-6.6819901 lon=-39.7575709
  [791/5593] Tauá/CE… lat=-6.0017250 lon=-40.2948250
  [792/5593] Tejuçuoca/CE… lat=-3.9884273 lon=-39.5797395
  [793/5593] Tianguá/CE… lat=-3.6583045 lon=-40.9607223
  [794/5593] Trairi/CE… lat=-3.2777494 lon=-39.2680677
  [795/5593] Tururu/CE… lat=-3.5985489 lon=-39.4358101
  [796/5593] Ubajara/CE… lat=-3.8534468 lon=-40.9185642
  [797/5593] Umari/CE… lat=-6.6465102 lon=-38.6995155
  [798/5593] Umirim/CE… lat=-3.6777738 lon=-39.3487250
  [799/5593] Uruburetama/CE… lat=-3.6235302 lon=-39.5050697
  [800/5593] Uruoca/CE… lat=-3.3147591 lon=-40.5589570
  [801/5593] Varjota/CE… lat=-4.1958345 lon=-40.4735305
  [802/5593] Várzea Alegre/CE… lat=-6.7902090 lon=-39.2972700
  [803/5593] Viçosa do Ceará/CE… lat=-3.5667684 lon=-41.0915040
  [804/5593] Brasília/DF… lat=-15.7939869 lon=-47.8828000
  [805/5593] Afonso Cláudio/ES… lat=-20.0744817 lon=-41.1251335
  [806/5593] Água doce do Norte/ES… lat=-18.5482200 lon=-40.9790120
  [807/5593] Águia Branca/ES… lat=-18.9847265 lon=-40.7391844
  [808/5593] Alegre/ES… lat=-20.7625787 lon=-41.5318886
  [809/5593] Alfredo Chaves/ES… lat=-20.6356507 lon=-40.7484424
  [810/5593] Alto Rio Novo/ES… lat=-19.0577208 lon=-41.0171518
  [811/5593] Anchieta/ES… lat=-20.8057672 lon=-40.6454564
  [812/5593] Apiacá/ES… lat=-21.1522720 lon=-41.5692970
  [813/5593] Aracruz/ES… lat=-19.8245218 lon=-40.2735025
  [814/5593] Atilio Vivacqua/ES… lat=-20.9156033 lon=-41.1945658
  [815/5593] Baixo Guandu/ES… lat=-19.5138322 lon=-41.0182089
  [816/5593] Barra de São Francisco/ES… lat=-18.7570902 lon=-40.8916119
  [817/5593] Boa Esperança/ES… lat=-18.5395472 lon=-40.2904088
  [818/5593] Bom Jesus do Norte/ES… lat=-21.1254776 lon=-41.6711646
  [819/5593] Brejetuba/ES… lat=-20.1465817 lon=-41.2902303
  [820/5593] Cachoeiro de Itapemirim/ES… lat=-20.8480840 lon=-41.1112900
  [821/5593] Cariacica/ES… lat=-20.2632020 lon=-40.4165490
  [822/5593] Castelo/ES… lat=-20.6022098 lon=-41.2032124
  [823/5593] Colatina/ES… lat=-19.5346732 lon=-40.6287836
  [824/5593] Conceição da Barra/ES… lat=-18.5841421 lon=-39.7371844
  [825/5593] Conceição do Castelo/ES… lat=-20.3601311 lon=-41.2470343
  [826/5593] Divino de São Lourenço/ES… lat=-20.6224575 lon=-41.6853124
  [827/5593] domingos Martins/ES… lat=-20.3646483 lon=-40.6585797
  [828/5593] dores do Rio Preto/ES… lat=-20.6907113 lon=-41.8463850
  [829/5593] Ecoporanga/ES… lat=-18.3720918 lon=-40.8321351
  [830/5593] Fundão/ES… lat=-19.9332174 lon=-40.4049674
  [831/5593] Governador Lindenberg/ES… lat=-19.2507880 lon=-40.4630612
  [832/5593] Guaçuí/ES… lat=-20.7718645 lon=-41.6754813
  [833/5593] Guarapari/ES… lat=-20.6718755 lon=-40.4984617
  [834/5593] Ibatiba/ES… lat=-20.2342792 lon=-41.5082981
  [835/5593] Ibiraçu/ES… lat=-19.8309496 lon=-40.3686594
  [836/5593] Ibitirama/ES… lat=-20.5394377 lon=-41.6644451
  [837/5593] Iconha/ES… lat=-20.7935003 lon=-40.8108852
  [838/5593] Irupi/ES… lat=-20.3464790 lon=-41.6392581
  [839/5593] Itaguaçu/ES… lat=-19.8032523 lon=-40.8564458
  [840/5593] Itapemirim/ES… lat=-21.0105534 lon=-40.8351239
  [841/5593] Itarana/ES… lat=-19.8748185 lon=-40.8762716
  [842/5593] Iúna/ES… lat=-20.3427029 lon=-41.5360386
  [843/5593] Jaguaré/ES… lat=-18.9058375 lon=-40.0710964
  [844/5593] Jerônimo Monteiro/ES… lat=-20.7881687 lon=-41.3920954
  [845/5593] João Neiva/ES… lat=-19.7570307 lon=-40.3856633
  [846/5593] Laranja da Terra/ES… lat=-19.9000548 lon=-41.0567612
  [847/5593] Linhares/ES… lat=-19.3796775 lon=-40.0610087
  [848/5593] Mantenópolis/ES… lat=-18.8626177 lon=-41.1224012
  [849/5593] Marataízes/ES… lat=-21.0443673 lon=-40.8272204
  [850/5593] Marechal Floriano/ES… lat=-20.4124966 lon=-40.6749858
  [851/5593] Marilândia/ES… lat=-19.4117824 lon=-40.5442916
  [852/5593] Mimoso do Sul/ES… lat=-21.0628724 lon=-41.3640478
  [853/5593] Montanha/ES… lat=-18.1263191 lon=-40.3641584
  [854/5593] Mucurici/ES… lat=-18.0940112 lon=-40.5184761
  [855/5593] Muniz Freire/ES… lat=-20.4636068 lon=-41.4137007
  [856/5593] Muqui/ES… lat=-20.9509368 lon=-41.3444285
  [857/5593] Nova Venécia/ES… lat=-18.7082544 lon=-40.4000087
  [858/5593] Pancas/ES… lat=-19.2239225 lon=-40.8502555
  [859/5593] Pedro Canário/ES… lat=-18.2993128 lon=-39.9549993
  [860/5593] Pinheiros/ES… lat=-18.4124694 lon=-40.2147939
  [861/5593] Piúma/ES… lat=-20.8375312 lon=-40.7271589
  [862/5593] Ponto Belo/ES… lat=-18.1227076 lon=-40.5392272
  [863/5593] Presidente Kennedy/ES… lat=-21.0998837 lon=-41.0450380
  [864/5593] Rio Bananal/ES… lat=-19.2614413 lon=-40.3353272
  [865/5593] Rio Novo do Sul/ES… lat=-20.8641487 lon=-40.9384378
  [866/5593] Santa Leopoldina/ES… lat=-20.0987046 lon=-40.5269434
  [867/5593] Santa Maria de Jetibá/ES… lat=-20.0252960 lon=-40.7439310
  [868/5593] Santa Teresa/ES… lat=-19.9363390 lon=-40.5979450
  [869/5593] São domingos do Norte/ES… lat=-19.1461276 lon=-40.6214803
  [870/5593] São Gabriel da Palha/ES… lat=-19.0148349 lon=-40.5394640
  [871/5593] São José do Calçado/ES… lat=-21.0271161 lon=-41.6540690
  [872/5593] São Mateus/ES… lat=-18.7146049 lon=-39.8539499
  [873/5593] São Roque do Canaã/ES… lat=-19.7385942 lon=-40.6598575
  [874/5593] Serra/ES… lat=-20.1252961 lon=-40.3064477
  [875/5593] Sooretama/ES… lat=-19.1918129 lon=-40.1037067
  [876/5593] Vargem Alta/ES… lat=-20.6733324 lon=-41.0107231
  [877/5593] Venda Nova do Imigrante/ES… lat=-20.3325787 lon=-41.1295842
  [878/5593] Viana/ES… lat=-20.3914471 lon=-40.4966587
  [879/5593] Vila Pavão/ES… lat=-18.6191731 lon=-40.6043622
  [880/5593] Vila Valério/ES… lat=-18.9984033 lon=-40.3894342
  [881/5593] Vila Velha/ES… lat=-20.3297037 lon=-40.2920174
  [882/5593] Vitória/ES… lat=-20.3200917 lon=-40.3376682
  [883/5593] Abadia de Goiás/GO… lat=-16.7584000 lon=-49.4383000
  [884/5593] Abadiânia/GO… lat=-16.1940946 lon=-48.7067767
  [885/5593] Acreúna/GO… lat=-17.3959899 lon=-50.3749031
  [886/5593] Adelândia/GO… lat=-16.4155077 lon=-50.1665834
  [887/5593] Água Fria de Goiás/GO… lat=-14.9803368 lon=-47.7824312
  [888/5593] Água Limpa/GO… lat=-18.0755648 lon=-48.7620637
  [889/5593] Águas Lindas de Goiás/GO… lat=-15.7392283 lon=-48.2793357
  [890/5593] Alexânia/GO… lat=-16.0834049 lon=-48.5077803
  [891/5593] Aloândia/GO… lat=-17.7277983 lon=-49.4809338
  [892/5593] Alto Horizonte/GO… lat=-14.1954948 lon=-49.3366993
  [893/5593] Alto Paraíso de Goiás/GO… lat=-14.1304779 lon=-47.5100161
  [894/5593] Alvorada do Norte/GO… lat=-14.4839110 lon=-46.4959897
  [895/5593] Amaralina/GO… lat=-13.9236199 lon=-49.2962411
  [896/5593] Americano do Brasil/GO… lat=-16.2515808 lon=-49.9806104
  [897/5593] Amorinópolis/GO… lat=-16.6211308 lon=-51.0949921
  [898/5593] Anápolis/GO… lat=-16.3332828 lon=-48.9525756
  [899/5593] Anhanguera/GO… lat=-18.3338749 lon=-48.2203630
  [900/5593] Anicuns/GO… lat=-16.4029601 lon=-49.9884996
  [901/5593] Aparecida de Goiânia/GO… lat=-16.8226769 lon=-49.2452546
  [902/5593] Aparecida do Rio doce/GO… lat=-18.2980167 lon=-51.1491312
  [903/5593] Aporé/GO… lat=-18.9642193 lon=-51.9280400
  [904/5593] Araçu/GO… lat=-16.3561579 lon=-49.6815269
  [905/5593] Aragarças/GO… lat=-15.9877820 lon=-52.2021352
  [906/5593] Aragoiânia/GO… lat=-16.9146388 lon=-49.4499148
  [907/5593] Araguapaz/GO… lat=-15.0937927 lon=-50.6264170
  [908/5593] Arenópolis/GO… lat=-16.3859286 lon=-51.5593700
  [909/5593] Aruanã/GO… lat=-14.9162439 lon=-51.0715692
  [910/5593] Aurilândia/GO… lat=-16.6772599 lon=-50.4641231
  [911/5593] Avelinópolis/GO… lat=-16.4672409 lon=-49.7578661
  [912/5593] Baliza/GO… lat=-16.1978119 lon=-52.5427890
  [913/5593] Barro Alto/GO… lat=-14.9696025 lon=-48.9190985
  [914/5593] Bela Vista de Goiás/GO… lat=-16.9692949 lon=-48.9513071
  [915/5593] Bom Jardim de Goiás/GO… lat=-16.2062659 lon=-52.1727930
  [916/5593] Bom Jesus de Goiás/GO… lat=-18.2174587 lon=-49.7397210
  [917/5593] Bonfinópolis/GO… lat=-16.6172709 lon=-48.9615701
  [918/5593] Bonópolis/GO… lat=-13.6493310 lon=-49.8329113
  [919/5593] Brazabrantes/GO… lat=-16.4291635 lon=-49.3858216
  [920/5593] Britânia/GO… lat=-15.2427599 lon=-51.1602061
  [921/5593] Buriti Alegre/GO… lat=-18.1377879 lon=-49.0404411
  [922/5593] Buriti de Goiás/GO… lat=-16.1806440 lon=-50.4287479
  [923/5593] Buritinópolis/GO… lat=-14.4573758 lon=-46.4304568
  [924/5593] Cabeceiras/GO… lat=-15.7995459 lon=-46.9264991
  [925/5593] Cachoeira Alta/GO… lat=-18.7618269 lon=-50.9432431
  [926/5593] Cachoeira de Goiás/GO… lat=-16.6688414 lon=-50.6435997
  [927/5593] Cachoeira dourada/GO… lat=-18.4934204 lon=-49.4810620
  [928/5593] Caçu/GO… lat=-18.5637222 lon=-51.1369685
  [929/5593] Caiapônia/GO… lat=-16.9538779 lon=-51.8090761
  [930/5593] Caldas Novas/GO… lat=-17.7450000 lon=-48.6250000
  [931/5593] Caldazinha/GO… lat=-16.7116649 lon=-49.0012601
  [932/5593] Campestre de Goiás/GO… lat=-16.7624179 lon=-49.6949700
  [933/5593] Campinaçu/GO… lat=-13.7869969 lon=-48.5703841
  [934/5593] Campinorte/GO… lat=-14.3104574 lon=-49.1552173
  [935/5593] Campo Alegre de Goiás/GO… lat=-17.6337896 lon=-47.7792910
  [936/5593] Campo Limpo de Goiás/GO… lat=-16.2971010 lon=-49.0894994
  [937/5593] Campos Belos/GO… lat=-13.0349839 lon=-46.7681120
  [938/5593] Campos Verdes/GO… lat=-14.2709062 lon=-49.6574600
  [939/5593] Carmo do Rio Verde/GO… lat=-15.3549139 lon=-49.7079750
  [940/5593] Castelândia/GO… lat=-18.0890620 lon=-50.2207980
  [941/5593] Catalão/GO… lat=-18.1702546 lon=-47.9447082
  [942/5593] Caturaí/GO… lat=-16.4473559 lon=-49.4919149
  [943/5593] Cavalcante/GO… lat=-13.7928414 lon=-47.4568521
  [944/5593] Ceres/GO… lat=-15.3103568 lon=-49.6032054
  [945/5593] Cezarina/GO… lat=-16.9718289 lon=-49.7758140
  [946/5593] Chapadão do Céu/GO… lat=-18.3951972 lon=-52.6670783
  [947/5593] Cidade Ocidental/GO… lat=-16.1000758 lon=-47.9445014
  [948/5593] Cocalzinho de Goiás/GO… lat=-15.7762854 lon=-48.7730427
  [949/5593] Colinas do Sul/GO… lat=-14.1555935 lon=-48.0729958
  [950/5593] Córrego do Ouro/GO… lat=-16.2960629 lon=-50.5512216
  [951/5593] Corumbá de Goiás/GO… lat=-15.9244180 lon=-48.8076287
  [952/5593] Corumbaíba/GO… lat=-18.1348982 lon=-48.5642230
  [953/5593] Cristalina/GO… lat=-16.7680599 lon=-47.6133427
  [954/5593] Cristianópolis/GO… lat=-17.2010889 lon=-48.7060055
  [955/5593] Crixás/GO… lat=-14.5424536 lon=-49.9694813
  [956/5593] Cromínia/GO… lat=-17.2891983 lon=-49.3749654
  [957/5593] Cumari/GO… lat=-18.2644369 lon=-48.1511341
  [958/5593] damianópolis/GO… lat=-14.5603809 lon=-46.1780241
  [959/5593] damolândia/GO… lat=-16.2548322 lon=-49.3675277
  [960/5593] davinópolis/GO… lat=-18.1536888 lon=-47.5624052
  [961/5593] Diorama/GO… lat=-16.2359735 lon=-51.2578729
  [962/5593] Divinópolis de Goiás/GO… lat=-13.2905914 lon=-46.3950744
  [963/5593] doverlândia/GO… lat=-16.7210996 lon=-52.3138104
  [964/5593] Edealina/GO… lat=-17.4239419 lon=-49.6644011
  [965/5593] Edéia/GO… lat=-17.3407253 lon=-49.9292351
  [966/5593] Estrela do Norte/GO… lat=-13.8687665 lon=-49.0690546
  [967/5593] Faina/GO… lat=-15.4458005 lon=-50.3633826
  [968/5593] Fazenda Nova/GO… lat=-16.1856020 lon=-50.7795674
  [969/5593] Firminópolis/GO… lat=-16.5753264 lon=-50.3011286
  [970/5593] Flores de Goiás/GO… lat=-14.4580291 lon=-47.0395396
  [971/5593] Formosa/GO… lat=-15.5492443 lon=-47.3301212
  [972/5593] Formoso/GO… lat=-13.6499059 lon=-48.8775481
  [973/5593] Gameleira de Goiás/GO… lat=-16.4853739 lon=-48.6454100
  [974/5593] Goianápolis/GO… lat=-16.5071038 lon=-49.0213217
  [975/5593] Goiandira/GO… lat=-18.1355157 lon=-48.0871630
  [976/5593] Goianésia/GO… lat=-15.3118269 lon=-49.1162001
  [977/5593] Goiânia/GO… lat=-16.6808820 lon=-49.2532691
  [978/5593] Goianira/GO… lat=-16.5001973 lon=-49.4254788
  [979/5593] Goiás/GO… lat=-15.9408902 lon=-50.1465398
  [980/5593] Goiatuba/GO… lat=-18.0154577 lon=-49.3640591
  [981/5593] Gouvelândia/GO… lat=-18.4425949 lon=-50.1365172
  [982/5593] Guapó/GO… lat=-16.8308602 lon=-49.5343721
  [983/5593] Guaraíta/GO… lat=-15.6318094 lon=-50.0288807
  [984/5593] Guarani de Goiás/GO… lat=-13.9393794 lon=-46.4781536
  [985/5593] Guarinos/GO… lat=-14.7323527 lon=-49.7013939
  [986/5593] Heitoraí/GO… lat=-15.7189859 lon=-49.8268260
  [987/5593] Hidrolândia/GO… lat=-16.9671342 lon=-49.2282600
  [988/5593] Hidrolina/GO… lat=-14.7222240 lon=-49.4694448
  [989/5593] Iaciara/GO… lat=-14.1014906 lon=-46.6343388
  [990/5593] Inaciolândia/GO… lat=-18.4864065 lon=-49.9887805
  [991/5593] Indiara/GO… lat=-17.1387389 lon=-49.9861621
  [992/5593] Inhumas/GO… lat=-16.3610569 lon=-49.5001110
  [993/5593] Ipameri/GO… lat=-17.7215439 lon=-48.1581180
  [994/5593] Ipiranga de Goiás/GO… lat=-15.1744391 lon=-49.6733825
  [995/5593] Iporá/GO… lat=-16.4407981 lon=-51.1181188
  [996/5593] Israelândia/GO… lat=-16.3165217 lon=-50.9046315
  [997/5593] Itaberaí/GO… lat=-16.0205509 lon=-49.8060341
  [998/5593] Itaguari/GO… lat=-15.9180439 lon=-49.6070841
  [999/5593] Itaguaru/GO… lat=-15.7613695 lon=-49.6337242
  [1000/5593] Itajá/GO… lat=-19.0673379 lon=-51.5495141
  [1001/5593] Itapaci/GO… lat=-14.9522349 lon=-49.5511221
  [1002/5593] Itapirapuã/GO… lat=-15.8204999 lon=-50.6094341
  [1003/5593] Itapuranga/GO… lat=-15.5605889 lon=-49.9489571
  [1004/5593] Itarumã/GO… lat=-18.7645529 lon=-51.3485160
  [1005/5593] Itauçu/GO… lat=-16.2035995 lon=-49.6059971
  [1006/5593] Itumbiara/GO… lat=-18.4135862 lon=-49.2172596
  [1007/5593] Ivolândia/GO… lat=-16.6050122 lon=-50.7923740
  [1008/5593] Jandaia/GO… lat=-17.0479665 lon=-50.1475485
  [1009/5593] Jaraguá/GO… lat=-15.7528866 lon=-49.3344033
  [1010/5593] Jataí/GO… lat=-17.8856178 lon=-51.7202967
  [1011/5593] Jaupaci/GO… lat=-16.1841736 lon=-50.9522616
  [1012/5593] Jesúpolis/GO… lat=-15.9545513 lon=-49.3748004
  [1013/5593] Joviânia/GO… lat=-17.8063651 lon=-49.6236450
  [1014/5593] Jussara/GO… lat=-15.8748130 lon=-50.8674310
  [1015/5593] Lagoa Santa/GO… lat=-19.1832417 lon=-51.3998026
  [1016/5593] Leopoldo de Bulhões/GO… lat=-16.6190479 lon=-48.7427550
  [1017/5593] Luziânia/GO… lat=-16.2535456 lon=-47.9500276
  [1018/5593] Mairipotaba/GO… lat=-17.2949694 lon=-49.4960906
  [1019/5593] Mambaí/GO… lat=-14.4970828 lon=-46.1115108
  [1020/5593] Mara Rosa/GO… lat=-14.0148159 lon=-49.1776521
  [1021/5593] Marzagão/GO… lat=-17.9805970 lon=-48.6430322
  [1022/5593] Matrinchã/GO… lat=-15.4357441 lon=-50.7492680
  [1023/5593] Maurilândia/GO… lat=-17.9718589 lon=-50.3388361
  [1024/5593] Mimoso de Goiás/GO… lat=-15.0584959 lon=-48.1616116
  [1025/5593] Minaçu/GO… lat=-13.5336413 lon=-48.2184889
  [1026/5593] Mineiros/GO… lat=-17.5653879 lon=-52.5536721
  [1027/5593] Moiporá/GO… lat=-16.5448305 lon=-50.7352929
  [1028/5593] Monte Alegre de Goiás/GO… lat=-13.2571483 lon=-46.8934031
  [1029/5593] Montes Claros de Goiás/GO… lat=-16.0059459 lon=-51.3978781
  [1030/5593] Montividiu/GO… lat=-17.4504640 lon=-51.1737162
  [1031/5593] Montividiu do Norte/GO… lat=-13.3489998 lon=-48.6872789
  [1032/5593] Morrinhos/GO… lat=-17.7333689 lon=-49.1059080
  [1033/5593] Morro Agudo de Goiás/GO… lat=-15.3184299 lon=-50.0552811
  [1034/5593] Mossâmedes/GO… lat=-16.1263751 lon=-50.2104393
  [1035/5593] Mozarlândia/GO… lat=-14.7457049 lon=-50.5713211
  [1036/5593] Mundo Novo/GO… lat=-13.7729429 lon=-50.2813780
  [1037/5593] Mutunópolis/GO… lat=-13.7303379 lon=-49.2745491
  [1038/5593] Nazário/GO… lat=-16.5807689 lon=-49.8816710
  [1039/5593] Nerópolis/GO… lat=-16.4069816 lon=-49.2194380
  [1040/5593] Niquelândia/GO… lat=-14.4648655 lon=-48.4572244
  [1041/5593] Nova América/GO… lat=-15.0205889 lon=-49.8952971
  [1042/5593] Nova Aurora/GO… lat=-18.0596519 lon=-48.2551720
  [1043/5593] Nova Crixás/GO… lat=-14.0968848 lon=-50.3396014
  [1044/5593] Nova Glória/GO… lat=-15.1481798 lon=-49.5772390
  [1045/5593] Nova Iguaçu de Goiás/GO… lat=-14.2868289 lon=-49.3871911
  [1046/5593] Nova Roma/GO… lat=-13.7393323 lon=-46.8831607
  [1047/5593] Nova Veneza/GO… lat=-16.3709074 lon=-49.3212061
  [1048/5593] Novo Brasil/GO… lat=-16.0337152 lon=-50.7112124
  [1049/5593] Novo Gama/GO… lat=-16.0496528 lon=-48.0304615
  [1050/5593] Novo Planalto/GO… lat=-13.2419575 lon=-49.5081599
  [1051/5593] Orizona/GO… lat=-17.0333812 lon=-48.2963748
  [1052/5593] Ouro Verde de Goiás/GO… lat=-16.2181069 lon=-49.1941540
  [1053/5593] Ouvidor/GO… lat=-18.2296167 lon=-47.8351544
  [1054/5593] Padre Bernardo/GO… lat=-15.1676411 lon=-48.2840561
  [1055/5593] Palestina de Goiás/GO… lat=-16.7456647 lon=-51.5300840
  [1056/5593] Palmeiras de Goiás/GO… lat=-16.8102393 lon=-49.9234165
  [1057/5593] Palmelo/GO… lat=-17.3258189 lon=-48.4260300
  [1058/5593] Palminópolis/GO… lat=-16.7884665 lon=-50.1654607
  [1059/5593] Panamá/GO… lat=-18.1755033 lon=-49.3523852
  [1060/5593] Paranaiguara/GO… lat=-18.9137048 lon=-50.6536307
  [1061/5593] Paraúna/GO… lat=-16.9495937 lon=-50.4473008
  [1062/5593] Perolândia/GO… lat=-17.5269378 lon=-52.0624546
  [1063/5593] Petrolina de Goiás/GO… lat=-16.1005783 lon=-49.3359066
  [1064/5593] Pilar de Goiás/GO… lat=-14.7628082 lon=-49.5797292
  [1065/5593] Piracanjuba/GO… lat=-17.3020379 lon=-49.0170101
  [1066/5593] Piranhas/GO… lat=-16.4252491 lon=-51.8231427
  [1067/5593] Pirenópolis/GO… lat=-15.8501619 lon=-48.9573170
  [1068/5593] Pires do Rio/GO… lat=-17.3005708 lon=-48.2793194
  [1069/5593] Planaltina/GO… lat=-15.4571536 lon=-47.6089024
  [1070/5593] Pontalina/GO… lat=-17.5144331 lon=-49.4449688
  [1071/5593] Porangatu/GO… lat=-13.4446630 lon=-49.1423569
  [1072/5593] Porteirão/GO… lat=-17.8139944 lon=-50.1653411
  [1073/5593] Portelândia/GO… lat=-17.3573086 lon=-52.6777879
  [1074/5593] Posse/GO… lat=-14.0835852 lon=-46.3563185
  [1075/5593] Professor Jamil/GO… lat=-17.2531600 lon=-49.2442452
  [1076/5593] Quirinópolis/GO… lat=-18.4471859 lon=-50.4546981
  [1077/5593] Rialma/GO… lat=-15.3144819 lon=-49.5813991
  [1078/5593] Rianápolis/GO… lat=-15.4479209 lon=-49.5102051
  [1079/5593] Rio Quente/GO… lat=-17.8067173 lon=-48.7648226
  [1080/5593] Rio Verde/GO… lat=-17.7921255 lon=-50.9191219
  [1081/5593] Rubiataba/GO… lat=-15.1629793 lon=-49.8005102
  [1082/5593] Sanclerlândia/GO… lat=-16.1993165 lon=-50.3093740
  [1083/5593] Santa Bárbara de Goiás/GO… lat=-16.5779125 lon=-49.6982268
  [1084/5593] Santa Cruz de Goiás/GO… lat=-17.3155119 lon=-48.4809501
  [1085/5593] Santa Fé de Goiás/GO… lat=-15.7705927 lon=-51.1018204
  [1086/5593] Santa Helena de Goiás/GO… lat=-17.8115199 lon=-50.5976641
  [1087/5593] Santa Isabel/GO… lat=-15.3000401 lon=-49.4271365
  [1088/5593] Santa Rita do Araguaia/GO… lat=-17.3269099 lon=-53.2012361
  [1089/5593] Santa Rita do Novo destino/GO… lat=-15.1350719 lon=-49.1202541
  [1090/5593] Santa Rosa de Goiás/GO… lat=-16.0839829 lon=-49.4953260
  [1091/5593] Santa Tereza de Goiás/GO… lat=-13.7131160 lon=-49.0164361
  [1092/5593] Santa Terezinha de Goiás/GO… lat=-14.4361002 lon=-49.7092915
  [1093/5593] Santo Antônio da Barra/GO… lat=-17.5584989 lon=-50.6345431
  [1094/5593] Santo Antônio de Goiás/GO… lat=-16.4861723 lon=-49.3093885
  [1095/5593] Santo Antônio do descoberto/GO… lat=-15.9463945 lon=-48.2628651
  [1096/5593] São domingos/GO… lat=-13.3998769 lon=-46.3217961
  [1097/5593] São Francisco de Goiás/GO… lat=-15.9334279 lon=-49.2608329
  [1098/5593] São João D'aliança/GO… lat=-14.7043453 lon=-47.5206865
  [1099/5593] São João da Paraúna/GO… lat=-16.8161447 lon=-50.4081970
  [1100/5593] São Luís de Montes Belos/GO… lat=-16.5210639 lon=-50.3726281
  [1101/5593] São Luíz do Norte/GO… lat=-14.8620462 lon=-49.3320827
  [1102/5593] São Miguel do Araguaia/GO… lat=-13.2726442 lon=-50.1627219
  [1103/5593] São Miguel do Passa Quatro/GO… lat=-17.0582009 lon=-48.6619811
  [1104/5593] São Patrício/GO… lat=-15.3492626 lon=-49.8192990
  [1105/5593] São Simão/GO… lat=-18.9939882 lon=-50.5463828
  [1106/5593] Senador Canedo/GO… lat=-16.7013233 lon=-49.0914921
  [1107/5593] Serranópolis/GO… lat=-18.3084565 lon=-51.9569462
  [1108/5593] Silvânia/GO… lat=-16.6599718 lon=-48.6083260
  [1109/5593] Simolândia/GO… lat=-14.4733312 lon=-46.4832791
  [1110/5593] Sítio D'abadia/GO… lat=-14.8049934 lon=-46.2544188
  [1111/5593] Taquaral de Goiás/GO… lat=-16.0520569 lon=-49.6038591
  [1112/5593] Teresina de Goiás/GO… lat=-13.7789573 lon=-47.2668940
  [1113/5593] Terezópolis de Goiás/GO… lat=-16.4837865 lon=-49.0949299
  [1114/5593] Três Ranchos/GO… lat=-18.3567507 lon=-47.7810678
  [1115/5593] Trindade/GO… lat=-16.6549924 lon=-49.4876203
  [1116/5593] Trombas/GO… lat=-13.5078899 lon=-48.7417100
  [1117/5593] Turvânia/GO… lat=-16.6120126 lon=-50.1352075
  [1118/5593] Turvelândia/GO… lat=-17.8534211 lon=-50.3052387
  [1119/5593] Uirapuru/GO… lat=-14.2842502 lon=-49.9195999
  [1120/5593] Uruaçu/GO… lat=-14.5244164 lon=-49.1510022
  [1121/5593] Uruana/GO… lat=-15.4998907 lon=-49.6870172
  [1122/5593] Urutaí/GO… lat=-17.4640633 lon=-48.2021071
  [1123/5593] Valparaíso de Goiás/GO… lat=-16.0686394 lon=-47.9764907
  [1124/5593] Varjão/GO… lat=-17.0453970 lon=-49.6325990
  [1125/5593] Vianópolis/GO… lat=-16.7475869 lon=-48.5131735
  [1126/5593] Vicentinópolis/GO… lat=-17.7353689 lon=-49.8040525
  [1127/5593] Vila Boa/GO… lat=-15.0357754 lon=-47.0561444
  [1128/5593] Vila Propício/GO… lat=-15.4558431 lon=-48.8855024
  [1129/5593] Açailândia/MA… lat=-4.9515026 lon=-47.5007320
  [1130/5593] Afonso Cunha/MA… lat=-4.1326105 lon=-43.3230026
  [1131/5593] Água doce do Maranhão/MA… lat=-2.8402004 lon=-42.1181949
  [1132/5593] Alcântara/MA… lat=-2.4084996 lon=-44.4174143
  [1133/5593] Aldeias Altas/MA… lat=-4.6291957 lon=-43.4708622
  [1134/5593] Altamira do Maranhão/MA… lat=-4.1643006 lon=-45.4674574
  [1135/5593] Alto Alegre do Maranhão/MA… lat=-4.2055693 lon=-44.4525287
  [1136/5593] Alto Alegre do Pindaré/MA… lat=-3.6698186 lon=-45.8462153
  [1137/5593] Alto Parnaíba/MA… lat=-9.1125060 lon=-45.9310154
  [1138/5593] Amapá do Maranhão/MA… lat=-1.6762114 lon=-46.0109669
  [1139/5593] Amarante do Maranhão/MA… lat=-5.5691300 lon=-46.7472840
  [1140/5593] Anajatuba/MA… lat=-3.2644100 lon=-44.6179916
  [1141/5593] Anapurus/MA… lat=-3.6751298 lon=-43.1046001
  [1142/5593] Apicum-Açu/MA… lat=-1.5279295 lon=-45.0822780
  [1143/5593] Araguanã/MA… lat=-2.9508403 lon=-45.6651986
  [1144/5593] Araioses/MA… lat=-2.8909140 lon=-41.9049930
  [1145/5593] Arame/MA… lat=-4.8858769 lon=-46.0102484
  [1146/5593] Arari/MA… lat=-3.4569275 lon=-44.7768683
  [1147/5593] Axixá/MA… lat=-2.8379465 lon=-44.0561053
  [1148/5593] Bacabal/MA… lat=-4.2318132 lon=-44.7811670
  [1149/5593] Bacabeira/MA… lat=-2.9786744 lon=-44.3163504
  [1150/5593] Bacuri/MA… lat=-1.7288940 lon=-45.1417148
  [1151/5593] Bacurituba/MA… lat=-2.7082587 lon=-44.7381309
  [1152/5593] Balsas/MA… lat=-7.5321400 lon=-46.0371630
  [1153/5593] Barão de Grajaú/MA… lat=-6.7542591 lon=-43.0263477
  [1154/5593] Barra do Corda/MA… lat=-5.4968230 lon=-45.2484960
  [1155/5593] Barreirinhas/MA… lat=-2.7541271 lon=-42.8259693
  [1156/5593] Bela Vista do Maranhão/MA… lat=-3.7416367 lon=-45.2514192
  [1157/5593] Belágua/MA… lat=-3.1604031 lon=-43.5085052
  [1158/5593] Benedito Leite/MA… lat=-7.2173453 lon=-44.5523331
  [1159/5593] Bequimão/MA… lat=-2.4495376 lon=-44.7884889
  [1160/5593] Bernardo do Mearim/MA… lat=-4.6315929 lon=-44.7617508
  [1161/5593] Boa Vista do Gurupi/MA… lat=-1.7981168 lon=-46.3071882
  [1162/5593] Bom Jardim/MA… lat=-3.5412900 lon=-45.6060040
  [1163/5593] Bom Jesus das Selvas/MA… lat=-4.4878075 lon=-46.8526639
  [1164/5593] Bom Lugar/MA… lat=-4.3728019 lon=-45.0366054
  [1165/5593] Brejo/MA… lat=-3.6804397 lon=-42.7529313
  [1166/5593] Brejo de Areia/MA… lat=-4.3316785 lon=-45.5833334
  [1167/5593] Buriti/MA… lat=-3.9430944 lon=-42.9244281
  [1168/5593] Buriti Bravo/MA… lat=-5.8391884 lon=-43.8367876
  [1169/5593] Buriticupu/MA… lat=-4.3227472 lon=-46.4516989
  [1170/5593] Buritirana/MA… lat=-5.5897455 lon=-47.0148915
  [1171/5593] Cachoeira Grande/MA… lat=-2.9290492 lon=-44.0573223
  [1172/5593] Cajapió/MA… lat=-2.8778715 lon=-44.6746871
  [1173/5593] Cajari/MA… lat=-3.3213076 lon=-45.0118757
  [1174/5593] Campestre do Maranhão/MA… lat=-6.1729113 lon=-47.3640512
  [1175/5593] Cândido Mendes/MA… lat=-1.4529830 lon=-45.7285635
  [1176/5593] Cantanhede/MA… lat=-3.6355005 lon=-44.3778738
  [1177/5593] Capinzal do Norte/MA… lat=-4.7304006 lon=-44.3249063
  [1178/5593] Carolina/MA… lat=-7.3313437 lon=-47.4738762
  [1179/5593] Carutapera/MA… lat=-1.2016638 lon=-46.0205618
  [1180/5593] Caxias/MA… lat=-4.8654201 lon=-43.3536640
  [1181/5593] Cedral/MA… lat=-2.0002690 lon=-44.5281140
  [1182/5593] Central do Maranhão/MA… lat=-2.1927491 lon=-44.8284230
  [1183/5593] Centro do Guilherme/MA… lat=-2.4511749 lon=-46.0391270
  [1184/5593] Centro Novo do Maranhão/MA… lat=-2.1361032 lon=-46.1248528
  [1185/5593] Chapadinha/MA… lat=-3.7416803 lon=-43.3548006
  [1186/5593] Cidelândia/MA… lat=-5.1746550 lon=-47.7833531
  [1187/5593] Codó/MA… lat=-4.4556230 lon=-43.8923540
  [1188/5593] Coelho Neto/MA… lat=-4.2312120 lon=-43.1080788
  [1189/5593] Colinas/MA… lat=-6.0332631 lon=-44.2528542
  [1190/5593] Conceição do Lago-Açu/MA… lat=-3.8410056 lon=-44.8930565
  [1191/5593] Coroatá/MA… lat=-4.1282283 lon=-44.1360269
  [1192/5593] Cururupu/MA… lat=-1.8242550 lon=-44.8729960
  [1193/5593] davinópolis/MA… lat=-5.5265775 lon=-47.3942217
  [1194/5593] dom Pedro/MA… lat=-5.0398278 lon=-44.4385724
  [1195/5593] Duque Bacelar/MA… lat=-4.1533881 lon=-42.9459142
  [1196/5593] Esperantinópolis/MA… lat=-4.8751875 lon=-44.8801032
  [1197/5593] Estreito/MA… lat=-6.5583016 lon=-47.4432212
  [1198/5593] Feira Nova do Maranhão/MA… lat=-6.9650820 lon=-46.6785770
  [1199/5593] Fernando Falcão/MA… lat=-6.1512461 lon=-44.9022436
  [1200/5593] Formosa da Serra Negra/MA… lat=-6.4437601 lon=-46.1905789
  [1201/5593] Fortaleza dos Nogueiras/MA… lat=-6.9643779 lon=-46.1703933
  [1202/5593] Fortuna/MA… lat=-5.7331469 lon=-44.1542760
  [1203/5593] Godofredo Viana/MA… lat=-1.4147105 lon=-45.7713182
  [1204/5593] Gonçalves Dias/MA… lat=-5.1532875 lon=-44.2997071
  [1205/5593] Governador Archer/MA… lat=-5.0235620 lon=-44.2709924
  [1206/5593] Governador Edison Lobão/MA… lat=-5.7456705 lon=-47.3630910
  [1207/5593] Governador Eugênio Barros/MA… lat=-5.3200262 lon=-44.2440583
  [1208/5593] Governador Luiz Rocha/MA… lat=-5.4707760 lon=-44.0720572
  [1209/5593] Governador Newton Bello/MA… lat=-3.4285914 lon=-45.6714297
  [1210/5593] Governador Nunes Freire/MA… lat=-2.1303959 lon=-45.8900498
  [1211/5593] Graça Aranha/MA… lat=-5.4063519 lon=-44.3327100
  [1212/5593] Grajaú/MA… lat=-5.8154034 lon=-46.1361454
  [1213/5593] Guimarães/MA… lat=-2.1275510 lon=-44.6019900
  [1214/5593] Humberto de Campos/MA… lat=-2.5982820 lon=-43.4648770
  [1215/5593] Icatu/MA… lat=-2.7751942 lon=-44.0643625
  [1216/5593] Igarapé do Meio/MA… lat=-3.6397814 lon=-45.1872837
  [1217/5593] Igarapé Grande/MA… lat=-4.6621855 lon=-44.8546609
  [1218/5593] Imperatriz/MA… lat=-5.5269279 lon=-47.4781150
  [1219/5593] Itaipava do Grajaú/MA… lat=-5.1421474 lon=-45.7878573
  [1220/5593] Itapecuru Mirim/MA… lat=-3.3973569 lon=-44.3560724
  [1221/5593] Itinga do Maranhão/MA… lat=-4.4529250 lon=-47.5253727
  [1222/5593] Jatobá/MA… lat=-5.8195391 lon=-44.2231880
  [1223/5593] Jenipapo dos Vieiras/MA… lat=-5.3679814 lon=-45.6348267
  [1224/5593] João Lisboa/MA… lat=-5.4436300 lon=-47.4063880
  [1225/5593] Joselândia/MA… lat=-4.9860047 lon=-44.6969530
  [1226/5593] Junco do Maranhão/MA… lat=-1.8799132 lon=-46.0726685
  [1227/5593] Lago da Pedra/MA… lat=-4.5627272 lon=-45.1298628
  [1228/5593] Lago do Junco/MA… lat=-4.6070838 lon=-45.0530093
  [1229/5593] Lago dos Rodrigues/MA… lat=-4.6119168 lon=-44.9800419
  [1230/5593] Lago Verde/MA… lat=-4.0425250 lon=-44.9364782
  [1231/5593] Lagoa do Mato/MA… lat=-6.0486500 lon=-43.5273907
  [1232/5593] Lagoa Grande do Maranhão/MA… lat=-4.9914281 lon=-45.3832921
  [1233/5593] Lajeado Novo/MA… lat=-6.1898777 lon=-47.0325965
  [1234/5593] Lima Campos/MA… lat=-4.5179809 lon=-44.4671291
  [1235/5593] Loreto/MA… lat=-7.0856200 lon=-45.1397421
  [1236/5593] Luís domingues/MA… lat=-1.3284412 lon=-45.8975062
  [1237/5593] Magalhães de Almeida/MA… lat=-3.3923190 lon=-42.2117430
  [1238/5593] Maracaçumé/MA… lat=-2.0491770 lon=-45.9587340
  [1239/5593] Marajá do Sena/MA… lat=-4.6213998 lon=-45.4539567
  [1240/5593] Maranhãozinho/MA… lat=-2.2429316 lon=-45.8588977
  [1241/5593] Mata Roma/MA… lat=-3.6210147 lon=-43.1156951
  [1242/5593] Matinha/MA… lat=-3.1022120 lon=-45.0322080
  [1243/5593] Matões/MA… lat=-5.5210672 lon=-43.2041534
  [1244/5593] Matões do Norte/MA… lat=-3.6268881 lon=-44.5547543
  [1245/5593] Milagres do Maranhão/MA… lat=-3.5815605 lon=-42.6080355
  [1246/5593] Mirador/MA… lat=-6.3703992 lon=-44.3621057
  [1247/5593] Miranda do Norte/MA… lat=-3.5658706 lon=-44.5825329
  [1248/5593] Mirinzal/MA… lat=-2.0664539 lon=-44.7837348
  [1249/5593] Monção/MA… lat=-3.4842036 lon=-45.2515472
  [1250/5593] Montes Altos/MA… lat=-5.8316731 lon=-47.0658003
  [1251/5593] Morros/MA… lat=-2.8652201 lon=-44.0390477
  [1252/5593] Nina Rodrigues/MA… lat=-3.4665400 lon=-43.9097427
  [1253/5593] Nova Colinas/MA… lat=-7.1196897 lon=-46.2610972
  [1254/5593] Nova Iorque/MA… lat=-6.7357067 lon=-44.0461510
  [1255/5593] Nova Olinda do Maranhão/MA… lat=-2.8043732 lon=-45.7013215
  [1256/5593] Olho D'água das Cunhãs/MA… lat=-4.1403110 lon=-45.1184685
  [1257/5593] Olinda Nova do Maranhão/MA… lat=-2.9960265 lon=-44.9946822
  [1258/5593] Paço do Lumiar/MA… lat=-2.5329055 lon=-44.1591965
  [1259/5593] Palmeirândia/MA… lat=-2.6474166 lon=-44.8983779
  [1260/5593] Paraibano/MA… lat=-6.4316929 lon=-43.9877038
  [1261/5593] Parnarama/MA… lat=-5.6823685 lon=-43.0895346
  [1262/5593] Passagem Franca/MA… lat=-6.1774510 lon=-43.7755110
  [1263/5593] Pastos Bons/MA… lat=-6.6013999 lon=-44.0878124
  [1264/5593] Paulino Neves/MA… lat=-2.7227359 lon=-42.5397648
  [1265/5593] Paulo Ramos/MA… lat=-4.4491095 lon=-45.2420345
  [1266/5593] Pedreiras/MA… lat=-4.5687989 lon=-44.6003029
  [1267/5593] Pedro do Rosário/MA… lat=-2.9727190 lon=-45.3493160
  [1268/5593] Penalva/MA… lat=-3.2881215 lon=-45.1742086
  [1269/5593] Peri Mirim/MA… lat=-2.5768477 lon=-44.8556207
  [1270/5593] Peritoró/MA… lat=-4.3723643 lon=-44.3317455
  [1271/5593] Pindaré-Mirim/MA… lat=-3.6124457 lon=-45.3404235
  [1272/5593] Pinheiro/MA… lat=-2.5270459 lon=-45.0866463
  [1273/5593] Pio Xii/MA… lat=-3.8911223 lon=-45.1710284
  [1274/5593] Pirapemas/MA… lat=-3.7270563 lon=-44.2267429
  [1275/5593] Poção de Pedras/MA… lat=-4.7511250 lon=-44.9430514
  [1276/5593] Porto Franco/MA… lat=-6.3414900 lon=-47.3961880
  [1277/5593] Porto Rico do Maranhão/MA… lat=-1.8597328 lon=-44.5854991
  [1278/5593] Presidente Dutra/MA… lat=-5.2898010 lon=-44.4949800
  [1279/5593] Presidente Juscelino/MA… lat=-2.9262742 lon=-44.0653783
  [1280/5593] Presidente Médici/MA… lat=-2.3764612 lon=-45.8207313
  [1281/5593] Presidente Sarney/MA… lat=-2.5907563 lon=-45.3623652
  [1282/5593] Presidente Vargas/MA… lat=-3.4065166 lon=-44.0270508
  [1283/5593] Primeira Cruz/MA… lat=-2.5076725 lon=-43.4385918
  [1284/5593] Raposa/MA… lat=-2.4410095 lon=-44.1104256
  [1285/5593] Riachão/MA… lat=-7.3642557 lon=-46.6226095
  [1286/5593] Ribamar Fiquene/MA… lat=-5.9306660 lon=-47.3887770
  [1287/5593] Rosário/MA… lat=-2.9405903 lon=-44.2491088
  [1288/5593] Sambaíba/MA… lat=-7.1344730 lon=-45.3515060
  [1289/5593] Santa Filomena do Maranhão/MA… lat=-5.4981960 lon=-44.5581460
  [1290/5593] Santa Helena/MA… lat=-2.2343870 lon=-45.3002279
  [1291/5593] Santa Inês/MA… lat=-3.6647821 lon=-45.3826869
  [1292/5593] Santa Luzia/MA… lat=-3.9633675 lon=-45.6637956
  [1293/5593] Santa Luzia do Paruá/MA… lat=-2.5440662 lon=-45.7757570
  [1294/5593] Santa Quitéria do Maranhão/MA… lat=-3.4967557 lon=-42.5638780
  [1295/5593] Santa Rita/MA… lat=-3.1411146 lon=-44.3270285
  [1296/5593] Santana do Maranhão/MA… lat=-3.1156576 lon=-42.4123538
  [1297/5593] Santo Amaro do Maranhão/MA… lat=-2.4987599 lon=-43.2532740
  [1298/5593] Santo Antônio dos Lopes/MA… lat=-4.8661340 lon=-44.3652780
  [1299/5593] São Benedito do Rio Preto/MA… lat=-3.3306675 lon=-43.5264074
  [1300/5593] São Bento/MA… lat=-2.6999089 lon=-44.8331254
  [1301/5593] São Bernardo/MA… lat=-3.3650267 lon=-42.4224814
  [1302/5593] São domingos do Azeitão/MA… lat=-6.8108680 lon=-44.6445713
  [1303/5593] São domingos do Maranhão/MA… lat=-5.5799743 lon=-44.3841617
  [1304/5593] São Félix de Balsas/MA… lat=-7.0834586 lon=-44.8139329
  [1305/5593] São Francisco do Brejão/MA… lat=-5.1248690 lon=-47.3871865
  [1306/5593] São Francisco do Maranhão/MA… lat=-6.2493970 lon=-42.8581192
  [1307/5593] São João Batista/MA… lat=-2.9582059 lon=-44.7984816
  [1308/5593] São João do Carú/MA… lat=-3.5556764 lon=-46.2569799
  [1309/5593] São João do Paraíso/MA… lat=-6.4637943 lon=-47.0567941
  [1310/5593] São João do Soter/MA… lat=-5.1122323 lon=-43.8109269
  [1311/5593] São João dos Patos/MA… lat=-6.4934000 lon=-43.7036230
  [1312/5593] São José de Ribamar/MA… lat=-2.5609115 lon=-44.0559509
  [1313/5593] São José dos Basílios/MA… lat=-5.0530693 lon=-44.5843209
  [1314/5593] São Luís/MA… lat=-2.5295265 lon=-44.2963942
  [1315/5593] São Luís Gonzaga do Maranhão/MA… lat=-4.3727458 lon=-44.6690368
  [1316/5593] São Mateus do Maranhão/MA… lat=-4.0289169 lon=-44.4667342
  [1317/5593] São Pedro da Água Branca/MA… lat=-5.0834030 lon=-48.4299175
  [1318/5593] São Pedro dos Crentes/MA… lat=-6.8238890 lon=-46.5318640
  [1319/5593] São Raimundo das Mangabeiras/MA… lat=-7.0236080 lon=-45.4769436
  [1320/5593] São Raimundo do doca Bezerra/MA… lat=-5.1042784 lon=-45.0847117
  [1321/5593] São Roberto/MA… lat=-5.0188478 lon=-44.9925058
  [1322/5593] São Vicente Ferrer/MA… lat=-2.8927449 lon=-44.8803633
  [1323/5593] Satubinha/MA… lat=-4.0362704 lon=-45.2381005
  [1324/5593] Senador Alexandre Costa/MA… lat=-5.2597445 lon=-44.0542395
  [1325/5593] Senador La Rocque/MA… lat=-5.4444319 lon=-47.2921001
  [1326/5593] Serrano do Maranhão/MA… lat=-1.8535718 lon=-45.1158856
  [1327/5593] Sítio Novo/MA… lat=-5.8812540 lon=-46.7017184
  [1328/5593] Sucupira do Norte/MA… lat=-6.4783920 lon=-44.1918890
  [1329/5593] Sucupira do Riachão/MA… lat=-6.4136163 lon=-43.5453433
  [1330/5593] Tasso Fragoso/MA… lat=-8.4729347 lon=-45.7461798
  [1331/5593] Timbiras/MA… lat=-4.2551056 lon=-43.9386212
  [1332/5593] Timon/MA… lat=-5.1004341 lon=-42.8312018
  [1333/5593] Trizidela do Vale/MA… lat=-4.5694816 lon=-44.6144214
  [1334/5593] Tufilândia/MA… lat=-3.6734127 lon=-45.6357014
  [1335/5593] Tuntum/MA… lat=-5.2630885 lon=-44.6448502
  [1336/5593] Turiaçu/MA… lat=-1.6710652 lon=-45.3684095
  [1337/5593] Turilândia/MA… lat=-2.2226922 lon=-45.3061308
  [1338/5593] Tutóia/MA… lat=-2.7614130 lon=-42.2755310
  [1339/5593] Urbano Santos/MA… lat=-3.2036233 lon=-43.3929106
  [1340/5593] Vargem Grande/MA… lat=-3.5443611 lon=-43.9149128
  [1341/5593] Viana/MA… lat=-3.2099341 lon=-45.0002456
  [1342/5593] Vila Nova dos Martírios/MA… lat=-5.1879409 lon=-48.1377908
  [1343/5593] Vitória do Mearim/MA… lat=-3.4622876 lon=-44.8697150
  [1344/5593] Vitorino Freire/MA… lat=-4.2885303 lon=-45.2417582
  [1345/5593] Zé doca/MA… lat=-3.2701450 lon=-45.6553440
  [1346/5593] Abadia dos dourados/MG… lat=-18.4911191 lon=-47.4063589
  [1347/5593] Abaeté/MG… lat=-19.1566833 lon=-45.4481213
  [1348/5593] Abre Campo/MG… lat=-20.2954210 lon=-42.4801310
  [1349/5593] Acaiaca/MG… lat=-20.3621646 lon=-43.1444162
  [1350/5593] Açucena/MG… lat=-19.0730560 lon=-42.5466660
  [1351/5593] Água Boa/MG… lat=-17.9956411 lon=-42.3899261
  [1352/5593] Água Comprida/MG… lat=-20.0574733 lon=-48.1093074
  [1353/5593] Aguanil/MG… lat=-20.9424533 lon=-45.3927152
  [1354/5593] Águas Formosas/MG… lat=-17.0834193 lon=-40.9339978
  [1355/5593] Águas Vermelhas/MG… lat=-15.7463050 lon=-41.4592963
  [1356/5593] Aimorés/MG… lat=-19.4917754 lon=-41.0615603
  [1357/5593] Aiuruoca/MG… lat=-21.9759554 lon=-44.6036637
  [1358/5593] Alagoa/MG… lat=-22.1697202 lon=-44.6400042
  [1359/5593] Albertina/MG… lat=-22.2005560 lon=-46.6155560
  [1360/5593] Além Paraíba/MG… lat=-21.8760576 lon=-42.6810473
  [1361/5593] Alfenas/MG… lat=-21.4297405 lon=-45.9479419
  [1362/5593] Alfredo Vasconcelos/MG… lat=-21.1458330 lon=-43.7763890
  [1363/5593] Almenara/MG… lat=-16.1753775 lon=-40.6916675
  [1364/5593] Alpercata/MG… lat=-18.9933430 lon=-41.9894704
  [1365/5593] Alpinópolis/MG… lat=-20.8636110 lon=-46.3877770
  [1366/5593] Alterosa/MG… lat=-21.2491660 lon=-46.1430550
  [1367/5593] Alto Caparaó/MG… lat=-20.4405661 lon=-41.8683799
  [1368/5593] Alto Jequitibá/MG… lat=-20.4236673 lon=-41.9660938
  [1369/5593] Alto Rio doce/MG… lat=-21.0239537 lon=-43.4133507
  [1370/5593] Alvarenga/MG… lat=-19.4175000 lon=-41.7283340
  [1371/5593] Alvinópolis/MG… lat=-20.1105199 lon=-43.0601805
  [1372/5593] Alvorada de Minas/MG… lat=-18.7318587 lon=-43.3641479
  [1373/5593] Amparo do Serra/MG… lat=-20.5070255 lon=-42.8028462
  [1374/5593] Andradas/MG… lat=-22.0693412 lon=-46.5707584
  [1375/5593] Andrelândia/MG… lat=-21.7401561 lon=-44.3090635
  [1376/5593] Angelândia/MG… lat=-17.7253000 lon=-42.2728000
  [1377/5593] Antônio Carlos/MG… lat=-21.3183340 lon=-43.7466660
  [1378/5593] Antônio Dias/MG… lat=-19.6525000 lon=-42.8727780
  [1379/5593] Antônio Prado de Minas/MG… lat=-21.0171988 lon=-42.1101106
  [1380/5593] Araçaí/MG… lat=-19.2008330 lon=-44.2475000
  [1381/5593] Aracitaba/MG… lat=-21.3425000 lon=-43.3786110
  [1382/5593] Araçuaí/MG… lat=-16.8484451 lon=-42.0661868
  [1383/5593] Araguari/MG… lat=-18.6511256 lon=-48.1933764
  [1384/5593] Arantina/MG… lat=-21.9116670 lon=-44.2558330
  [1385/5593] Araponga/MG… lat=-20.6662266 lon=-42.5218021
  [1386/5593] Araporã/MG… lat=-18.4318188 lon=-49.1883130
  [1387/5593] Arapuá/MG… lat=-19.0344440 lon=-46.1555560
  [1388/5593] Araújos/MG… lat=-19.9468290 lon=-45.1654312
  [1389/5593] Araxá/MG… lat=-19.6009149 lon=-46.9409230
  [1390/5593] Arceburgo/MG… lat=-21.3644440 lon=-46.9397220
  [1391/5593] Arcos/MG… lat=-20.2822230 lon=-45.5394440
  [1392/5593] Areado/MG… lat=-21.3582771 lon=-46.1476688
  [1393/5593] Argirita/MG… lat=-21.6127610 lon=-42.8371922
  [1394/5593] Aricanduva/MG… lat=-17.8678000 lon=-42.5569000
  [1395/5593] Arinos/MG… lat=-15.9172230 lon=-46.1061110
  [1396/5593] Astolfo Dutra/MG… lat=-21.3132636 lon=-42.8624102
  [1397/5593] Ataléia/MG… lat=-18.0441576 lon=-41.1104812
  [1398/5593] Augusto de Lima/MG… lat=-18.1092963 lon=-44.2651945
  [1399/5593] Baependi/MG… lat=-21.9575733 lon=-44.8891463
  [1400/5593] Baldim/MG… lat=-19.2913568 lon=-43.9558262
  [1401/5593] Bambuí/MG… lat=-20.0131996 lon=-45.9777034
  [1402/5593] Bandeira/MG… lat=-15.8859119 lon=-40.5618492
  [1403/5593] Bandeira do Sul/MG… lat=-21.7280560 lon=-46.3855550
  [1404/5593] Barão de Cocais/MG… lat=-19.9452437 lon=-43.4870298
  [1405/5593] Barão de Monte Alto/MG… lat=-21.2447220 lon=-42.2375000
  [1406/5593] Barbacena/MG… lat=-21.2254524 lon=-43.7735087
  [1407/5593] Barra Longa/MG… lat=-20.2833541 lon=-43.0423516
  [1408/5593] Barroso/MG… lat=-21.1871370 lon=-43.9771259
  [1409/5593] Bela Vista de Minas/MG… lat=-19.8289721 lon=-43.0973688
  [1410/5593] Belmiro Braga/MG… lat=-21.9486291 lon=-43.4135640
  [1411/5593] Belo Horizonte/MG… lat=-19.9227318 lon=-43.9450948
  [1412/5593] Belo Oriente/MG… lat=-19.2232523 lon=-42.4807033
  [1413/5593] Belo Vale/MG… lat=-20.4077780 lon=-44.0241670
  [1414/5593] Berilo/MG… lat=-16.9515764 lon=-42.4643732
  [1415/5593] Berizal/MG… lat=-15.6131440 lon=-41.7440276
  [1416/5593] Bertópolis/MG… lat=-17.0652475 lon=-40.5729400
  [1417/5593] Betim/MG… lat=-19.9703184 lon=-44.2064950
  [1418/5593] Bias Fortes/MG… lat=-21.6058330 lon=-43.7569440
  [1419/5593] Bicas/MG… lat=-21.7213723 lon=-43.0604327
  [1420/5593] Biquinhas/MG… lat=-18.7836110 lon=-45.5022220
  [1421/5593] Boa Esperança/MG… lat=-21.0901253 lon=-45.5660195
  [1422/5593] Bocaina de Minas/MG… lat=-22.1677780 lon=-44.3947220
  [1423/5593] Bocaiúva/MG… lat=-17.1160208 lon=-43.8122678
  [1424/5593] Bom despacho/MG… lat=-19.7375242 lon=-45.2517288
  [1425/5593] Bom Jardim de Minas/MG… lat=-21.9476508 lon=-44.1905987
  [1426/5593] Bom Jesus da Penha/MG… lat=-21.0178774 lon=-46.5213848
  [1427/5593] Bom Jesus do Amparo/MG… lat=-19.7045132 lon=-43.4752911
  [1428/5593] Bom Jesus do Galho/MG… lat=-19.8283191 lon=-42.3162256
  [1429/5593] Bom Repouso/MG… lat=-22.4657069 lon=-46.1485376
  [1430/5593] Bom Sucesso/MG… lat=-21.0323516 lon=-44.7598082
  [1431/5593] Bonfim/MG… lat=-20.3266626 lon=-44.2386157
  [1432/5593] Bonfinópolis de Minas/MG… lat=-16.5660011 lon=-45.9864500
  [1433/5593] Bonito de Minas/MG… lat=-15.3231001 lon=-44.7572539
  [1434/5593] Borda da Mata/MG… lat=-22.2741670 lon=-46.1652780
  [1435/5593] Botelhos/MG… lat=-21.6500058 lon=-46.3947355
  [1436/5593] Botumirim/MG… lat=-16.8627780 lon=-43.0111110
  [1437/5593] Brás Pires/MG… lat=-20.8483109 lon=-43.2430524
  [1438/5593] Brasilândia de Minas/MG… lat=-17.0096409 lon=-46.0087622
  [1439/5593] Brasília de Minas/MG… lat=-16.2391050 lon=-44.3845091
  [1440/5593] Braúnas/MG… lat=-19.0555560 lon=-42.7161110
  [1441/5593] Brazópolis/MG… lat=-22.4742842 lon=-45.6165577
  [1442/5593] Brumadinho/MG… lat=-20.1436110 lon=-44.2000000
  [1443/5593] Bueno Brandão/MG… lat=-22.4414210 lon=-46.3475825
  [1444/5593] Buenópolis/MG… lat=-17.8756607 lon=-44.1749365
  [1445/5593] Bugre/MG… lat=-19.4257687 lon=-42.2556000
  [1446/5593] Buritis/MG… lat=-15.6213890 lon=-46.4238890
  [1447/5593] Buritizeiro/MG… lat=-17.3667765 lon=-44.9647781
  [1448/5593] Cabeceira Grande/MG… lat=-16.0297000 lon=-47.0906000
  [1449/5593] Cabo Verde/MG… lat=-21.4743338 lon=-46.3964995
  [1450/5593] Cachoeira da Prata/MG… lat=-19.5247230 lon=-44.4530560
  [1451/5593] Cachoeira de Minas/MG… lat=-22.3554043 lon=-45.7796324
  [1452/5593] Cachoeira de Pajeú/MG… lat=-15.9656186 lon=-41.4971695
  [1453/5593] Cachoeira dourada/MG… lat=-18.5171360 lon=-49.5002062
  [1454/5593] Caetanópolis/MG… lat=-19.2947496 lon=-44.4138386
  [1455/5593] Caeté/MG… lat=-19.8977770 lon=-43.6702780
  [1456/5593] Caiana/MG… lat=-20.6955550 lon=-41.9247230
  [1457/5593] Cajuri/MG… lat=-20.7901414 lon=-42.7954489
  [1458/5593] Caldas/MG… lat=-21.9236110 lon=-46.3861110
  [1459/5593] Camacho/MG… lat=-20.6255560 lon=-45.1566670
  [1460/5593] Camanducaia/MG… lat=-22.7552780 lon=-46.1444440
  [1461/5593] Cambuí/MG… lat=-22.6122501 lon=-46.0572137
  [1462/5593] Cambuquira/MG… lat=-21.8530560 lon=-45.2953619
  [1463/5593] Campanário/MG… lat=-18.2392822 lon=-41.7271598
  [1464/5593] Campanha/MG… lat=-21.8361108 lon=-45.4019860
  [1465/5593] Campestre/MG… lat=-21.7160295 lon=-46.2329619
  [1466/5593] Campina Verde/MG… lat=-19.5352770 lon=-49.4863890
  [1467/5593] Campo Azul/MG… lat=-16.5078525 lon=-44.8133524
  [1468/5593] Campo Belo/MG… lat=-20.8975000 lon=-45.2772230
  [1469/5593] Campo do Meio/MG… lat=-21.1072006 lon=-45.8301735
  [1470/5593] Campo Florido/MG… lat=-19.7605907 lon=-48.5719816
  [1471/5593] Campos Altos/MG… lat=-19.6963890 lon=-46.1713890
  [1472/5593] Campos Gerais/MG… lat=-21.2333342 lon=-45.7584127
  [1473/5593] Cana Verde/MG… lat=-21.0213080 lon=-45.1817881
  [1474/5593] Canaã/MG… lat=-20.6855550 lon=-42.6200000
  [1475/5593] Canápolis/MG… lat=-18.7228793 lon=-49.2016329
  [1476/5593] Candeias/MG… lat=-20.7676161 lon=-45.2763777
  [1477/5593] Cantagalo/MG… lat=-18.5271683 lon=-42.6252197
  [1478/5593] Caparaó/MG… lat=-20.5232726 lon=-41.9049984
  [1479/5593] Capela Nova/MG… lat=-20.9236773 lon=-43.6179487
  [1480/5593] Capelinha/MG… lat=-17.6938890 lon=-42.5186110
  [1481/5593] Capetinga/MG… lat=-20.6180809 lon=-47.0570855
  [1482/5593] Capim Branco/MG… lat=-19.5483330 lon=-44.1330560
  [1483/5593] Capinópolis/MG… lat=-18.6827780 lon=-49.5697230
  [1484/5593] Capitão Andrade/MG… lat=-19.0675000 lon=-41.8597220
  [1485/5593] Capitão Enéas/MG… lat=-16.3236018 lon=-43.7154584
  [1486/5593] Capitólio/MG… lat=-20.6144044 lon=-46.0488403
  [1487/5593] Caputira/MG… lat=-20.1719450 lon=-42.2702780
  [1488/5593] Caraí/MG… lat=-17.1884104 lon=-41.6976554
  [1489/5593] Caranaíba/MG… lat=-20.8736914 lon=-43.7379458
  [1490/5593] Carandaí/MG… lat=-20.9523934 lon=-43.8043903
  [1491/5593] Carangola/MG… lat=-20.7336380 lon=-42.0299412
  [1492/5593] Caratinga/MG… lat=-19.7900887 lon=-42.1405330
  [1493/5593] Carbonita/MG… lat=-17.5308667 lon=-43.0136207
  [1494/5593] Careaçu/MG… lat=-22.0434124 lon=-45.6995247
  [1495/5593] Carlos Chagas/MG… lat=-17.7030797 lon=-40.7632936
  [1496/5593] Carmésia/MG… lat=-19.0854535 lon=-43.1392003
  [1497/5593] Carmo da Cachoeira/MG… lat=-21.4605560 lon=-45.2233340
  [1498/5593] Carmo da Mata/MG… lat=-20.5583340 lon=-44.8703774
  [1499/5593] Carmo de Minas/MG… lat=-22.1216655 lon=-45.1323836
  [1500/5593] Carmo do Cajuru/MG… lat=-20.1953035 lon=-44.6988759
  [1501/5593] Carmo do Paranaíba/MG… lat=-18.9992327 lon=-46.3069160
  [1502/5593] Carmo do Rio Claro/MG… lat=-20.9733150 lon=-46.1186754
  [1503/5593] Carmópolis de Minas/MG… lat=-20.5412240 lon=-44.6350611
  [1504/5593] Carneirinho/MG… lat=-19.6975000 lon=-50.6880550
  [1505/5593] Carrancas/MG… lat=-21.4910462 lon=-44.6436151
  [1506/5593] Carvalhópolis/MG… lat=-21.7773461 lon=-45.8412117
  [1507/5593] Carvalhos/MG… lat=-22.0016670 lon=-44.4616670
  [1508/5593] Casa Grande/MG… lat=-20.7937571 lon=-43.9286930
  [1509/5593] Cascalho Rico/MG… lat=-18.5793440 lon=-47.8757740
  [1510/5593] Cássia/MG… lat=-20.5837538 lon=-46.9219923
  [1511/5593] Cataguases/MG… lat=-21.3874260 lon=-42.6957219
  [1512/5593] Catas Altas/MG… lat=-20.0748989 lon=-43.4078304
  [1513/5593] Catas Altas da Noruega/MG… lat=-20.6896547 lon=-43.4984978
  [1514/5593] Catuji/MG… lat=-17.3023659 lon=-41.5166395
  [1515/5593] Catuti/MG… lat=-15.3597000 lon=-42.9628000
  [1516/5593] Caxambu/MG… lat=-21.9755872 lon=-44.9311403
  [1517/5593] Cedro do Abaeté/MG… lat=-19.1483330 lon=-45.7113890
  [1518/5593] Central de Minas/MG… lat=-18.7612885 lon=-41.3071204
  [1519/5593] Centralina/MG… lat=-18.5843349 lon=-49.1954739
  [1520/5593] Chácara/MG… lat=-21.6727567 lon=-43.2206851
  [1521/5593] Chalé/MG… lat=-20.0419425 lon=-41.6909618
  [1522/5593] Chapada do Norte/MG… lat=-17.0880036 lon=-42.5380774
  [1523/5593] Chapada Gaúcha/MG… lat=-15.2946253 lon=-45.6284904
  [1524/5593] Chiador/MG… lat=-22.0041759 lon=-43.0575589
  [1525/5593] Cipotânea/MG… lat=-20.9052780 lon=-43.3655560
  [1526/5593] Claraval/MG… lat=-20.4019611 lon=-47.2851534
  [1527/5593] Claro dos Poções/MG… lat=-17.0758235 lon=-44.2117357
  [1528/5593] Cláudio/MG… lat=-20.4032329 lon=-44.7618365
  [1529/5593] Coimbra/MG… lat=-20.8563255 lon=-42.8026943
  [1530/5593] Coluna/MG… lat=-18.2327272 lon=-42.8402912
  [1531/5593] Comendador Gomes/MG… lat=-19.6951550 lon=-49.0843408
  [1532/5593] Comercinho/MG… lat=-16.2965820 lon=-41.7933407
  [1533/5593] Conceição da Aparecida/MG… lat=-21.0941660 lon=-46.2044440
  [1534/5593] Conceição da Barra de Minas/MG… lat=-21.1288890 lon=-44.4722230
  [1535/5593] Conceição das Alagoas/MG… lat=-19.9194009 lon=-48.3803414
  [1536/5593] Conceição das Pedras/MG… lat=-22.1596572 lon=-45.4550521
  [1537/5593] Conceição de Ipanema/MG… lat=-19.9290384 lon=-41.6905072
  [1538/5593] Conceição do Mato dentro/MG… lat=-19.0372220 lon=-43.4252780
  [1539/5593] Conceição do Pará/MG… lat=-19.7522220 lon=-44.8969440
  [1540/5593] Conceição do Rio Verde/MG… lat=-21.8810780 lon=-45.0868526
  [1541/5593] Conceição dos Ouros/MG… lat=-22.4124143 lon=-45.7970670
  [1542/5593] Cônego Marinho/MG… lat=-15.2974056 lon=-44.4140513
  [1543/5593] Confins/MG… lat=-19.6278749 lon=-43.9912311
  [1544/5593] Congonhal/MG… lat=-22.1532505 lon=-46.0404698
  [1545/5593] Congonhas/MG… lat=-20.5015168 lon=-43.8564586
  [1546/5593] Congonhas do Norte/MG… lat=-18.8100392 lon=-43.6783242
  [1547/5593] Conquista/MG… lat=-19.9369440 lon=-47.5430550
  [1548/5593] Conselheiro Lafaiete/MG… lat=-20.6596107 lon=-43.7857430
  [1549/5593] Conselheiro Pena/MG… lat=-19.1720883 lon=-41.4719950
  [1550/5593] Consolação/MG… lat=-22.5513890 lon=-45.9211110
  [1551/5593] Contagem/MG… lat=-19.9132749 lon=-44.0840953
  [1552/5593] Coqueiral/MG… lat=-21.1898365 lon=-45.4409829
  [1553/5593] Coração de Jesus/MG… lat=-16.6888187 lon=-44.3577401
  [1554/5593] Cordisburgo/MG… lat=-19.1258340 lon=-44.3202780
  [1555/5593] Cordislândia/MG… lat=-21.7928430 lon=-45.7029983
  [1556/5593] Corinto/MG… lat=-18.3150000 lon=-44.5802692
  [1557/5593] Coroaci/MG… lat=-18.6194369 lon=-42.2830239
  [1558/5593] Coromandel/MG… lat=-18.3433415 lon=-47.1647814
  [1559/5593] Coronel Fabriciano/MG… lat=-19.5200067 lon=-42.6282686
  [1560/5593] Coronel Murta/MG… lat=-16.6166083 lon=-42.1844146
  [1561/5593] Coronel Pacheco/MG… lat=-21.5878865 lon=-43.2615975
  [1562/5593] Coronel Xavier Chaves/MG… lat=-21.0234482 lon=-44.2233108
  [1563/5593] Córrego danta/MG… lat=-19.8238890 lon=-45.9041670
  [1564/5593] Córrego do Bom Jesus/MG… lat=-22.6305560 lon=-46.0197230
  [1565/5593] Córrego Fundo/MG… lat=-20.4490405 lon=-45.5558238
  [1566/5593] Córrego Novo/MG… lat=-19.8322230 lon=-42.3958330
  [1567/5593] Couto de Magalhães de Minas/MG… lat=-18.0730560 lon=-43.4718628
  [1568/5593] Crisólita/MG… lat=-17.2382595 lon=-40.9128691
  [1569/5593] Cristais/MG… lat=-20.8758340 lon=-45.5186110
  [1570/5593] Cristália/MG… lat=-16.7179933 lon=-42.8648107
  [1571/5593] Cristiano Otoni/MG… lat=-20.8324096 lon=-43.8053057
  [1572/5593] Cristina/MG… lat=-22.2122220 lon=-45.2641670
  [1573/5593] Crucilândia/MG… lat=-20.3985647 lon=-44.3429275
  [1574/5593] Cruzeiro da Fortaleza/MG… lat=-18.9461873 lon=-46.6738005
  [1575/5593] Cruzília/MG… lat=-21.8383330 lon=-44.8080560
  [1576/5593] Cuparaque/MG… lat=-18.9699032 lon=-41.0992818
  [1577/5593] Curral de dentro/MG… lat=-15.9378229 lon=-41.8545118
  [1578/5593] Curvelo/MG… lat=-18.7571926 lon=-44.4305993
  [1579/5593] datas/MG… lat=-18.4459187 lon=-43.6584287
  [1580/5593] delfim Moreira/MG… lat=-22.5086783 lon=-45.2792398
  [1581/5593] delfinópolis/MG… lat=-20.3447490 lon=-46.8546425
  [1582/5593] delta/MG… lat=-19.9769000 lon=-47.7711000
  [1583/5593] descoberto/MG… lat=-21.4594440 lon=-42.9672230
  [1584/5593] desterro de Entre Rios/MG… lat=-20.6600000 lon=-44.3322230
  [1585/5593] desterro do Melo/MG… lat=-21.1460033 lon=-43.5183290
  [1586/5593] Diamantina/MG… lat=-18.2440862 lon=-43.6006487
  [1587/5593] Diogo de Vasconcelos/MG… lat=-20.4868723 lon=-43.1984645
  [1588/5593] Dionísio/MG… lat=-19.8419440 lon=-42.7769450
  [1589/5593] Divinésia/MG… lat=-20.9902770 lon=-43.0038890
  [1590/5593] Divino/MG… lat=-20.5785000 lon=-42.1338326
  [1591/5593] Divino das Laranjeiras/MG… lat=-18.7782581 lon=-41.4797376
  [1592/5593] Divinolândia de Minas/MG… lat=-18.8021453 lon=-42.6153788
  [1593/5593] Divinópolis/MG… lat=-20.1597921 lon=-44.8739341
  [1594/5593] Divisa Alegre/MG… lat=-15.7208452 lon=-41.3433705
  [1595/5593] Divisa Nova/MG… lat=-21.5126801 lon=-46.1926626
  [1596/5593] Divisópolis/MG… lat=-15.7216545 lon=-41.0032019
  [1597/5593] dom Bosco/MG… lat=-16.6516044 lon=-46.2677917
  [1598/5593] dom Cavati/MG… lat=-19.3744152 lon=-42.1067301
  [1599/5593] dom Joaquim/MG… lat=-18.9671370 lon=-43.2552141
  [1600/5593] dom Silvério/MG… lat=-20.1631352 lon=-42.9666824
  [1601/5593] dom Viçoso/MG… lat=-22.2534164 lon=-45.1603324
  [1602/5593] dona Eusébia/MG… lat=-21.3166670 lon=-42.8105560
  [1603/5593] dores de Campos/MG… lat=-21.1072220 lon=-44.0225000
  [1604/5593] dores de Guanhães/MG… lat=-19.0578968 lon=-42.9292569
  [1605/5593] dores do Indaiá/MG… lat=-19.4636451 lon=-45.6016600
  [1606/5593] dores do Turvo/MG… lat=-20.9752780 lon=-43.1888890
  [1607/5593] doresópolis/MG… lat=-20.2872220 lon=-45.9030560
  [1608/5593] douradoquara/MG… lat=-18.4310620 lon=-47.6082690
  [1609/5593] Durandé/MG… lat=-20.2026282 lon=-41.7987770
  [1610/5593] Elói Mendes/MG… lat=-21.6094466 lon=-45.5660211
  [1611/5593] Engenheiro Caldas/MG… lat=-19.1989434 lon=-42.0469348
  [1612/5593] Engenheiro Navarro/MG… lat=-17.2866220 lon=-43.9515719
  [1613/5593] Entre Folhas/MG… lat=-19.6258823 lon=-42.2328975
  [1614/5593] Entre Rios de Minas/MG… lat=-20.6708340 lon=-44.0655560
  [1615/5593] Ervália/MG… lat=-20.8377232 lon=-42.6559789
  [1616/5593] Esmeraldas/MG… lat=-19.7613111 lon=-44.3145945
  [1617/5593] Espera Feliz/MG… lat=-20.6494192 lon=-41.9080693
  [1618/5593] Espinosa/MG… lat=-14.9043965 lon=-42.7926816
  [1619/5593] Espírito Santo do dourado/MG… lat=-22.0466660 lon=-45.9508330
  [1620/5593] Estiva/MG… lat=-22.4638686 lon=-46.0182101
  [1621/5593] Estrela dalva/MG… lat=-21.7416660 lon=-42.4608330
  [1622/5593] Estrela do Indaiá/MG… lat=-19.5225000 lon=-45.7875000
  [1623/5593] Estrela do Sul/MG… lat=-18.7420499 lon=-47.6900736
  [1624/5593] Eugenópolis/MG… lat=-21.0975490 lon=-42.1853298
  [1625/5593] Ewbank da Câmara/MG… lat=-21.5513890 lon=-43.5097220
  [1626/5593] Extrema/MG… lat=-22.8548355 lon=-46.3184553
  [1627/5593] Fama/MG… lat=-21.4090398 lon=-45.8322579
  [1628/5593] Faria Lemos/MG… lat=-20.8051202 lon=-42.0127393
  [1629/5593] Felício dos Santos/MG… lat=-18.0765035 lon=-43.2471128
  [1630/5593] Felisburgo/MG… lat=-16.6400483 lon=-40.7614691
  [1631/5593] Felixlândia/MG… lat=-18.7573983 lon=-44.8991465
  [1632/5593] Fernandes Tourinho/MG… lat=-19.1527780 lon=-42.0830560
  [1633/5593] Ferros/MG… lat=-19.2349840 lon=-43.0195420
  [1634/5593] Fervedouro/MG… lat=-20.7295764 lon=-42.2792737
  [1635/5593] Florestal/MG… lat=-19.8878705 lon=-44.4314766
  [1636/5593] Formiga/MG… lat=-20.4648425 lon=-45.4266753
  [1637/5593] Formoso/MG… lat=-14.9513078 lon=-46.2342470
  [1638/5593] Fortaleza de Minas/MG… lat=-20.8491660 lon=-46.7122220
  [1639/5593] Fortuna de Minas/MG… lat=-19.5616620 lon=-44.4451854
  [1640/5593] Francisco Badaró/MG… lat=-16.9917524 lon=-42.3508990
  [1641/5593] Francisco Dumont/MG… lat=-17.3117541 lon=-44.2322232
  [1642/5593] Francisco Sá/MG… lat=-16.4777211 lon=-43.4942587
  [1643/5593] Franciscópolis/MG… lat=-17.9591636 lon=-42.0088582
  [1644/5593] Frei Gaspar/MG… lat=-18.0633426 lon=-41.4300673
  [1645/5593] Frei Inocêncio/MG… lat=-18.5651322 lon=-41.9077144
  [1646/5593] Frei Lagonegro/MG… lat=-18.1671176 lon=-42.7656893
  [1647/5593] Fronteira/MG… lat=-20.2861110 lon=-49.2027780
  [1648/5593] Fronteira dos Vales/MG… lat=-16.8929212 lon=-40.9250417
  [1649/5593] Fruta de Leite/MG… lat=-16.1165821 lon=-42.5271706
  [1650/5593] Frutal/MG… lat=-20.0220064 lon=-48.9280076
  [1651/5593] Funilândia/MG… lat=-19.3711961 lon=-44.0599481
  [1652/5593] Galiléia/MG… lat=-19.0008297 lon=-41.5388481
  [1653/5593] Gameleiras/MG… lat=-15.0833558 lon=-43.1171391
  [1654/5593] Glaucilândia/MG… lat=-16.8497000 lon=-43.6972000
  [1655/5593] Goiabeira/MG… lat=-18.9819759 lon=-41.2246203
  [1656/5593] Goianá/MG… lat=-21.5375000 lon=-43.2014000
  [1657/5593] Gonçalves/MG… lat=-22.6588830 lon=-45.8558405
  [1658/5593] Gonzaga/MG… lat=-18.8239154 lon=-42.4787064
  [1659/5593] Gouveia/MG… lat=-18.4545728 lon=-43.7415904
  [1660/5593] Governador Valadares/MG… lat=-18.8574155 lon=-41.9439276
  [1661/5593] Grão Mogol/MG… lat=-16.5634214 lon=-42.8929185
  [1662/5593] Grupiara/MG… lat=-18.4927770 lon=-47.7225000
  [1663/5593] Guanhães/MG… lat=-18.7753627 lon=-42.9340634
  [1664/5593] Guapé/MG… lat=-20.7619937 lon=-45.9176017
  [1665/5593] Guaraciaba/MG… lat=-20.5718037 lon=-43.0057078
  [1666/5593] Guaraciama/MG… lat=-17.0129899 lon=-43.6696448
  [1667/5593] Guaranésia/MG… lat=-21.3024827 lon=-46.7956962
  [1668/5593] Guarani/MG… lat=-21.3589823 lon=-43.0496846
  [1669/5593] Guarará/MG… lat=-21.7319450 lon=-43.0377770
  [1670/5593] Guarda-Mor/MG… lat=-17.7698233 lon=-47.0986827
  [1671/5593] Guaxupé/MG… lat=-21.3087615 lon=-46.7190609
  [1672/5593] Guidoval/MG… lat=-21.1514477 lon=-42.7997151
  [1673/5593] Guimarânia/MG… lat=-18.8442251 lon=-46.7925141
  [1674/5593] Guiricema/MG… lat=-21.0086064 lon=-42.7190891
  [1675/5593] Gurinhatã/MG… lat=-19.2114486 lon=-49.7840077
  [1676/5593] Heliodora/MG… lat=-22.0675000 lon=-45.5422220
  [1677/5593] Iapu/MG… lat=-19.4363890 lon=-42.2172230
  [1678/5593] Ibertioga/MG… lat=-21.4311110 lon=-43.9661110
  [1679/5593] Ibiá/MG… lat=-19.4771843 lon=-46.5386956
  [1680/5593] Ibiaí/MG… lat=-16.8611110 lon=-44.9138890
  [1681/5593] Ibiracatu/MG… lat=-15.6666425 lon=-44.1651165
  [1682/5593] Ibiraci/MG… lat=-20.4619440 lon=-47.1222230
  [1683/5593] Ibirité/MG… lat=-20.0214251 lon=-44.0621506
  [1684/5593] Ibitiúra de Minas/MG… lat=-22.0608330 lon=-46.4397220
  [1685/5593] Ibituruna/MG… lat=-21.1515725 lon=-44.7474347
  [1686/5593] Icaraí de Minas/MG… lat=-16.2176592 lon=-44.9023441
  [1687/5593] Igarapé/MG… lat=-20.0573027 lon=-44.3279717
  [1688/5593] Igaratinga/MG… lat=-19.9552780 lon=-44.7089254
  [1689/5593] Iguatama/MG… lat=-20.1744450 lon=-45.7111110
  [1690/5593] Ijaci/MG… lat=-21.1700929 lon=-44.9280621
  [1691/5593] Ilicínea/MG… lat=-20.9390196 lon=-45.8263558
  [1692/5593] Imbé de Minas/MG… lat=-19.5989453 lon=-41.9694294
  [1693/5593] Inconfidentes/MG… lat=-22.3168866 lon=-46.3279182
  [1694/5593] Indaiabira/MG… lat=-15.4921781 lon=-42.1971235
  [1695/5593] Indianópolis/MG… lat=-19.0391972 lon=-47.9178436
  [1696/5593] Ingaí/MG… lat=-21.4008330 lon=-44.9172230
  [1697/5593] Inhapim/MG… lat=-19.5501834 lon=-42.1209879
  [1698/5593] Inhaúma/MG… lat=-19.4902770 lon=-44.3891660
  [1699/5593] Inimutaba/MG… lat=-18.7301732 lon=-44.3623971
  [1700/5593] Ipaba/MG… lat=-19.4113890 lon=-42.4200000
  [1701/5593] Ipanema/MG… lat=-19.7999954 lon=-41.7138807
  [1702/5593] Ipatinga/MG… lat=-19.4777807 lon=-42.5270802
  [1703/5593] Ipiaçu/MG… lat=-18.6934499 lon=-49.9439567
  [1704/5593] Ipuiúna/MG… lat=-22.0993203 lon=-46.1896557
  [1705/5593] Iraí de Minas/MG… lat=-18.9865339 lon=-47.4642202
  [1706/5593] Itabira/MG… lat=-19.6190169 lon=-43.2262480
  [1707/5593] Itabirinha/MG… lat=-18.5711894 lon=-41.2339862
  [1708/5593] Itabirito/MG… lat=-20.2519724 lon=-43.8029171
  [1709/5593] Itacambira/MG… lat=-17.0671616 lon=-43.3130919
  [1710/5593] Itacarambi/MG… lat=-15.1000000 lon=-44.0922220
  [1711/5593] Itaguara/MG… lat=-20.3913890 lon=-44.4880550
  [1712/5593] Itaipé/MG… lat=-17.4019440 lon=-41.6702780
  [1713/5593] Itajubá/MG… lat=-22.4238234 lon=-45.4524156
  [1714/5593] Itamarandiba/MG… lat=-17.8574369 lon=-42.8596742
  [1715/5593] Itamarati de Minas/MG… lat=-21.4158330 lon=-42.8177780
  [1716/5593] Itambacuri/MG… lat=-18.0391974 lon=-41.6751876
  [1717/5593] Itambé do Mato dentro/MG… lat=-19.4144399 lon=-43.3223059
  [1718/5593] Itamogi/MG… lat=-21.0793213 lon=-47.0486120
  [1719/5593] Itamonte/MG… lat=-22.2830726 lon=-44.8695785
  [1720/5593] Itanhandu/MG… lat=-22.2957913 lon=-44.9366732
  [1721/5593] Itanhomi/MG… lat=-19.1711110 lon=-41.8641670
  [1722/5593] Itaobim/MG… lat=-16.5614934 lon=-41.5022750
  [1723/5593] Itapagipe/MG… lat=-19.9033884 lon=-49.3666934
  [1724/5593] Itapecerica/MG… lat=-20.4727780 lon=-45.1255560
  [1725/5593] Itapeva/MG… lat=-22.7690638 lon=-46.2219340
  [1726/5593] Itatiaiuçu/MG… lat=-20.1975724 lon=-44.4224889
  [1727/5593] Itaú de Minas/MG… lat=-20.7397220 lon=-46.7522220
  [1728/5593] Itaúna/MG… lat=-20.0755560 lon=-44.5763890
  [1729/5593] Itaverava/MG… lat=-20.6763122 lon=-43.6098991
  [1730/5593] Itinga/MG… lat=-16.6066757 lon=-41.7702077
  [1731/5593] Itueta/MG… lat=-19.3962456 lon=-41.2263075
  [1732/5593] Ituiutaba/MG… lat=-18.9691887 lon=-49.4639335
  [1733/5593] Itumirim/MG… lat=-21.3179406 lon=-44.8705728
  [1734/5593] Iturama/MG… lat=-19.7272733 lon=-50.1934880
  [1735/5593] Itutinga/MG… lat=-21.2973830 lon=-44.6575084
  [1736/5593] Jaboticatubas/MG… lat=-19.5216670 lon=-43.7452770
  [1737/5593] Jacinto/MG… lat=-16.1437220 lon=-40.2914847
  [1738/5593] Jacuí/MG… lat=-21.0169567 lon=-46.7458301
  [1739/5593] Jacutinga/MG… lat=-22.2858330 lon=-46.6122220
  [1740/5593] Jaguaraçu/MG… lat=-19.6471951 lon=-42.7513291
  [1741/5593] Jaíba/MG… lat=-15.3373744 lon=-43.6734439
  [1742/5593] Jampruca/MG… lat=-18.4613981 lon=-41.8092299
  [1743/5593] Janaúba/MG… lat=-15.8103735 lon=-43.3052119
  [1744/5593] Januária/MG… lat=-15.3171850 lon=-45.2045505
  [1745/5593] Japaraíba/MG… lat=-20.1416346 lon=-45.5032099
  [1746/5593] Japonvar/MG… lat=-15.9980389 lon=-44.2755057
  [1747/5593] Jeceaba/MG… lat=-20.5353816 lon=-43.9833460
  [1748/5593] Jenipapo de Minas/MG… lat=-17.0849300 lon=-42.2595760
  [1749/5593] Jequeri/MG… lat=-20.4530560 lon=-42.6661110
  [1750/5593] Jequitaí/MG… lat=-17.2328217 lon=-44.4383463
  [1751/5593] Jequitibá/MG… lat=-19.2361583 lon=-44.0306300
  [1752/5593] Jequitinhonha/MG… lat=-16.4335098 lon=-41.0035557
  [1753/5593] Jesuânia/MG… lat=-21.9977770 lon=-45.2908330
  [1754/5593] Joaíma/MG… lat=-16.6550626 lon=-41.0251754
  [1755/5593] Joanésia/MG… lat=-19.1756282 lon=-42.6815534
  [1756/5593] João Monlevade/MG… lat=-19.8094440 lon=-43.1733340
  [1757/5593] João Pinheiro/MG… lat=-17.7427770 lon=-46.1752780
  [1758/5593] Joaquim Felício/MG… lat=-17.7602437 lon=-44.1701635
  [1759/5593] Jordânia/MG… lat=-15.8993329 lon=-40.1773383
  [1760/5593] José Gonçalves de Minas/MG… lat=-16.9066539 lon=-42.6074998
  [1761/5593] José Raydan/MG… lat=-18.2220672 lon=-42.4991123
  [1762/5593] Josenópolis/MG… lat=-16.5460934 lon=-42.5140963
  [1763/5593] Juatuba/MG… lat=-19.9549640 lon=-44.3629506
  [1764/5593] Juiz de Fora/MG… lat=-21.7609533 lon=-43.3501129
  [1765/5593] Juramento/MG… lat=-16.8458291 lon=-43.5867351
  [1766/5593] Juruaia/MG… lat=-21.2527780 lon=-46.5772230
  [1767/5593] Juvenília/MG… lat=-14.2660795 lon=-44.1618528
  [1768/5593] Ladainha/MG… lat=-17.6277540 lon=-41.7381960
  [1769/5593] Lagamar/MG… lat=-18.1789844 lon=-46.8077038
  [1770/5593] Lagoa da Prata/MG… lat=-20.0227780 lon=-45.5440462
  [1771/5593] Lagoa dos Patos/MG… lat=-16.9813367 lon=-44.5783125
  [1772/5593] Lagoa dourada/MG… lat=-20.9144440 lon=-44.0777780
  [1773/5593] Lagoa Formosa/MG… lat=-18.7741896 lon=-46.4082511
  [1774/5593] Lagoa Grande/MG… lat=-17.8361110 lon=-46.5172230
  [1775/5593] Lagoa Santa/MG… lat=-19.6357376 lon=-43.8966132
  [1776/5593] Lajinha/MG… lat=-20.1520595 lon=-41.6240623
  [1777/5593] Lambari/MG… lat=-21.9754009 lon=-45.3505415
  [1778/5593] Lamim/MG… lat=-20.7905386 lon=-43.4733218
  [1779/5593] Laranjal/MG… lat=-21.3652780 lon=-42.4777780
  [1780/5593] Lassance/MG… lat=-17.8869440 lon=-44.5766670
  [1781/5593] Lavras/MG… lat=-21.2425512 lon=-44.9991978
  [1782/5593] Leandro Ferreira/MG… lat=-19.7169632 lon=-45.0245003
  [1783/5593] Leme do Prado/MG… lat=-17.0827986 lon=-42.6952729
  [1784/5593] Leopoldina/MG… lat=-21.5314282 lon=-42.6403534
  [1785/5593] Liberdade/MG… lat=-22.0263303 lon=-44.3197395
  [1786/5593] Lima Duarte/MG… lat=-21.8427770 lon=-43.7927770
  [1787/5593] Limeira do Oeste/MG… lat=-19.5521959 lon=-50.5772673
  [1788/5593] Lontra/MG… lat=-15.9034782 lon=-44.3030383
  [1789/5593] Luisburgo/MG… lat=-20.4394000 lon=-42.1025000
  [1790/5593] Luislândia/MG… lat=-16.1150169 lon=-44.5849349
  [1791/5593] Luminárias/MG… lat=-21.5112256 lon=-44.9038130
  [1792/5593] Luz/MG… lat=-19.7903123 lon=-45.6818948
  [1793/5593] Machacalis/MG… lat=-17.0784105 lon=-40.7175983
  [1794/5593] Machado/MG… lat=-21.6762861 lon=-45.9211696
  [1795/5593] Madre de deus de Minas/MG… lat=-21.4822230 lon=-44.3297230
  [1796/5593] Malacacheta/MG… lat=-17.8428204 lon=-42.0786194
  [1797/5593] Mamonas/MG… lat=-15.0477099 lon=-42.9499586
  [1798/5593] Manga/MG… lat=-14.7528035 lon=-43.9417044
  [1799/5593] Manhuaçu/MG… lat=-20.2574434 lon=-42.0340769
  [1800/5593] Manhumirim/MG… lat=-20.3558674 lon=-41.9606334
  [1801/5593] Mantena/MG… lat=-18.7809937 lon=-40.9808279
  [1802/5593] Mar de Espanha/MG… lat=-21.8669450 lon=-43.0100000
  [1803/5593] Maravilhas/MG… lat=-19.5152780 lon=-44.6763890
  [1804/5593] Maria da Fé/MG… lat=-22.3081652 lon=-45.3752771
  [1805/5593] Mariana/MG… lat=-20.3778311 lon=-43.4163272
  [1806/5593] Marilac/MG… lat=-18.5075000 lon=-42.0802780
  [1807/5593] Mário Campos/MG… lat=-20.0511000 lon=-44.1858000
  [1808/5593] Maripá de Minas/MG… lat=-21.6975000 lon=-42.9591670
  [1809/5593] Marliéria/MG… lat=-19.7118670 lon=-42.7343059
  [1810/5593] Marmelópolis/MG… lat=-22.4488890 lon=-45.1652780
  [1811/5593] Martinho Campos/MG… lat=-19.3319450 lon=-45.2366660
  [1812/5593] Martins Soares/MG… lat=-20.2574182 lon=-41.8771753
  [1813/5593] Mata Verde/MG… lat=-15.6874451 lon=-40.7391431
  [1814/5593] Materlândia/MG… lat=-18.4738890 lon=-43.0600000
  [1815/5593] Mateus Leme/MG… lat=-19.9866660 lon=-44.4280560
  [1816/5593] Mathias Lobato/MG… lat=-18.5760459 lon=-41.9155448
  [1817/5593] Matias Barbosa/MG… lat=-21.8691643 lon=-43.3180624
  [1818/5593] Matias Cardoso/MG… lat=-14.8564322 lon=-43.9200639
  [1819/5593] Matipó/MG… lat=-20.2896695 lon=-42.3426599
  [1820/5593] Mato Verde/MG… lat=-15.3942731 lon=-42.8624286
  [1821/5593] Matozinhos/MG… lat=-19.5576547 lon=-44.0816035
  [1822/5593] Matutina/MG… lat=-19.2219560 lon=-45.9701654
  [1823/5593] Medeiros/MG… lat=-19.9954552 lon=-46.2210801
  [1824/5593] Medina/MG… lat=-16.2270466 lon=-41.4763373
  [1825/5593] Mendes Pimentel/MG… lat=-18.6580044 lon=-41.4021612
  [1826/5593] Mercês/MG… lat=-21.1947265 lon=-43.3407272
  [1827/5593] Mesquita/MG… lat=-19.2210270 lon=-42.6071142
  [1828/5593] Minas Novas/MG… lat=-17.2174708 lon=-42.5948332
  [1829/5593] Minduri/MG… lat=-21.6817218 lon=-44.6036995
  [1830/5593] Mirabela/MG… lat=-16.2547215 lon=-44.1639075
  [1831/5593] Miradouro/MG… lat=-20.8905837 lon=-42.3434785
  [1832/5593] Miraí/MG… lat=-21.1957417 lon=-42.6125153
  [1833/5593] Miravânia/MG… lat=-14.7492867 lon=-44.4108445
  [1834/5593] Moeda/MG… lat=-20.3330560 lon=-44.0525000
  [1835/5593] Moema/MG… lat=-19.8435409 lon=-45.4106241
  [1836/5593] Monjolos/MG… lat=-18.3242667 lon=-44.1187729
  [1837/5593] Monsenhor Paulo/MG… lat=-21.7577780 lon=-45.5411110
  [1838/5593] Montalvânia/MG… lat=-14.4230168 lon=-44.3701782
  [1839/5593] Monte Alegre de Minas/MG… lat=-18.8702780 lon=-48.8805560
  [1840/5593] Monte Azul/MG… lat=-15.1531999 lon=-42.8711742
  [1841/5593] Monte Belo/MG… lat=-21.3225052 lon=-46.3649768
  [1842/5593] Monte Carmelo/MG… lat=-18.7260939 lon=-47.4958859
  [1843/5593] Monte Formoso/MG… lat=-16.8669394 lon=-41.2543539
  [1844/5593] Monte Santo de Minas/MG… lat=-21.1897220 lon=-46.9800000
  [1845/5593] Monte Sião/MG… lat=-22.4327780 lon=-46.5727780
  [1846/5593] Montes Claros/MG… lat=-16.7495727 lon=-43.8687268
  [1847/5593] Montezuma/MG… lat=-15.1720888 lon=-42.5013371
  [1848/5593] Morada Nova de Minas/MG… lat=-18.6024892 lon=-45.3513867
  [1849/5593] Morro da Garça/MG… lat=-18.5435188 lon=-44.6030199
  [1850/5593] Morro do Pilar/MG… lat=-19.2163890 lon=-43.3766670
  [1851/5593] Munhoz/MG… lat=-22.6130560 lon=-46.3605560
  [1852/5593] Muriaé/MG… lat=-21.1313485 lon=-42.3628918
  [1853/5593] Mutum/MG… lat=-19.8172230 lon=-41.4383330
  [1854/5593] Muzambinho/MG… lat=-21.3684325 lon=-46.5223170
  [1855/5593] Nacip Raydan/MG… lat=-18.4575634 lon=-42.2496073
  [1856/5593] Nanuque/MG… lat=-17.8393915 lon=-40.3494631
  [1857/5593] Naque/MG… lat=-19.2271271 lon=-42.3280185
  [1858/5593] Natalândia/MG… lat=-16.5042000 lon=-46.4933000
  [1859/5593] Natércia/MG… lat=-22.1200000 lon=-45.5113890
  [1860/5593] Nazareno/MG… lat=-21.2189807 lon=-44.6151354
  [1861/5593] Nepomuceno/MG… lat=-21.2327440 lon=-45.2352276
  [1862/5593] Ninheira/MG… lat=-15.3188130 lon=-41.7540325
  [1863/5593] Nova Belém/MG… lat=-18.4914334 lon=-41.1050052
  [1864/5593] Nova Era/MG… lat=-19.7661110 lon=-43.0369440
  [1865/5593] Nova Lima/MG… lat=-19.9854089 lon=-43.8470691
  [1866/5593] Nova Módica/MG… lat=-18.4392679 lon=-41.5006849
  [1867/5593] Nova Ponte/MG… lat=-19.1692213 lon=-47.6717642
  [1868/5593] Nova Porteirinha/MG… lat=-15.8030559 lon=-43.3011842
  [1869/5593] Nova Resende/MG… lat=-21.1263862 lon=-46.4245370
  [1870/5593] Nova Serrana/MG… lat=-19.8758340 lon=-44.9841660
  [1871/5593] Nova União/MG… lat=-19.6901893 lon=-43.5801070
  [1872/5593] Novo Cruzeiro/MG… lat=-17.4674406 lon=-41.8767107
  [1873/5593] Novo Oriente de Minas/MG… lat=-17.4154318 lon=-41.2172113
  [1874/5593] Novorizonte/MG… lat=-16.0179567 lon=-42.4079145
  [1875/5593] Olaria/MG… lat=-21.9092088 lon=-43.9472508
  [1876/5593] Olhos-D'água/MG… lat=-17.3988426 lon=-43.5715884
  [1877/5593] Olímpio Noronha/MG… lat=-22.0677780 lon=-45.2638890
  [1878/5593] Oliveira/MG… lat=-20.6971953 lon=-44.8273969
  [1879/5593] Oliveira Fortes/MG… lat=-21.3391156 lon=-43.4577139
  [1880/5593] Onça de Pitangui/MG… lat=-19.7300000 lon=-44.8072220
  [1881/5593] Oratórios/MG… lat=-20.4303000 lon=-42.8056000
  [1882/5593] Orizânia/MG… lat=-20.5062049 lon=-42.2076114
  [1883/5593] Ouro Branco/MG… lat=-20.5260030 lon=-43.6629628
  [1884/5593] Ouro Fino/MG… lat=-22.2830560 lon=-46.3691670
  [1885/5593] Ouro Preto/MG… lat=-20.3856712 lon=-43.5036166
  [1886/5593] Ouro Verde de Minas/MG… lat=-18.0695301 lon=-41.2723950
  [1887/5593] Padre Carvalho/MG… lat=-16.3647000 lon=-42.5150000
  [1888/5593] Padre Paraíso/MG… lat=-17.0750322 lon=-41.4850334
  [1889/5593] Pai Pedro/MG… lat=-15.5311251 lon=-43.0667102
  [1890/5593] Paineiras/MG… lat=-18.9041670 lon=-45.5347220
  [1891/5593] Pains/MG… lat=-20.3672648 lon=-45.6633353
  [1892/5593] Paiva/MG… lat=-21.2894410 lon=-43.4175347
  [1893/5593] Palma/MG… lat=-21.3753167 lon=-42.3175405
  [1894/5593] Palmópolis/MG… lat=-16.7356469 lon=-40.4205565
  [1895/5593] Papagaios/MG… lat=-19.4487775 lon=-44.7478694
  [1896/5593] Pará de Minas/MG… lat=-19.8668656 lon=-44.5912664
  [1897/5593] Paracatu/MG… lat=-17.2174056 lon=-46.8707514
  [1898/5593] Paraguaçu/MG… lat=-21.5472220 lon=-45.7375000
  [1899/5593] Paraisópolis/MG… lat=-22.5541683 lon=-45.7800024
  [1900/5593] Paraopeba/MG… lat=-19.2756823 lon=-44.4034123
  [1901/5593] Passa-Vinte/MG… lat=-22.2097220 lon=-44.2344386
  [1902/5593] Passa Quatro/MG… lat=-22.3893803 lon=-44.9666039
  [1903/5593] Passa Tempo/MG… lat=-20.6505560 lon=-44.4958330
  [1904/5593] Passabém/MG… lat=-19.3521707 lon=-43.1374619
  [1905/5593] Passos/MG… lat=-20.7167803 lon=-46.6156864
  [1906/5593] Patis/MG… lat=-16.0806266 lon=-44.0805727
  [1907/5593] Patos de Minas/MG… lat=-18.6041453 lon=-46.5096698
  [1908/5593] Patrocínio/MG… lat=-18.9408294 lon=-46.9926624
  [1909/5593] Patrocínio do Muriaé/MG… lat=-21.1533330 lon=-42.2144440
  [1910/5593] Paula Cândido/MG… lat=-20.8737735 lon=-42.9862733
  [1911/5593] Paulistas/MG… lat=-18.4268235 lon=-42.8689535
  [1912/5593] Pavão/MG… lat=-17.4306990 lon=-40.9991361
  [1913/5593] Peçanha/MG… lat=-18.5479498 lon=-42.5590434
  [1914/5593] Pedra Azul/MG… lat=-16.0058567 lon=-41.2793731
  [1915/5593] Pedra Bonita/MG… lat=-20.5203750 lon=-42.3296975
  [1916/5593] Pedra do Anta/MG… lat=-20.5962822 lon=-42.7179792
  [1917/5593] Pedra do Indaiá/MG… lat=-20.2583330 lon=-45.2086110
  [1918/5593] Pedra dourada/MG… lat=-20.8317801 lon=-42.1554636
  [1919/5593] Pedralva/MG… lat=-22.2430204 lon=-45.4659326
  [1920/5593] Pedras de Maria da Cruz/MG… lat=-15.6058330 lon=-44.3919440
  [1921/5593] Pedrinópolis/MG… lat=-19.2275000 lon=-47.4619440
  [1922/5593] Pedro Leopoldo/MG… lat=-19.6177780 lon=-44.0430550
  [1923/5593] Pedro Teixeira/MG… lat=-21.7056637 lon=-43.7492357
  [1924/5593] Pequeri/MG… lat=-21.8369971 lon=-43.1207799
  [1925/5593] Pequi/MG… lat=-19.6315163 lon=-44.6597262
  [1926/5593] Perdigão/MG… lat=-19.9530560 lon=-45.0841660
  [1927/5593] Perdizes/MG… lat=-19.3503361 lon=-47.2938235
  [1928/5593] Perdões/MG… lat=-21.0919737 lon=-45.0903543
  [1929/5593] Periquito/MG… lat=-19.1559319 lon=-42.2412259
  [1930/5593] Pescador/MG… lat=-18.3563609 lon=-41.5981451
  [1931/5593] Piau/MG… lat=-21.5074738 lon=-43.3205870
  [1932/5593] Piedade de Caratinga/MG… lat=-19.7601211 lon=-42.0767321
  [1933/5593] Piedade de Ponte Nova/MG… lat=-20.2453560 lon=-42.7343107
  [1934/5593] Piedade do Rio Grande/MG… lat=-21.4679371 lon=-44.1939394
  [1935/5593] Piedade dos Gerais/MG… lat=-20.4711110 lon=-44.2269450
  [1936/5593] Pimenta/MG… lat=-20.4827995 lon=-45.7985894
  [1937/5593] Pingo-D'água/MG… lat=-19.7284768 lon=-42.4098217
  [1938/5593] Pintópolis/MG… lat=-16.0572809 lon=-45.1466972
  [1939/5593] Piracema/MG… lat=-20.5091579 lon=-44.4754464
  [1940/5593] Pirajuba/MG… lat=-19.9090891 lon=-48.7016830
  [1941/5593] Piranga/MG… lat=-20.6850000 lon=-43.3000000
  [1942/5593] Piranguçu/MG… lat=-22.5280226 lon=-45.4961066
  [1943/5593] Piranguinho/MG… lat=-22.4029372 lon=-45.5338952
  [1944/5593] Pirapetinga/MG… lat=-21.6569030 lon=-42.3459550
  [1945/5593] Pirapora/MG… lat=-17.3493765 lon=-44.9507904
  [1946/5593] Piraúba/MG… lat=-21.2769450 lon=-43.0258340
  [1947/5593] Pitangui/MG… lat=-19.6822230 lon=-44.8905550
  [1948/5593] Piumhi/MG… lat=-20.4675258 lon=-45.9576125
  [1949/5593] Planura/MG… lat=-20.1368583 lon=-48.7066819
  [1950/5593] Poço Fundo/MG… lat=-21.7808340 lon=-45.9650000
  [1951/5593] Poços de Caldas/MG… lat=-21.7900318 lon=-46.5647928
  [1952/5593] Pocrane/MG… lat=-19.6201477 lon=-41.6365906
  [1953/5593] Pompéu/MG… lat=-19.2186110 lon=-45.0027780
  [1954/5593] Ponte Nova/MG… lat=-20.4164353 lon=-42.9087800
  [1955/5593] Ponto Chique/MG… lat=-16.6328913 lon=-45.0637456
  [1956/5593] Ponto dos Volantes/MG… lat=-16.7532049 lon=-41.5044548
  [1957/5593] Porteirinha/MG… lat=-15.7420889 lon=-43.0286046
  [1958/5593] Porto Firme/MG… lat=-20.6727780 lon=-43.0844440
  [1959/5593] Poté/MG… lat=-17.8074949 lon=-41.7892455
  [1960/5593] Pouso Alegre/MG… lat=-22.2343858 lon=-45.9327241
  [1961/5593] Pouso Alto/MG… lat=-22.1938890 lon=-44.9727780
  [1962/5593] Prados/MG… lat=-21.0572943 lon=-44.0788784
  [1963/5593] Prata/MG… lat=-19.2761198 lon=-48.9600367
  [1964/5593] Pratápolis/MG… lat=-20.7444262 lon=-46.8607973
  [1965/5593] Pratinha/MG… lat=-19.7530422 lon=-46.3824103
  [1966/5593] Presidente Bernardes/MG… lat=-20.7685467 lon=-43.1877237
  [1967/5593] Presidente Juscelino/MG… lat=-18.6388028 lon=-44.0604419
  [1968/5593] Presidente Kubitschek/MG… lat=-18.6141670 lon=-43.5616670
  [1969/5593] Presidente Olegário/MG… lat=-18.4150000 lon=-46.4197230
  [1970/5593] Prudente de Morais/MG… lat=-19.4825000 lon=-44.1555560
  [1971/5593] Quartel Geral/MG… lat=-19.2730674 lon=-45.5570007
  [1972/5593] Queluzito/MG… lat=-20.7400782 lon=-43.8847712
  [1973/5593] Raposos/MG… lat=-19.9672230 lon=-43.8041670
  [1974/5593] Raul Soares/MG… lat=-20.1022220 lon=-42.4519440
  [1975/5593] Recreio/MG… lat=-21.5248205 lon=-42.4689256
  [1976/5593] Reduto/MG… lat=-20.2442531 lon=-41.9839974
  [1977/5593] Resende Costa/MG… lat=-20.9219450 lon=-44.2377770
  [1978/5593] Resplendor/MG… lat=-19.3254413 lon=-41.2554622
  [1979/5593] Ressaquinha/MG… lat=-21.0630560 lon=-43.7627780
  [1980/5593] Riachinho/MG… lat=-16.2212448 lon=-45.9997305
  [1981/5593] Riacho dos Machados/MG… lat=-16.0066670 lon=-43.0491660
  [1982/5593] Ribeirão das Neves/MG… lat=-19.7672898 lon=-44.0875436
  [1983/5593] Ribeirão Vermelho/MG… lat=-21.1881942 lon=-45.0627632
  [1984/5593] Rio Acima/MG… lat=-20.0875000 lon=-43.7891660
  [1985/5593] Rio Casca/MG… lat=-20.2259723 lon=-42.6515398
  [1986/5593] Rio do Prado/MG… lat=-16.6086428 lon=-40.5699193
  [1987/5593] Rio doce/MG… lat=-20.2447972 lon=-42.8970432
  [1988/5593] Rio Espera/MG… lat=-20.8571756 lon=-43.4729342
  [1989/5593] Rio Manso/MG… lat=-20.2650790 lon=-44.3090284
  [1990/5593] Rio Novo/MG… lat=-21.4753189 lon=-43.1250813
  [1991/5593] Rio Paranaíba/MG… lat=-19.2467699 lon=-46.3181548
  [1992/5593] Rio Pardo de Minas/MG… lat=-15.6106289 lon=-42.5387444
  [1993/5593] Rio Piracicaba/MG… lat=-19.6001644 lon=-42.7551958
  [1994/5593] Rio Pomba/MG… lat=-21.2345000 lon=-43.1818341
  [1995/5593] Rio Preto/MG… lat=-22.0894440 lon=-43.8275000
  [1996/5593] Rio Vermelho/MG… lat=-18.2932731 lon=-43.0084060
  [1997/5593] Ritápolis/MG… lat=-21.0250052 lon=-44.3186566
  [1998/5593] Rochedo de Minas/MG… lat=-21.6295358 lon=-43.0195125
  [1999/5593] Rodeiro/MG… lat=-21.2002780 lon=-42.8650000
  [2000/5593] Romaria/MG… lat=-18.8823522 lon=-47.5854354
  [2001/5593] Rosário da Limeira/MG… lat=-20.9793178 lon=-42.5107009
  [2002/5593] Rubelita/MG… lat=-16.4086519 lon=-42.2625233
  [2003/5593] Rubim/MG… lat=-16.3788673 lon=-40.5413472
  [2004/5593] Sabará/MG… lat=-19.8900372 lon=-43.8107916
  [2005/5593] Sabinópolis/MG… lat=-18.6656839 lon=-43.0830439
  [2006/5593] Sacramento/MG… lat=-19.8652854 lon=-47.4402746
  [2007/5593] Salinas/MG… lat=-16.1701004 lon=-42.2896546
  [2008/5593] Salto da Divisa/MG… lat=-15.9962117 lon=-39.9504365
  [2009/5593] Santa Bárbara/MG… lat=-19.9594440 lon=-43.4152780
  [2010/5593] Santa Bárbara do Leste/MG… lat=-19.9783340 lon=-42.1405550
  [2011/5593] Santa Bárbara do Monte Verde/MG… lat=-21.9578146 lon=-43.7024953
  [2012/5593] Santa Bárbara do Tugúrio/MG… lat=-21.2458330 lon=-43.5594440
  [2013/5593] Santa Cruz de Minas/MG… lat=-21.1205363 lon=-44.2272610
  [2014/5593] Santa Cruz de Salinas/MG… lat=-16.0978925 lon=-41.7483049
  [2015/5593] Santa Cruz do Escalvado/MG… lat=-20.2355745 lon=-42.8142315
  [2016/5593] Santa Efigênia de Minas/MG… lat=-18.8271809 lon=-42.4396055
  [2017/5593] Santa Fé de Minas/MG… lat=-16.6891740 lon=-45.4139828
  [2018/5593] Santa Helena de Minas/MG… lat=-16.9376858 lon=-40.6854023
  [2019/5593] Santa Juliana/MG… lat=-19.3086110 lon=-47.5250000
  [2020/5593] Santa Luzia/MG… lat=-19.7702097 lon=-43.8505291
  [2021/5593] Santa Margarida/MG… lat=-20.3817696 lon=-42.2522123
  [2022/5593] Santa Maria de Itabira/MG… lat=-19.4483453 lon=-43.1167817
  [2023/5593] Santa Maria do Salto/MG… lat=-16.2490112 lon=-40.1484503
  [2024/5593] Santa Maria do Suaçuí/MG… lat=-18.1894783 lon=-42.4188445
  [2025/5593] Santa Rita de Caldas/MG… lat=-22.0288890 lon=-46.3369440
  [2026/5593] Santa Rita de Ibitipoca/MG… lat=-21.5625000 lon=-43.9147220
  [2027/5593] Santa Rita de Jacutinga/MG… lat=-22.1491660 lon=-44.0944440
  [2028/5593] Santa Rita de Minas/MG… lat=-19.8745404 lon=-42.1325122
  [2029/5593] Santa Rita do Itueto/MG… lat=-19.3576722 lon=-41.3801488
  [2030/5593] Santa Rita do Sapucaí/MG… lat=-22.2486968 lon=-45.7064507
  [2031/5593] Santa Rosa da Serra/MG… lat=-19.5271986 lon=-45.9659869
  [2032/5593] Santa Vitória/MG… lat=-18.9755586 lon=-50.2367947
  [2033/5593] Santana da Vargem/MG… lat=-21.2491719 lon=-45.5068185
  [2034/5593] Santana de Cataguases/MG… lat=-21.2871462 lon=-42.5569749
  [2035/5593] Santana de Pirapama/MG… lat=-19.0075000 lon=-44.0408330
  [2036/5593] Santana do deserto/MG… lat=-21.9500000 lon=-43.1666670
  [2037/5593] Santana do Garambéu/MG… lat=-21.6013890 lon=-44.1041670
  [2038/5593] Santana do Jacaré/MG… lat=-20.9023708 lon=-45.1274193
  [2039/5593] Santana do Manhuaçu/MG… lat=-20.1075000 lon=-41.9255560
  [2040/5593] Santana do Paraíso/MG… lat=-19.3652914 lon=-42.5494833
  [2041/5593] Santana do Riacho/MG… lat=-19.1686110 lon=-43.7144440
  [2042/5593] Santana dos Montes/MG… lat=-20.7864702 lon=-43.6912683
  [2043/5593] Santo Antônio do Amparo/MG… lat=-20.9413389 lon=-44.9187397
  [2044/5593] Santo Antônio do Aventureiro/MG… lat=-21.7579052 lon=-42.8155660
  [2045/5593] Santo Antônio do Grama/MG… lat=-20.3144440 lon=-42.6086110
  [2046/5593] Santo Antônio do Itambé/MG… lat=-18.4654706 lon=-43.3058343
  [2047/5593] Santo Antônio do Jacinto/MG… lat=-16.5330660 lon=-40.1752483
  [2048/5593] Santo Antônio do Monte/MG… lat=-20.0869440 lon=-45.2905550
  [2049/5593] Santo Antônio do Retiro/MG… lat=-15.3423872 lon=-42.6234885
  [2050/5593] Santo Antônio do Rio Abaixo/MG… lat=-19.2280364 lon=-43.2532149
  [2051/5593] Santo Hipólito/MG… lat=-18.2965683 lon=-44.2214292
  [2052/5593] Santos Dumont/MG… lat=-21.4561459 lon=-43.5522734
  [2053/5593] São Bento Abade/MG… lat=-21.5816076 lon=-45.0759227
  [2054/5593] São Brás do Suaçuí/MG… lat=-20.6250000 lon=-43.9488890
  [2055/5593] São domingos das dores/MG… lat=-19.5281943 lon=-42.0132239
  [2056/5593] São domingos do Prata/MG… lat=-19.8671078 lon=-42.9658318
  [2057/5593] São Félix de Minas/MG… lat=-18.5907117 lon=-41.4873737
  [2058/5593] São Francisco/MG… lat=-15.8575867 lon=-44.8897571
  [2059/5593] São Francisco de Paula/MG… lat=-20.7098288 lon=-44.9817485
  [2060/5593] São Francisco de Sales/MG… lat=-19.8630560 lon=-49.7738890
  [2061/5593] São Francisco do Glória/MG… lat=-20.7898292 lon=-42.2676959
  [2062/5593] São Geraldo/MG… lat=-20.9221894 lon=-42.8343489
  [2063/5593] São Geraldo da Piedade/MG… lat=-18.8449508 lon=-42.2886336
  [2064/5593] São Geraldo do Baixio/MG… lat=-18.9172142 lon=-41.3598026
  [2065/5593] São Gonçalo do Abaeté/MG… lat=-18.3420302 lon=-45.8341120
  [2066/5593] São Gonçalo do Pará/MG… lat=-19.9827780 lon=-44.8591670
  [2067/5593] São Gonçalo do Rio Abaixo/MG… lat=-19.8252042 lon=-43.3621260
  [2068/5593] São Gonçalo do Rio Preto/MG… lat=-18.0042852 lon=-43.3811575
  [2069/5593] São Gonçalo do Sapucaí/MG… lat=-21.8905238 lon=-45.5935943
  [2070/5593] São Gotardo/MG… lat=-19.3168844 lon=-46.0476596
  [2071/5593] São João Batista do Glória/MG… lat=-20.6413912 lon=-46.5052866
  [2072/5593] São João da Lagoa/MG… lat=-16.8515020 lon=-44.3460615
  [2073/5593] São João da Mata/MG… lat=-21.9311736 lon=-45.9287155
  [2074/5593] São João da Ponte/MG… lat=-15.9283299 lon=-44.0078035
  [2075/5593] São João das Missões/MG… lat=-14.8808771 lon=-44.0829518
  [2076/5593] São João del Rei/MG… lat=-21.1335755 lon=-44.2588086
  [2077/5593] São João do Manhuaçu/MG… lat=-20.3941216 lon=-42.1512810
  [2078/5593] São João do Manteninha/MG… lat=-18.7229295 lon=-41.1615277
  [2079/5593] São João do Oriente/MG… lat=-19.3408771 lon=-42.1550791
  [2080/5593] São João do Pacuí/MG… lat=-16.5374481 lon=-44.5309375
  [2081/5593] São João do Paraíso/MG… lat=-15.3540000 lon=-42.0433914
  [2082/5593] São João Evangelista/MG… lat=-18.4945000 lon=-42.7589509
  [2083/5593] São João Nepomuceno/MG… lat=-21.5359158 lon=-43.0151428
  [2084/5593] São Joaquim de Bicas/MG… lat=-20.0489052 lon=-44.2731691
  [2085/5593] São José da Barra/MG… lat=-20.7180697 lon=-46.3125073
  [2086/5593] São José da Lapa/MG… lat=-19.6988548 lon=-43.9583194
  [2087/5593] São José da Safira/MG… lat=-18.3241670 lon=-42.1433330
  [2088/5593] São José da Varginha/MG… lat=-19.7087286 lon=-44.5577812
  [2089/5593] São José do Alegre/MG… lat=-22.3304490 lon=-45.5284585
  [2090/5593] São José do Divino/MG… lat=-18.4797980 lon=-41.3893208
  [2091/5593] São José do Goiabal/MG… lat=-19.9250980 lon=-42.7083162
  [2092/5593] São José do Jacuri/MG… lat=-18.2773091 lon=-42.6714372
  [2093/5593] São José do Mantimento/MG… lat=-20.0039580 lon=-41.7458061
  [2094/5593] São Lourenço/MG… lat=-22.1163890 lon=-45.0541670
  [2095/5593] São Miguel do Anta/MG… lat=-20.7065375 lon=-42.7195395
  [2096/5593] São Pedro da União/MG… lat=-21.1316402 lon=-46.6175338
  [2097/5593] São Pedro do Suaçuí/MG… lat=-18.3655560 lon=-42.6027780
  [2098/5593] São Pedro dos Ferros/MG… lat=-20.1706687 lon=-42.5229010
  [2099/5593] São Romão/MG… lat=-16.3687716 lon=-45.0678597
  [2100/5593] São Roque de Minas/MG… lat=-20.2452770 lon=-46.3658330
  [2101/5593] São Sebastião da Bela Vista/MG… lat=-22.1591670 lon=-45.7541670
  [2102/5593] São Sebastião da Vargem Alegre/MG… lat=-21.0716128 lon=-42.6371378
  [2103/5593] São Sebastião do Anta/MG… lat=-19.4972592 lon=-41.9834280
  [2104/5593] São Sebastião do Maranhão/MG… lat=-18.0859051 lon=-42.5694478
  [2105/5593] São Sebastião do Oeste/MG… lat=-20.2747230 lon=-45.0036110
  [2106/5593] São Sebastião do Paraíso/MG… lat=-20.9124331 lon=-46.9823296
  [2107/5593] São Sebastião do Rio Preto/MG… lat=-19.2923414 lon=-43.1758535
  [2108/5593] São Sebastião do Rio Verde/MG… lat=-22.2174751 lon=-44.9783312
  [2109/5593] São Thomé das Letras/MG… lat=-21.7218272 lon=-44.9849435
  [2110/5593] São Tiago/MG… lat=-20.9130560 lon=-44.5091670
  [2111/5593] São Tomás de Aquino/MG… lat=-20.7844139 lon=-47.0977170
  [2112/5593] São Vicente de Minas/MG… lat=-21.7033330 lon=-44.4438890
  [2113/5593] Sapucaí-Mirim/MG… lat=-22.7480012 lon=-45.7427651
  [2114/5593] Sardoá/MG… lat=-18.7817160 lon=-42.3652762
  [2115/5593] Sarzedo/MG… lat=-20.0353000 lon=-44.1453000
  [2116/5593] Sem-Peixe/MG… lat=-20.1015407 lon=-42.8408301
  [2117/5593] Senador Amaral/MG… lat=-22.5875000 lon=-46.1766670
  [2118/5593] Senador Cortes/MG… lat=-21.8009734 lon=-42.9450985
  [2119/5593] Senador Firmino/MG… lat=-20.9169703 lon=-43.1001236
  [2120/5593] Senador José Bento/MG… lat=-22.1641985 lon=-46.1785855
  [2121/5593] Senador Modestino Gonçalves/MG… lat=-17.9496602 lon=-43.2257678
  [2122/5593] Senhora de Oliveira/MG… lat=-20.7938890 lon=-43.3441660
  [2123/5593] Senhora do Porto/MG… lat=-18.8905778 lon=-43.0844887
  [2124/5593] Senhora dos Remédios/MG… lat=-21.0280560 lon=-43.5827780
  [2125/5593] Sericita/MG… lat=-20.4735442 lon=-42.4817592
  [2126/5593] Seritinga/MG… lat=-21.9096949 lon=-44.5216061
  [2127/5593] Serra Azul de Minas/MG… lat=-18.3622042 lon=-43.1702095
  [2128/5593] Serra da Saudade/MG… lat=-19.4404288 lon=-45.7931291
  [2129/5593] Serra do Salitre/MG… lat=-19.1101839 lon=-46.6809858
  [2130/5593] Serra dos Aimorés/MG… lat=-17.7851517 lon=-40.2460739
  [2131/5593] Serrania/MG… lat=-21.5479060 lon=-46.0404553
  [2132/5593] Serranópolis de Minas/MG… lat=-15.8109350 lon=-42.8711820
  [2133/5593] Serranos/MG… lat=-21.8902770 lon=-44.5094440
  [2134/5593] Serro/MG… lat=-18.6044440 lon=-43.3794450
  [2135/5593] Sete Lagoas/MG… lat=-19.4661110 lon=-44.2469440
  [2136/5593] Setubinha/MG… lat=-17.6001378 lon=-42.1620269
  [2137/5593] Silveirânia/MG… lat=-21.1586110 lon=-43.2155560
  [2138/5593] Silvianópolis/MG… lat=-22.0297230 lon=-45.8352770
  [2139/5593] Simão Pereira/MG… lat=-21.9643721 lon=-43.3127092
  [2140/5593] Simonésia/MG… lat=-20.1233838 lon=-42.0024294
  [2141/5593] Sobrália/MG… lat=-19.2345745 lon=-42.0978033
  [2142/5593] Soledade de Minas/MG… lat=-22.0607267 lon=-45.0449570
  [2143/5593] Tabuleiro/MG… lat=-21.3592212 lon=-43.2479134
  [2144/5593] Taiobeiras/MG… lat=-15.8118590 lon=-42.2319723
  [2145/5593] Taparuba/MG… lat=-19.7620408 lon=-41.6114230
  [2146/5593] Tapira/MG… lat=-19.9225000 lon=-46.8230560
  [2147/5593] Tapiraí/MG… lat=-19.8882788 lon=-46.0202739
  [2148/5593] Taquaraçu de Minas/MG… lat=-19.6694450 lon=-43.6877770
  [2149/5593] Tarumirim/MG… lat=-19.2818607 lon=-42.0070412
  [2150/5593] Teixeiras/MG… lat=-20.6517875 lon=-42.8563275
  [2151/5593] Teófilo Otoni/MG… lat=-17.8579267 lon=-41.5081533
  [2152/5593] Timóteo/MG… lat=-19.5771395 lon=-42.6436108
  [2153/5593] Tiradentes/MG… lat=-21.1104688 lon=-44.1742937
  [2154/5593] Tiros/MG… lat=-19.0038890 lon=-45.9636110
  [2155/5593] Tocantins/MG… lat=-21.1820000 lon=-43.0175000
  [2156/5593] Tocos do Moji/MG… lat=-22.3706152 lon=-46.0964763
  [2157/5593] Toledo/MG… lat=-22.7077135 lon=-46.3804666
  [2158/5593] Tombos/MG… lat=-20.9083753 lon=-42.0270243
  [2159/5593] Três Corações/MG… lat=-21.6956250 lon=-45.2543675
  [2160/5593] Três Marias/MG… lat=-18.2051533 lon=-45.2484314
  [2161/5593] Três Pontas/MG… lat=-21.3686224 lon=-45.5122937
  [2162/5593] Tumiritinga/MG… lat=-18.9769460 lon=-41.6458510
  [2163/5593] Tupaciguara/MG… lat=-18.5932122 lon=-48.6999014
  [2164/5593] Turmalina/MG… lat=-17.2564362 lon=-42.8886221
  [2165/5593] Turvolândia/MG… lat=-21.8755560 lon=-45.7869440
  [2166/5593] Ubá/MG… lat=-21.1200000 lon=-42.9427770
  [2167/5593] Ubaí/MG… lat=-16.2925001 lon=-44.7823835
  [2168/5593] Ubaporanga/MG… lat=-19.6344637 lon=-42.1073048
  [2169/5593] Uberaba/MG… lat=-19.7508330 lon=-47.9366660
  [2170/5593] Uberlândia/MG… lat=-18.9188041 lon=-48.2767837
  [2171/5593] Umburatiba/MG… lat=-17.2538265 lon=-40.5711549
  [2172/5593] Unaí/MG… lat=-16.3628767 lon=-46.8924130
  [2173/5593] União de Minas/MG… lat=-19.5296289 lon=-50.3317301
  [2174/5593] Uruana de Minas/MG… lat=-16.0628000 lon=-46.2556000
  [2175/5593] Urucânia/MG… lat=-20.3508330 lon=-42.7394440
  [2176/5593] Urucuia/MG… lat=-16.1266994 lon=-45.7393046
  [2177/5593] Vargem Alegre/MG… lat=-19.6070413 lon=-42.2997922
  [2178/5593] Vargem Bonita/MG… lat=-20.3282116 lon=-46.3668419
  [2179/5593] Vargem Grande do Rio Pardo/MG… lat=-15.4016347 lon=-42.3074552
  [2180/5593] Varginha/MG… lat=-21.5565914 lon=-45.4340674
  [2181/5593] Varjão de Minas/MG… lat=-18.3791473 lon=-46.0306270
  [2182/5593] Várzea da Palma/MG… lat=-17.6005000 lon=-44.7340000
  [2183/5593] Varzelândia/MG… lat=-15.7016670 lon=-44.0272230
  [2184/5593] Vazante/MG… lat=-17.9896107 lon=-46.9003899
  [2185/5593] Verdelândia/MG… lat=-15.5926259 lon=-43.6084698
  [2186/5593] Veredinha/MG… lat=-17.3945837 lon=-42.7383934
  [2187/5593] Veríssimo/MG… lat=-19.6680818 lon=-48.3087710
  [2188/5593] Vermelho Novo/MG… lat=-20.0356065 lon=-42.2671476
  [2189/5593] Vespasiano/MG… lat=-19.6940958 lon=-43.9186521
  [2190/5593] Viçosa/MG… lat=-20.7538586 lon=-42.8815888
  [2191/5593] Vieiras/MG… lat=-20.8651165 lon=-42.2448518
  [2192/5593] Virgem da Lapa/MG… lat=-16.8071554 lon=-42.3376458
  [2193/5593] Virgínia/MG… lat=-22.3333330 lon=-45.0916660
  [2194/5593] Virginópolis/MG… lat=-18.8225259 lon=-42.7051796
  [2195/5593] Virgolândia/MG… lat=-18.4760135 lon=-42.3069186
  [2196/5593] Visconde do Rio Branco/MG… lat=-21.0100000 lon=-42.8408330
  [2197/5593] Volta Grande/MG… lat=-21.7708340 lon=-42.5391660
  [2198/5593] Wenceslau Braz/MG… lat=-22.5342367 lon=-45.3614735
  [2199/5593] Água Clara/MS… lat=-20.4385757 lon=-52.8797496
  [2200/5593] Alcinópolis/MS… lat=-18.3264121 lon=-53.7094463
  [2201/5593] Amambai/MS… lat=-23.1082701 lon=-55.2284854
  [2202/5593] Anastácio/MS… lat=-20.7377520 lon=-55.8219708
  [2203/5593] Anaurilândia/MS… lat=-22.1851690 lon=-52.7190560
  [2204/5593] Angélica/MS… lat=-22.1588196 lon=-53.7728504
  [2205/5593] Antônio João/MS… lat=-22.1892837 lon=-55.9508227
  [2206/5593] Aparecida do Taboado/MS… lat=-20.0840304 lon=-51.1013943
  [2207/5593] Aquidauana/MS… lat=-20.4739690 lon=-55.7821375
  [2208/5593] Aral Moreira/MS… lat=-22.9511410 lon=-55.6268421
  [2209/5593] Bandeirantes/MS… lat=-19.9179623 lon=-54.3646768
  [2210/5593] Bataguassu/MS… lat=-21.7158990 lon=-52.4220580
  [2211/5593] Batayporã/MS… lat=-22.2976466 lon=-53.2685608
  [2212/5593] Bela Vista/MS… lat=-22.1073270 lon=-56.5317344
  [2213/5593] Bodoquena/MS… lat=-20.5508775 lon=-56.6769653
  [2214/5593] Bonito/MS… lat=-21.1264766 lon=-56.4902208
  [2215/5593] Brasilândia/MS… lat=-21.2555750 lon=-52.0365617
  [2216/5593] Caarapó/MS… lat=-22.6349267 lon=-54.8240903
  [2217/5593] Camapuã/MS… lat=-19.5291747 lon=-54.0434641
  [2218/5593] Campo Grande/MS… lat=-20.4640173 lon=-54.6162947
  [2219/5593] Caracol/MS… lat=-22.0169949 lon=-57.0298349
  [2220/5593] Cassilândia/MS… lat=-19.1128242 lon=-51.7345354
  [2221/5593] Chapadão do Sul/MS… lat=-18.7949051 lon=-52.6199512
  [2222/5593] Corguinho/MS… lat=-19.8274290 lon=-54.8322243
  [2223/5593] Coronel Sapucaia/MS… lat=-23.2718600 lon=-55.5288174
  [2224/5593] Corumbá/MS… lat=-19.0006027 lon=-57.6507535
  [2225/5593] Costa Rica/MS… lat=-18.5333859 lon=-53.1394286
  [2226/5593] Coxim/MS… lat=-18.5049150 lon=-54.7450251
  [2227/5593] deodápolis/MS… lat=-22.2762720 lon=-54.1681630
  [2228/5593] dois Irmãos do Buriti/MS… lat=-20.6906107 lon=-55.2760274
  [2229/5593] douradina/MS… lat=-22.0402812 lon=-54.6118292
  [2230/5593] dourados/MS… lat=-22.2206145 lon=-54.8122080
  [2231/5593] Eldorado/MS… lat=-23.7838809 lon=-54.2832024
  [2232/5593] Fátima do Sul/MS… lat=-22.3750499 lon=-54.5166980
  [2233/5593] Figueirão/MS… lat=-18.6782100 lon=-53.6379864
  [2234/5593] Glória de dourados/MS… lat=-22.4173731 lon=-54.2313391
  [2235/5593] Guia Lopes da Laguna/MS… lat=-21.4583180 lon=-56.1117110
  [2236/5593] Iguatemi/MS… lat=-23.6735550 lon=-54.5637310
  [2237/5593] Inocência/MS… lat=-19.7310751 lon=-51.9307502
  [2238/5593] Itaporã/MS… lat=-22.0799142 lon=-54.7874239
  [2239/5593] Itaquiraí/MS… lat=-23.4801914 lon=-54.1833692
  [2240/5593] Ivinhema/MS… lat=-22.3071787 lon=-53.8297383
  [2241/5593] Japorã/MS… lat=-23.8919161 lon=-54.4068880
  [2242/5593] Jaraguari/MS… lat=-20.1019755 lon=-54.4377423
  [2243/5593] Jardim/MS… lat=-21.4799410 lon=-56.1489020
  [2244/5593] Jateí/MS… lat=-22.4815624 lon=-54.3070060
  [2245/5593] Juti/MS… lat=-22.8611994 lon=-54.6047930
  [2246/5593] Ladário/MS… lat=-19.0036585 lon=-57.6028285
  [2247/5593] Laguna Carapã/MS… lat=-22.5549233 lon=-55.1505549
  [2248/5593] Maracaju/MS… lat=-21.6163005 lon=-55.1646050
  [2249/5593] Miranda/MS… lat=-20.2401082 lon=-56.3844728
  [2250/5593] Mundo Novo/MS… lat=-23.9378876 lon=-54.2859489
  [2251/5593] Naviraí/MS… lat=-23.0622152 lon=-54.2018319
  [2252/5593] Nioaque/MS… lat=-21.1605528 lon=-55.8283423
  [2253/5593] Nova Alvorada do Sul/MS… lat=-21.4587274 lon=-54.3760634
  [2254/5593] Nova Andradina/MS… lat=-22.2477565 lon=-53.3480621
  [2255/5593] Novo Horizonte do Sul/MS… lat=-22.6546565 lon=-53.8570780
  [2256/5593] Paraíso das Águas/MS… lat=-19.0219279 lon=-53.0122646
  [2257/5593] Paranaíba/MS… lat=-19.6751971 lon=-51.1874986
  [2258/5593] Paranhos/MS… lat=-23.8927851 lon=-55.4287213
  [2259/5593] Pedro Gomes/MS… lat=-18.0990797 lon=-54.5505790
  [2260/5593] Ponta Porã/MS… lat=-22.5286917 lon=-55.7234260
  [2261/5593] Porto Murtinho/MS… lat=-21.6980780 lon=-57.8835860
  [2262/5593] Ribas do Rio Pardo/MS… lat=-20.4477984 lon=-53.7609001
  [2263/5593] Rio Brilhante/MS… lat=-21.8046467 lon=-54.5433047
  [2264/5593] Rio Negro/MS… lat=-19.4466984 lon=-54.9860433
  [2265/5593] Rio Verde de Mato Grosso/MS… lat=-18.9169208 lon=-54.8410727
  [2266/5593] Rochedo/MS… lat=-19.9541035 lon=-54.8879075
  [2267/5593] Santa Rita do Pardo/MS… lat=-21.3025544 lon=-52.8262142
  [2268/5593] São Gabriel do Oeste/MS… lat=-19.3944843 lon=-54.5755213
  [2269/5593] Selvíria/MS… lat=-20.3616393 lon=-51.4251863
  [2270/5593] Sete Quedas/MS… lat=-23.9788220 lon=-55.0428349
  [2271/5593] Sidrolândia/MS… lat=-20.9361042 lon=-54.9640262
  [2272/5593] Sonora/MS… lat=-17.5852028 lon=-54.7548288
  [2273/5593] Tacuru/MS… lat=-23.6359540 lon=-55.0141370
  [2274/5593] Taquarussu/MS… lat=-22.4870022 lon=-53.3524041
  [2275/5593] Terenos/MS… lat=-20.4409259 lon=-54.8656049
  [2276/5593] Três Lagoas/MS… lat=-20.7866799 lon=-51.7061247
  [2277/5593] Vicentina/MS… lat=-22.4093447 lon=-54.4370921
  [2278/5593] Acorizal/MT… lat=-15.2001544 lon=-56.3668953
  [2279/5593] Água Boa/MT… lat=-14.0522968 lon=-52.1617625
  [2280/5593] Alta Floresta/MT… lat=-9.8698547 lon=-56.0834993
  [2281/5593] Alto Araguaia/MT… lat=-17.3148507 lon=-53.2159501
  [2282/5593] Alto Boa Vista/MT… lat=-11.6723985 lon=-51.3744431
  [2283/5593] Alto Garças/MT… lat=-16.9465116 lon=-53.5296148
  [2284/5593] Alto Paraguai/MT… lat=-14.5137120 lon=-56.4936374
  [2285/5593] Alto Taquari/MT… lat=-17.8269508 lon=-53.2832123
  [2286/5593] Apiacás/MT… lat=-9.5678422 lon=-57.3948520
  [2287/5593] Araguaiana/MT… lat=-15.7291440 lon=-51.8341120
  [2288/5593] Araguainha/MT… lat=-16.8564076 lon=-53.0336777
  [2289/5593] Araputanga/MT… lat=-15.4710868 lon=-58.3467960
  [2290/5593] Arenápolis/MT… lat=-14.4601850 lon=-56.8436668
  [2291/5593] Aripuanã/MT… lat=-10.1758060 lon=-59.4439663
  [2292/5593] Barão de Melgaço/MT… lat=-16.1956788 lon=-55.9668317
  [2293/5593] Barra do Bugres/MT… lat=-15.0683712 lon=-57.1853688
  [2294/5593] Barra do Garças/MT… lat=-15.8916033 lon=-52.2615413
  [2295/5593] Bom Jesus do Araguaia/MT… lat=-12.1725897 lon=-51.5074425
  [2296/5593] Brasnorte/MT… lat=-12.1218837 lon=-58.0042714
  [2297/5593] Cáceres/MT… lat=-16.0644068 lon=-57.6878972
  [2298/5593] Campinápolis/MT… lat=-14.5403731 lon=-52.7970626
  [2299/5593] Campo Novo do Parecis/MT… lat=-13.6587350 lon=-57.8907230
  [2300/5593] Campo Verde/MT… lat=-15.5430787 lon=-55.1590511
  [2301/5593] Campos de Júlio/MT… lat=-13.7223646 lon=-59.2645296
  [2302/5593] Canabrava do Norte/MT… lat=-11.0516481 lon=-51.8301897
  [2303/5593] Canarana/MT… lat=-13.5564602 lon=-52.2691167
  [2304/5593] Carlinda/MT… lat=-9.9690671 lon=-55.8200191
  [2305/5593] Castanheira/MT… lat=-11.1391946 lon=-58.6088547
  [2306/5593] Chapada dos Guimarães/MT… lat=-15.4643430 lon=-55.7498570
  [2307/5593] Cláudia/MT… lat=-11.5057202 lon=-54.8763166
  [2308/5593] Cocalinho/MT… lat=-14.3903390 lon=-51.0001500
  [2309/5593] Colíder/MT… lat=-10.8094999 lon=-55.4540386
  [2310/5593] Colniza/MT… lat=-9.4560637 lon=-59.2197132
  [2311/5593] Comodoro/MT… lat=-13.6581107 lon=-59.7868830
  [2312/5593] Confresa/MT… lat=-10.6436950 lon=-51.5698730
  [2313/5593] Conquista D'oeste/MT… lat=-14.5381171 lon=-59.5443775
  [2314/5593] Cotriguaçu/MT… lat=-9.9034364 lon=-58.5658915
  [2315/5593] Cuiabá/MT… lat=-15.5986686 lon=-56.0991301
  [2316/5593] Curvelândia/MT… lat=-15.6108629 lon=-57.9188924
  [2317/5593] denise/MT… lat=-14.7292165 lon=-57.0482981
  [2318/5593] Diamantino/MT… lat=-14.4036262 lon=-56.4364488
  [2319/5593] dom Aquino/MT… lat=-15.8098990 lon=-54.9222980
  [2320/5593] Feliz Natal/MT… lat=-12.3802463 lon=-54.9389793
  [2321/5593] Figueirópolis D'oeste/MT… lat=-15.4439180 lon=-58.7391490
  [2322/5593] Gaúcha do Norte/MT… lat=-13.1813600 lon=-53.2543946
  [2323/5593] General Carneiro/MT… lat=-15.7070922 lon=-52.7606044
  [2324/5593] Glória D'oeste/MT… lat=-15.7680093 lon=-58.3107593
  [2325/5593] Guarantã do Norte/MT… lat=-9.9517992 lon=-54.9098178
  [2326/5593] Guiratinga/MT… lat=-16.3457422 lon=-53.7595097
  [2327/5593] Indiavaí/MT… lat=-15.4941405 lon=-58.5765917
  [2328/5593] Ipiranga do Norte/MT… lat=-12.2408004 lon=-56.1531011
  [2329/5593] Itanhangá/MT… lat=-12.2323038 lon=-56.6418251
  [2330/5593] Itaúba/MT… lat=-11.0084948 lon=-55.2480739
  [2331/5593] Itiquira/MT… lat=-17.2086854 lon=-54.1495237
  [2332/5593] Jaciara/MT… lat=-15.9520115 lon=-54.9762106
  [2333/5593] Jangada/MT… lat=-15.2369949 lon=-56.4902844
  [2334/5593] Jauru/MT… lat=-15.3407762 lon=-58.8683137
  [2335/5593] Juara/MT… lat=-11.2535587 lon=-57.5080072
  [2336/5593] Juína/MT… lat=-11.4230908 lon=-58.7570212
  [2337/5593] Juruena/MT… lat=-10.3282716 lon=-58.4968918
  [2338/5593] Juscimeira/MT… lat=-16.0517819 lon=-54.8893514
  [2339/5593] Lambari D'oeste/MT… lat=-15.3188455 lon=-58.0046244
  [2340/5593] Lucas do Rio Verde/MT… lat=-13.0664609 lon=-55.9196711
  [2341/5593] Luciara/MT… lat=-11.2234472 lon=-50.6680221
  [2342/5593] Marcelândia/MT… lat=-11.0794264 lon=-54.5202451
  [2343/5593] Matupá/MT… lat=-10.1683242 lon=-54.9346194
  [2344/5593] Mirassol D'oeste/MT… lat=-15.6759470 lon=-58.0951397
  [2345/5593] Nobres/MT… lat=-14.7196233 lon=-56.3351314
  [2346/5593] Nortelândia/MT… lat=-14.4518972 lon=-56.8043752
  [2347/5593] Nossa Senhora do Livramento/MT… lat=-15.7724354 lon=-56.3435003
  [2348/5593] Nova Bandeirantes/MT… lat=-9.8494172 lon=-57.8139698
  [2349/5593] Nova Brasilândia/MT… lat=-14.9298622 lon=-54.9736650
  [2350/5593] Nova Canaã do Norte/MT… lat=-10.6367877 lon=-55.7091770
  [2351/5593] Nova Guarita/MT… lat=-10.3102031 lon=-55.4042689
  [2352/5593] Nova Lacerda/MT… lat=-14.4753855 lon=-59.5881498
  [2353/5593] Nova Marilândia/MT… lat=-14.3653436 lon=-56.9709009
  [2354/5593] Nova Maringá/MT… lat=-13.0314433 lon=-57.0922657
  [2355/5593] Nova Monte Verde/MT… lat=-9.9796694 lon=-57.4673310
  [2356/5593] Nova Mutum/MT… lat=-13.8255015 lon=-56.0849262
  [2357/5593] Nova Nazaré/MT… lat=-13.9897745 lon=-51.7998937
  [2358/5593] Nova Olímpia/MT… lat=-14.7764648 lon=-57.2813160
  [2359/5593] Nova Santa Helena/MT… lat=-10.8495357 lon=-55.1780435
  [2360/5593] Nova Ubiratã/MT… lat=-13.0348400 lon=-55.2539048
  [2361/5593] Nova Xavantina/MT… lat=-14.6794165 lon=-52.3519940
  [2362/5593] Novo Horizonte do Norte/MT… lat=-11.3904019 lon=-57.3159067
  [2363/5593] Novo Mundo/MT… lat=-9.9752901 lon=-55.1779717
  [2364/5593] Novo Santo Antônio/MT… lat=-12.2909756 lon=-50.9704800
  [2365/5593] Novo São Joaquim/MT… lat=-14.9108231 lon=-53.0177500
  [2366/5593] Paranaíta/MT… lat=-9.6655602 lon=-56.4758122
  [2367/5593] Paranatinga/MT… lat=-14.4297856 lon=-54.0503432
  [2368/5593] Pedra Preta/MT… lat=-16.6230015 lon=-54.4761228
  [2369/5593] Peixoto de Azevedo/MT… lat=-10.2429203 lon=-54.9919857
  [2370/5593] Planalto da Serra/MT… lat=-14.6627994 lon=-54.7756232
  [2371/5593] Poconé/MT… lat=-16.2578606 lon=-56.6339260
  [2372/5593] Pontal do Araguaia/MT… lat=-15.9044632 lon=-52.2569821
  [2373/5593] Ponte Branca/MT… lat=-16.7680276 lon=-52.8348899
  [2374/5593] Pontes E Lacerda/MT… lat=-15.2315171 lon=-59.3349512
  [2375/5593] Porto Alegre do Norte/MT… lat=-10.8792851 lon=-51.6391975
  [2376/5593] Porto dos Gaúchos/MT… lat=-11.5329990 lon=-57.4132330
  [2377/5593] Porto Esperidião/MT… lat=-15.8521665 lon=-58.4693093
  [2378/5593] Porto Estrela/MT… lat=-15.3331148 lon=-57.2080992
  [2379/5593] Poxoréu/MT… lat=-15.8363634 lon=-54.3886912
  [2380/5593] Primavera do Leste/MT… lat=-15.5614127 lon=-54.2993946
  [2381/5593] Querência/MT… lat=-12.5944625 lon=-52.2088505
  [2382/5593] Reserva do Cabaçal/MT… lat=-15.1211207 lon=-58.3836183
  [2383/5593] Ribeirão Cascalheira/MT… lat=-12.9367641 lon=-51.8246356
  [2384/5593] Ribeirãozinho/MT… lat=-16.4899211 lon=-52.6939241
  [2385/5593] Rio Branco/MT… lat=-15.2398109 lon=-58.1160774
  [2386/5593] Rondolândia/MT… lat=-10.8428772 lon=-61.4596962
  [2387/5593] Rondonópolis/MT… lat=-16.4603533 lon=-54.6397099
  [2388/5593] Rosário Oeste/MT… lat=-14.8259380 lon=-56.4235700
  [2389/5593] Salto do Céu/MT… lat=-15.1295662 lon=-58.1298908
  [2390/5593] Santa Carmem/MT… lat=-11.9745987 lon=-55.2787894
  [2391/5593] Santa Cruz do Xingu/MT… lat=-10.1533447 lon=-52.3920160
  [2392/5593] Santa Rita do Trivelato/MT… lat=-13.8139517 lon=-55.2721092
  [2393/5593] Santa Terezinha/MT… lat=-10.4703750 lon=-50.5139860
  [2394/5593] Santo Afonso/MT… lat=-14.4960696 lon=-57.0045096
  [2395/5593] Santo Antônio do Leste/MT… lat=-14.8037659 lon=-53.6095671
  [2396/5593] Santo Antônio do Leverger/MT… lat=-15.8598430 lon=-56.0789707
  [2397/5593] São Félix do Araguaia/MT… lat=-11.6170646 lon=-50.6667246
  [2398/5593] São José do Povo/MT… lat=-16.4647805 lon=-54.2539044
  [2399/5593] São José do Rio Claro/MT… lat=-13.4467103 lon=-56.7214365
  [2400/5593] São José do Xingu/MT… lat=-10.8038880 lon=-52.7357819
  [2401/5593] São José dos Quatro Marcos/MT… lat=-15.6275840 lon=-58.1772170
  [2402/5593] São Pedro da Cipa/MT… lat=-16.0030443 lon=-54.9212312
  [2403/5593] Sapezal/MT… lat=-13.5479580 lon=-58.8146235
  [2404/5593] Serra Nova dourada/MT… lat=-12.0890348 lon=-51.4005672
  [2405/5593] Sinop/MT… lat=-11.8577010 lon=-55.4967824
  [2406/5593] Sorriso/MT… lat=-12.5444887 lon=-55.7233972
  [2407/5593] Tabaporã/MT… lat=-11.3085286 lon=-56.8212723
  [2408/5593] Tangará da Serra/MT… lat=-14.6213903 lon=-57.4907268
  [2409/5593] Tapurah/MT… lat=-12.7423850 lon=-56.5120370
  [2410/5593] Terra Nova do Norte/MT… lat=-10.5995196 lon=-55.1167029
  [2411/5593] Tesouro/MT… lat=-16.0789268 lon=-53.5518249
  [2412/5593] Torixoréu/MT… lat=-16.2003901 lon=-52.5549083
  [2413/5593] União do Sul/MT… lat=-11.5308712 lon=-54.3695643
  [2414/5593] Vale de São domingos/MT… lat=-15.2966987 lon=-59.0656370
  [2415/5593] Várzea Grande/MT… lat=-15.6458160 lon=-56.1322180
  [2416/5593] Vera/MT… lat=-12.2862098 lon=-55.2973537
  [2417/5593] Vila Bela da Santíssima Trindade/MT… lat=-15.0099040 lon=-59.9611150
  [2418/5593] Vila Rica/MT… lat=-10.0170697 lon=-51.4403685
  [2419/5593] Abaetetuba/PA… lat=-1.7217787 lon=-48.8788106
  [2420/5593] Abel Figueiredo/PA… lat=-4.9530010 lon=-48.3958485
  [2421/5593] Acará/PA… lat=-1.9613880 lon=-48.1987043
  [2422/5593] Afuá/PA… lat=-0.1593330 lon=-50.3917149
  [2423/5593] Água Azul do Norte/PA… lat=-6.8064885 lon=-50.4849667
  [2424/5593] Alenquer/PA… lat=-1.9462290 lon=-54.7383550
  [2425/5593] Almeirim/PA… lat=-1.5290377 lon=-52.5788111
  [2426/5593] Altamira/PA… lat=-3.2040650 lon=-52.2099610
  [2427/5593] Anajás/PA… lat=-0.9878802 lon=-49.9390114
  [2428/5593] Ananindeua/PA… lat=-1.3740350 lon=-48.4016623
  [2429/5593] Anapu/PA… lat=-3.4668292 lon=-51.2057035
  [2430/5593] Augusto Corrêa/PA… lat=-1.0229335 lon=-46.6404029
  [2431/5593] Aurora do Pará/PA… lat=-2.1323199 lon=-47.5584360
  [2432/5593] Aveiro/PA… lat=-3.6029015 lon=-55.3280790
  [2433/5593] Bagre/PA… lat=-1.8994498 lon=-50.2103844
  [2434/5593] Baião/PA… lat=-2.7903479 lon=-49.6702845
  [2435/5593] Bannach/PA… lat=-7.3508505 lon=-50.4064531
  [2436/5593] Barcarena/PA… lat=-1.5107945 lon=-48.6190679
  [2437/5593] Belém/PA… lat=-1.4505600 lon=-48.4682453
  [2438/5593] Belterra/PA… lat=-2.6360910 lon=-54.9373920
  [2439/5593] Benevides/PA… lat=-1.3555577 lon=-48.2522350
  [2440/5593] Bom Jesus do Tocantins/PA… lat=-5.0471796 lon=-48.5978362
  [2441/5593] Bonito/PA… lat=-1.3605722 lon=-47.3049907
  [2442/5593] Bragança/PA… lat=-1.0574255 lon=-46.7635232
  [2443/5593] Brasil Novo/PA… lat=-3.3055853 lon=-52.5391980
  [2444/5593] Brejo Grande do Araguaia/PA… lat=-5.7011449 lon=-48.4037308
  [2445/5593] Breu Branco/PA… lat=-3.7785073 lon=-49.5684795
  [2446/5593] Breves/PA… lat=-1.6803600 lon=-50.4790850
  [2447/5593] Bujaru/PA… lat=-1.5169239 lon=-48.0410699
  [2448/5593] Cachoeira do Arari/PA… lat=-1.0143572 lon=-48.9621089
  [2449/5593] Cachoeira do Piriá/PA… lat=-1.7599443 lon=-46.5446954
  [2450/5593] Cametá/PA… lat=-2.2429490 lon=-49.4978850
  [2451/5593] Canaã dos Carajás/PA… lat=-6.5296837 lon=-49.8516592
  [2452/5593] Capanema/PA… lat=-1.1933054 lon=-47.1828679
  [2453/5593] Capitão Poço/PA… lat=-1.7447162 lon=-47.0638495
  [2454/5593] Castanhal/PA… lat=-1.2927031 lon=-47.9223903
  [2455/5593] Chaves/PA… lat=-0.1641540 lon=-49.9870060
  [2456/5593] Colares/PA… lat=-0.9364230 lon=-48.2802540
  [2457/5593] Conceição do Araguaia/PA… lat=-8.2696905 lon=-49.2676864
  [2458/5593] Concórdia do Pará/PA… lat=-1.9924056 lon=-47.9450474
  [2459/5593] Cumaru do Norte/PA… lat=-7.8122669 lon=-50.7677675
  [2460/5593] Curionópolis/PA… lat=-6.0990443 lon=-49.6059039
  [2461/5593] Curralinho/PA… lat=-1.8137876 lon=-49.7980165
  [2462/5593] Curuá/PA… lat=-1.8877540 lon=-55.1168420
  [2463/5593] Curuçá/PA… lat=-0.7220333 lon=-47.8650027
  [2464/5593] dom Eliseu/PA… lat=-4.2928111 lon=-47.5559083
  [2465/5593] Eldorado do Carajás/PA… lat=-6.1029246 lon=-49.3572487
  [2466/5593] Faro/PA… lat=-2.1737325 lon=-56.7461191
  [2467/5593] Floresta do Araguaia/PA… lat=-7.5597065 lon=-49.7032829
  [2468/5593] Garrafão do Norte/PA… lat=-1.9282256 lon=-47.0513157
  [2469/5593] Goianésia do Pará/PA… lat=-3.8380998 lon=-49.0977992
  [2470/5593] Gurupá/PA… lat=-1.4063250 lon=-51.6427456
  [2471/5593] Igarapé-Açu/PA… lat=-1.1282440 lon=-47.6199021
  [2472/5593] Igarapé-Miri/PA… lat=-1.9785213 lon=-48.9634826
  [2473/5593] Inhangapi/PA… lat=-1.4283738 lon=-47.9108608
  [2474/5593] Ipixuna do Pará/PA… lat=-2.5592139 lon=-47.4965462
  [2475/5593] Irituia/PA… lat=-1.7709543 lon=-47.4399687
  [2476/5593] Itaituba/PA… lat=-4.2625218 lon=-55.9878139
  [2477/5593] Itupiranga/PA… lat=-5.1337224 lon=-49.3321988
  [2478/5593] Jacareacanga/PA… lat=-6.2196518 lon=-57.7586250
  [2479/5593] Jacundá/PA… lat=-4.4461730 lon=-49.1152720
  [2480/5593] Juruti/PA… lat=-2.6486947 lon=-56.2373720
  [2481/5593] Limoeiro do Ajuru/PA… lat=-1.8958926 lon=-49.3828384
  [2482/5593] Mãe do Rio/PA… lat=-2.0458692 lon=-47.5522076
  [2483/5593] Magalhães Barata/PA… lat=-0.7960066 lon=-47.6010399
  [2484/5593] Marabá/PA… lat=-5.3462821 lon=-49.1007401
  [2485/5593] Maracanã/PA… lat=-0.7666582 lon=-47.4537818
  [2486/5593] Marapanim/PA… lat=-0.7134493 lon=-47.6985381
  [2487/5593] Marituba/PA… lat=-1.3595306 lon=-48.3361504
  [2488/5593] Medicilândia/PA… lat=-3.4438388 lon=-52.8889236
  [2489/5593] Melgaço/PA… lat=-1.8032020 lon=-50.7149270
  [2490/5593] Mocajuba/PA… lat=-2.5830980 lon=-49.5042240
  [2491/5593] Moju/PA… lat=-1.8899260 lon=-48.7667650
  [2492/5593] Mojuí dos Campos/PA… lat=-2.6821670 lon=-54.6427170
  [2493/5593] Monte Alegre/PA… lat=-1.9989108 lon=-54.0727694
  [2494/5593] Muaná/PA… lat=-1.5317443 lon=-49.2223565
  [2495/5593] Nova Esperança do Piriá/PA… lat=-2.2663093 lon=-46.9661622
  [2496/5593] Nova Ipixuna/PA… lat=-4.9162210 lon=-49.0821940
  [2497/5593] Nova Timboteua/PA… lat=-1.2052428 lon=-47.3935775
  [2498/5593] Novo Progresso/PA… lat=-7.0374884 lon=-55.4185904
  [2499/5593] Novo Repartimento/PA… lat=-4.2519172 lon=-49.9524257
  [2500/5593] Óbidos/PA… lat=-1.9010720 lon=-55.5208120
  [2501/5593] Oeiras do Pará/PA… lat=-2.0040813 lon=-49.8596065
  [2502/5593] Oriximiná/PA… lat=-1.7669992 lon=-55.8682850
  [2503/5593] Ourém/PA… lat=-1.5489964 lon=-47.1174572
  [2504/5593] Ourilândia do Norte/PA… lat=-6.7489750 lon=-51.0788476
  [2505/5593] Pacajá/PA… lat=-3.8354195 lon=-50.6399248
  [2506/5593] Palestina do Pará/PA… lat=-5.7423938 lon=-48.3185533
  [2507/5593] Paragominas/PA… lat=-2.9956400 lon=-47.3548942
  [2508/5593] Parauapebas/PA… lat=-6.0696846 lon=-49.8903283
  [2509/5593] Pau D'arco/PA… lat=-7.8331153 lon=-50.0404438
  [2510/5593] Peixe-Boi/PA… lat=-1.1938240 lon=-47.3240310
  [2511/5593] Piçarra/PA… lat=-6.4475822 lon=-48.8633795
  [2512/5593] Placas/PA… lat=-3.8689529 lon=-54.2154346
  [2513/5593] Ponta de Pedras/PA… lat=-1.3914098 lon=-48.8714528
  [2514/5593] Portel/PA… lat=-1.9384998 lon=-50.8229741
  [2515/5593] Porto de Moz/PA… lat=-1.7502089 lon=-52.2355560
  [2516/5593] Prainha/PA… lat=-1.8072874 lon=-53.4797942
  [2517/5593] Primavera/PA… lat=-0.9406522 lon=-47.1167280
  [2518/5593] Quatipuru/PA… lat=-0.8948725 lon=-47.0049317
  [2519/5593] Redenção/PA… lat=-8.0299327 lon=-50.0309543
  [2520/5593] Rio Maria/PA… lat=-7.3137312 lon=-50.0465372
  [2521/5593] Rondon do Pará/PA… lat=-4.7804416 lon=-48.0698300
  [2522/5593] Rurópolis/PA… lat=-4.1014311 lon=-54.9086853
  [2523/5593] Salinópolis/PA… lat=-0.6259282 lon=-47.3442819
  [2524/5593] Salvaterra/PA… lat=-0.7584440 lon=-48.5139210
  [2525/5593] Santa Bárbara do Pará/PA… lat=-1.2261440 lon=-48.2951010
  [2526/5593] Santa Cruz do Arari/PA… lat=-0.6637491 lon=-49.1729321
  [2527/5593] Santa Izabel do Pará/PA… lat=-1.2968557 lon=-48.1605533
  [2528/5593] Santa Luzia do Pará/PA… lat=-1.5220049 lon=-46.9020697
  [2529/5593] Santa Maria das Barreiras/PA… lat=-8.8710157 lon=-49.7171263
  [2530/5593] Santa Maria do Pará/PA… lat=-1.3455478 lon=-47.5782981
  [2531/5593] Santana do Araguaia/PA… lat=-9.3348334 lon=-50.3427734
  [2532/5593] Santarém/PA… lat=-2.4384890 lon=-54.6996110
  [2533/5593] Santarém Novo/PA… lat=-0.9283904 lon=-47.3999958
  [2534/5593] Santo Antônio do Tauá/PA… lat=-1.1522000 lon=-48.1314460
  [2535/5593] São Caetano de Odivelas/PA… lat=-0.7472930 lon=-48.0246220
  [2536/5593] São domingos do Araguaia/PA… lat=-5.5412778 lon=-48.7300015
  [2537/5593] São domingos do Capim/PA… lat=-1.6789331 lon=-47.7717815
  [2538/5593] São Félix do Xingu/PA… lat=-6.6386974 lon=-51.9787582
  [2539/5593] São Francisco do Pará/PA… lat=-1.1693995 lon=-47.7972589
  [2540/5593] São Geraldo do Araguaia/PA… lat=-6.3927847 lon=-48.5630137
  [2541/5593] São João da Ponta/PA… lat=-0.8526516 lon=-47.9224095
  [2542/5593] São João de Pirabas/PA… lat=-0.7733182 lon=-47.1771012
  [2543/5593] São João do Araguaia/PA… lat=-5.3617017 lon=-48.7911109
  [2544/5593] São Miguel do Guamá/PA… lat=-1.6116804 lon=-47.4757551
  [2545/5593] São Sebastião da Boa Vista/PA… lat=-1.7182884 lon=-49.5319955
  [2546/5593] Sapucaia/PA… lat=-6.9411006 lon=-49.6991328
  [2547/5593] Senador José Porfírio/PA… lat=-2.5935424 lon=-51.9482090
  [2548/5593] Soure/PA… lat=-0.7275759 lon=-48.5189785
  [2549/5593] Tailândia/PA… lat=-2.9360960 lon=-48.9523366
  [2550/5593] Terra Alta/PA… lat=-1.0397924 lon=-47.9091595
  [2551/5593] Terra Santa/PA… lat=-2.1044350 lon=-56.4876530
  [2552/5593] Tomé-Açu/PA… lat=-2.4166306 lon=-48.1522907
  [2553/5593] Tracuateua/PA… lat=-1.0765338 lon=-46.9030822
  [2554/5593] Trairão/PA… lat=-4.7003676 lon=-55.9969829
  [2555/5593] Tucumã/PA… lat=-6.8126923 lon=-51.4133146
  [2556/5593] Tucuruí/PA… lat=-3.7663340 lon=-49.6663654
  [2557/5593] Ulianópolis/PA… lat=-3.7575266 lon=-47.5009377
  [2558/5593] Uruará/PA… lat=-3.7185381 lon=-53.7385490
  [2559/5593] Vigia/PA… lat=-0.8546027 lon=-48.1432873
  [2560/5593] Viseu/PA… lat=-1.2048920 lon=-46.1392244
  [2561/5593] Vitória do Xingu/PA… lat=-2.8833063 lon=-52.0114889
  [2562/5593] Xinguara/PA… lat=-7.0998514 lon=-49.9416632
  [2563/5593] Água Branca/PB… lat=-7.5151046 lon=-37.6394034
  [2564/5593] Aguiar/PB… lat=-7.0928404 lon=-38.1727215
  [2565/5593] Alagoa Grande/PB… lat=-7.0415212 lon=-35.6285322
  [2566/5593] Alagoa Nova/PB… lat=-7.0601145 lon=-35.7614565
  [2567/5593] Alagoinha/PB… lat=-6.9480310 lon=-35.5457929
  [2568/5593] Alcantil/PB… lat=-7.7413424 lon=-36.0653565
  [2569/5593] Algodão de Jandaíra/PB… lat=-6.9040175 lon=-36.0089879
  [2570/5593] Alhandra/PB… lat=-7.4304246 lon=-34.9106103
  [2571/5593] Amparo/PB… lat=-7.5691285 lon=-37.0641402
  [2572/5593] Aparecida/PB… lat=-6.7859598 lon=-38.0831353
  [2573/5593] Araçagi/PB… lat=-6.8519969 lon=-35.3835602
  [2574/5593] Arara/PB… lat=-6.8271895 lon=-35.7605703
  [2575/5593] Araruna/PB… lat=-6.5321155 lon=-35.7397595
  [2576/5593] Areia/PB… lat=-6.9680243 lon=-35.6994783
  [2577/5593] Areia de Baraúnas/PB… lat=-7.1233949 lon=-36.9446216
  [2578/5593] Areial/PB… lat=-7.0501306 lon=-35.9245244
  [2579/5593] Aroeiras/PB… lat=-7.5462904 lon=-35.7080002
  [2580/5593] Assunção/PB… lat=-7.0733960 lon=-36.7274003
  [2581/5593] Baía da Traição/PB… lat=-6.6912580 lon=-34.9371244
  [2582/5593] Bananeiras/PB… lat=-6.7537682 lon=-35.6338343
  [2583/5593] Baraúna/PB… lat=-6.6433940 lon=-36.2531932
  [2584/5593] Barra de Santa Rosa/PB… lat=-6.7218007 lon=-36.0564638
  [2585/5593] Barra de Santana/PB… lat=-7.5230865 lon=-35.9988518
  [2586/5593] Barra de São Miguel/PB… lat=-7.7528088 lon=-36.3170996
  [2587/5593] Bayeux/PB… lat=-7.1301631 lon=-34.9365320
  [2588/5593] Belém/PB… lat=-6.6967586 lon=-35.5369626
  [2589/5593] Belém do Brejo do Cruz/PB… lat=-6.1880727 lon=-37.5332267
  [2590/5593] Bernardino Batista/PB… lat=-6.4532173 lon=-38.5495418
  [2591/5593] Boa Ventura/PB… lat=-7.4202462 lon=-38.2156782
  [2592/5593] Boa Vista/PB… lat=-7.2620711 lon=-36.2415161
  [2593/5593] Bom Jesus/PB… lat=-6.8154728 lon=-38.6554684
  [2594/5593] Bom Sucesso/PB… lat=-6.4458948 lon=-37.9297662
  [2595/5593] Bonito de Santa Fé/PB… lat=-7.3143332 lon=-38.5146677
  [2596/5593] Boqueirão/PB… lat=-7.4870040 lon=-36.1308870
  [2597/5593] Borborema/PB… lat=-6.8066718 lon=-35.5990191
  [2598/5593] Brejo do Cruz/PB… lat=-6.3505644 lon=-37.4943763
  [2599/5593] Brejo dos Santos/PB… lat=-6.3769367 lon=-37.8243125
  [2600/5593] Caaporã/PB… lat=-7.5102340 lon=-34.9154114
  [2601/5593] Cabaceiras/PB… lat=-7.4889925 lon=-36.2866113
  [2602/5593] Cabedelo/PB… lat=-6.9732400 lon=-34.8351609
  [2603/5593] Cachoeira dos Índios/PB… lat=-6.9259193 lon=-38.6742159
  [2604/5593] Cacimba de Areia/PB… lat=-7.1288513 lon=-37.1575194
  [2605/5593] Cacimba de dentro/PB… lat=-6.6425101 lon=-35.7929304
  [2606/5593] Cacimbas/PB… lat=-7.2125451 lon=-37.0593398
  [2607/5593] Caiçara/PB… lat=-6.6146866 lon=-35.4681434
  [2608/5593] Cajazeiras/PB… lat=-6.8897849 lon=-38.5570389
  [2609/5593] Cajazeirinhas/PB… lat=-6.9614420 lon=-37.7993733
  [2610/5593] Caldas Brandão/PB… lat=-7.1027959 lon=-35.3254676
  [2611/5593] Camalaú/PB… lat=-7.8850310 lon=-36.8241910
  [2612/5593] Campina Grande/PB… lat=-7.2246743 lon=-35.8771292
  [2613/5593] Capim/PB… lat=-6.9174091 lon=-35.1720326
  [2614/5593] Caraúbas/PB… lat=-7.7273231 lon=-36.4923357
  [2615/5593] Carrapateira/PB… lat=-7.0395225 lon=-38.3432281
  [2616/5593] Casserengue/PB… lat=-6.7795380 lon=-35.8178750
  [2617/5593] Catingueira/PB… lat=-7.1200810 lon=-37.6063800
  [2618/5593] Catolé do Rocha/PB… lat=-6.3406250 lon=-37.7469670
  [2619/5593] Caturité/PB… lat=-7.4199652 lon=-36.0207132
  [2620/5593] Conceição/PB… lat=-7.5565059 lon=-38.5053706
  [2621/5593] Condado/PB… lat=-6.9092101 lon=-37.5966375
  [2622/5593] Conde/PB… lat=-7.2600359 lon=-34.9053524
  [2623/5593] Congo/PB… lat=-7.7957602 lon=-36.6602133
  [2624/5593] Coremas/PB… lat=-7.0175897 lon=-37.9465062
  [2625/5593] Coxixola/PB… lat=-7.6272915 lon=-36.6060130
  [2626/5593] Cruz do Espírito Santo/PB… lat=-7.1390220 lon=-35.0857210
  [2627/5593] Cubati/PB… lat=-6.8647974 lon=-36.3525993
  [2628/5593] Cuité/PB… lat=-6.4855072 lon=-36.1478606
  [2629/5593] Cuité de Mamanguape/PB… lat=-6.9129220 lon=-35.2502190
  [2630/5593] Cuitegi/PB… lat=-6.8962776 lon=-35.5228851
  [2631/5593] Curral de Cima/PB… lat=-6.7174163 lon=-35.2667040
  [2632/5593] Curral Velho/PB… lat=-7.5376473 lon=-38.1979125
  [2633/5593] damião/PB… lat=-6.6321628 lon=-35.9049260
  [2634/5593] desterro/PB… lat=-7.2889695 lon=-37.0880761
  [2635/5593] Diamante/PB… lat=-7.4261827 lon=-38.2646879
  [2636/5593] dona Inês/PB… lat=-6.6032239 lon=-35.6271460
  [2637/5593] Duas Estradas/PB… lat=-6.6883382 lon=-35.4175255
  [2638/5593] Emas/PB… lat=-7.1071447 lon=-37.7155578
  [2639/5593] Esperança/PB… lat=-7.0185170 lon=-35.8521930
  [2640/5593] Fagundes/PB… lat=-7.3577473 lon=-35.7839735
  [2641/5593] Frei Martinho/PB… lat=-6.4033643 lon=-36.4535139
  [2642/5593] Gado Bravo/PB… lat=-7.5830516 lon=-35.7914371
  [2643/5593] Guarabira/PB… lat=-6.8513982 lon=-35.4915582
  [2644/5593] Gurinhém/PB… lat=-7.1244757 lon=-35.4248540
  [2645/5593] Gurjão/PB… lat=-7.2470565 lon=-36.4862714
  [2646/5593] Ibiara/PB… lat=-7.4997862 lon=-38.4034987
  [2647/5593] Igaracy/PB… lat=-7.1819802 lon=-38.1487395
  [2648/5593] Imaculada/PB… lat=-7.3871724 lon=-37.5116814
  [2649/5593] Ingá/PB… lat=-7.2904513 lon=-35.6109945
  [2650/5593] Itabaiana/PB… lat=-7.3299566 lon=-35.3359995
  [2651/5593] Itaporanga/PB… lat=-7.3040747 lon=-38.1505782
  [2652/5593] Itapororoca/PB… lat=-6.8283007 lon=-35.2447820
  [2653/5593] Itatuba/PB… lat=-7.3758509 lon=-35.6264950
  [2654/5593] Jacaraú/PB… lat=-6.6123046 lon=-35.2919016
  [2655/5593] Jericó/PB… lat=-6.5531817 lon=-37.8078194
  [2656/5593] João Pessoa/PB… lat=-7.1215981 lon=-34.8820280
  [2657/5593] Joca Claudino/PB… lat=-6.4832147 lon=-38.4788740
  [2658/5593] Juarez Távora/PB… lat=-7.1726926 lon=-35.5908040
  [2659/5593] Juazeirinho/PB… lat=-7.0688282 lon=-36.5803059
  [2660/5593] Junco do Seridó/PB… lat=-6.9919290 lon=-36.7137661
  [2661/5593] Juripiranga/PB… lat=-7.3743307 lon=-35.2396000
  [2662/5593] Juru/PB… lat=-7.5375089 lon=-37.8192275
  [2663/5593] Lagoa/PB… lat=-6.5899848 lon=-37.9149013
  [2664/5593] Lagoa de dentro/PB… lat=-6.6728806 lon=-35.3782276
  [2665/5593] Lagoa Seca/PB… lat=-7.1570990 lon=-35.8542023
  [2666/5593] Lastro/PB… lat=-6.5175135 lon=-38.1787636
  [2667/5593] Livramento/PB… lat=-7.3757441 lon=-36.9449444
  [2668/5593] Logradouro/PB… lat=-6.6147883 lon=-35.4431686
  [2669/5593] Lucena/PB… lat=-6.8984018 lon=-34.8711915
  [2670/5593] Mãe D'água/PB… lat=-7.2582944 lon=-37.4269768
  [2671/5593] Malta/PB… lat=-6.9068159 lon=-37.5217101
  [2672/5593] Mamanguape/PB… lat=-6.8336980 lon=-35.1213160
  [2673/5593] Manaíra/PB… lat=-7.7060905 lon=-38.1531251
  [2674/5593] Marcação/PB… lat=-6.7704107 lon=-35.0121479
  [2675/5593] Mari/PB… lat=-7.0580611 lon=-35.3184163
  [2676/5593] Marizópolis/PB… lat=-6.8440704 lon=-38.3473088
  [2677/5593] Massaranduba/PB… lat=-7.1812758 lon=-35.7330712
  [2678/5593] Mataraca/PB… lat=-6.5967300 lon=-35.0530800
  [2679/5593] Matinhas/PB… lat=-7.1219554 lon=-35.7713426
  [2680/5593] Mato Grosso/PB… lat=-6.5433859 lon=-37.7146519
  [2681/5593] Maturéia/PB… lat=-7.2653766 lon=-37.3435959
  [2682/5593] Mogeiro/PB… lat=-7.3019003 lon=-35.4782749
  [2683/5593] Montadas/PB… lat=-7.0886560 lon=-35.9577367
  [2684/5593] Monte Horebe/PB… lat=-7.2142840 lon=-38.5857578
  [2685/5593] Monteiro/PB… lat=-7.8920179 lon=-37.1232051
  [2686/5593] Mulungu/PB… lat=-7.0309389 lon=-35.4646079
  [2687/5593] Natuba/PB… lat=-7.6410756 lon=-35.5542731
  [2688/5593] Nazarezinho/PB… lat=-6.9156749 lon=-38.3251082
  [2689/5593] Nova Floresta/PB… lat=-6.4554313 lon=-36.2040005
  [2690/5593] Nova Olinda/PB… lat=-7.4782417 lon=-38.0404379
  [2691/5593] Nova Palmeira/PB… lat=-6.6795042 lon=-36.4187275
  [2692/5593] Olho D'água/PB… lat=-7.2289861 lon=-37.7490068
  [2693/5593] Olivedos/PB… lat=-6.9910360 lon=-36.2437286
  [2694/5593] Ouro Velho/PB… lat=-7.6209094 lon=-37.1510175
  [2695/5593] Parari/PB… lat=-7.3181721 lon=-36.6556240
  [2696/5593] Passagem/PB… lat=-7.1364483 lon=-37.0474285
  [2697/5593] Patos/PB… lat=-7.0258285 lon=-37.2766817
  [2698/5593] Paulista/PB… lat=-6.5980362 lon=-37.6215766
  [2699/5593] Pedra Branca/PB… lat=-7.4277554 lon=-38.0697088
  [2700/5593] Pedra Lavrada/PB… lat=-6.7562744 lon=-36.4673179
  [2701/5593] Pedras de Fogo/PB… lat=-7.3988977 lon=-35.1121760
  [2702/5593] Pedro Régis/PB… lat=-6.6399063 lon=-35.2865202
  [2703/5593] Piancó/PB… lat=-7.1987413 lon=-37.9255755
  [2704/5593] Picuí/PB… lat=-6.5106721 lon=-36.3492736
  [2705/5593] Pilar/PB… lat=-7.2640340 lon=-35.2523260
  [2706/5593] Pilões/PB… lat=-6.8682690 lon=-35.6129740
  [2707/5593] Pilõezinhos/PB… lat=-6.8427437 lon=-35.5308348
  [2708/5593] Pirpirituba/PB… lat=-6.7809356 lon=-35.4967135
  [2709/5593] Pitimbu/PB… lat=-7.4728063 lon=-34.8112330
  [2710/5593] Pocinhos/PB… lat=-7.0760730 lon=-36.0604474
  [2711/5593] Poço dantas/PB… lat=-6.4050165 lon=-38.4964786
  [2712/5593] Poço de José de Moura/PB… lat=-6.5744099 lon=-38.5114566
  [2713/5593] Pombal/PB… lat=-6.7711315 lon=-37.7988646
  [2714/5593] Prata/PB… lat=-7.6948841 lon=-37.0830343
  [2715/5593] Princesa Isabel/PB… lat=-7.7368980 lon=-37.9921335
  [2716/5593] Puxinanã/PB… lat=-7.1475216 lon=-35.9613355
  [2717/5593] Queimadas/PB… lat=-7.3640404 lon=-35.9016644
  [2718/5593] Quixaba/PB… lat=-6.5620138 lon=-38.3478189
  [2719/5593] Remígio/PB… lat=-6.9686741 lon=-35.7932133
  [2720/5593] Riachão/PB… lat=-6.5408387 lon=-35.6608948
  [2721/5593] Riachão do Bacamarte/PB… lat=-7.2534720 lon=-35.6692570
  [2722/5593] Riachão do Poço/PB… lat=-7.1474817 lon=-35.2647550
  [2723/5593] Riacho de Santo Antônio/PB… lat=-7.6914069 lon=-36.1563143
  [2724/5593] Riacho dos Cavalos/PB… lat=-6.4355877 lon=-37.6560108
  [2725/5593] Rio Tinto/PB… lat=-6.8038280 lon=-35.0775690
  [2726/5593] Salgadinho/PB… lat=-7.1024779 lon=-36.8446805
  [2727/5593] Salgado de São Félix/PB… lat=-7.3565372 lon=-35.4381278
  [2728/5593] Santa Cecília/PB… lat=-7.7441445 lon=-35.8793295
  [2729/5593] Santa Cruz/PB… lat=-6.5339244 lon=-38.0619997
  [2730/5593] Santa Helena/PB… lat=-6.7198909 lon=-38.6399212
  [2731/5593] Santa Inês/PB… lat=-7.6269752 lon=-38.5592415
  [2732/5593] Santa Luzia/PB… lat=-6.8677854 lon=-36.9182757
  [2733/5593] Santa Rita/PB… lat=-7.1284650 lon=-34.9846186
  [2734/5593] Santa Teresinha/PB… lat=-7.0849073 lon=-37.4433667
  [2735/5593] Santana de Mangueira/PB… lat=-7.5516523 lon=-38.3367458
  [2736/5593] Santana dos Garrotes/PB… lat=-7.3856858 lon=-37.9875650
  [2737/5593] Santo André/PB… lat=-7.2198586 lon=-36.6319767
  [2738/5593] São Bentinho/PB… lat=-6.8900937 lon=-37.7259704
  [2739/5593] São Bento/PB… lat=-6.4859187 lon=-37.4469328
  [2740/5593] São domingos/PB… lat=-6.8174316 lon=-37.9426430
  [2741/5593] São domingos do Cariri/PB… lat=-7.6350228 lon=-36.4317431
  [2742/5593] São Francisco/PB… lat=-6.6193066 lon=-38.0957979
  [2743/5593] São João do Cariri/PB… lat=-7.3867470 lon=-36.5288956
  [2744/5593] São João do Rio do Peixe/PB… lat=-6.7291053 lon=-38.4478745
  [2745/5593] São João do Tigre/PB… lat=-8.0782370 lon=-36.8491410
  [2746/5593] São José da Lagoa Tapada/PB… lat=-6.9426858 lon=-38.1639988
  [2747/5593] São José de Caiana/PB… lat=-7.2495911 lon=-38.2999416
  [2748/5593] São José de Espinharas/PB… lat=-6.8471249 lon=-37.3261946
  [2749/5593] São José de Piranhas/PB… lat=-7.1198508 lon=-38.4991347
  [2750/5593] São José de Princesa/PB… lat=-7.7412144 lon=-38.0989448
  [2751/5593] São José do Bonfim/PB… lat=-7.1616115 lon=-37.3081198
  [2752/5593] São José do Brejo do Cruz/PB… lat=-6.2123270 lon=-37.3544536
  [2753/5593] São José do Sabugi/PB… lat=-6.7758264 lon=-36.7979160
  [2754/5593] São José dos Cordeiros/PB… lat=-7.3917683 lon=-36.8079501
  [2755/5593] São José dos Ramos/PB… lat=-7.2490417 lon=-35.3803528
  [2756/5593] São Mamede/PB… lat=-6.9267856 lon=-37.0961226
  [2757/5593] São Miguel de Taipu/PB… lat=-7.2504021 lon=-35.2094089
  [2758/5593] São Sebastião de Lagoa de Roça/PB… lat=-7.1051675 lon=-35.8679660
  [2759/5593] São Sebastião do Umbuzeiro/PB… lat=-8.1522871 lon=-37.0090722
  [2760/5593] São Vicente do Seridó/PB… lat=-6.9333370 lon=-36.4008640
  [2761/5593] Sapé/PB… lat=-7.0935910 lon=-35.2279750
  [2762/5593] Serra Branca/PB… lat=-7.4815274 lon=-36.6634581
  [2763/5593] Serra da Raiz/PB… lat=-6.6874334 lon=-35.4420668
  [2764/5593] Serra Grande/PB… lat=-7.2146596 lon=-38.3719684
  [2765/5593] Serra Redonda/PB… lat=-7.1867108 lon=-35.6797950
  [2766/5593] Serraria/PB… lat=-6.8193129 lon=-35.6387473
  [2767/5593] Sertãozinho/PB… lat=-6.7523657 lon=-35.4407316
  [2768/5593] Sobrado/PB… lat=-7.1442879 lon=-35.2357401
  [2769/5593] Solânea/PB… lat=-6.7540351 lon=-35.6621943
  [2770/5593] Soledade/PB… lat=-7.0582920 lon=-36.3667910
  [2771/5593] Sossêgo/PB… lat=-6.7676940 lon=-36.2455081
  [2772/5593] Sousa/PB… lat=-6.7662029 lon=-38.2319607
  [2773/5593] Sumé/PB… lat=-7.6715210 lon=-36.8788755
  [2774/5593] Tacima/PB… lat=-6.4895383 lon=-35.6364852
  [2775/5593] Taperoá/PB… lat=-7.2062940 lon=-36.8244990
  [2776/5593] Tavares/PB… lat=-7.6364944 lon=-37.8788279
  [2777/5593] Teixeira/PB… lat=-7.2210360 lon=-37.2524770
  [2778/5593] Tenório/PB… lat=-6.9408374 lon=-36.6277956
  [2779/5593] Triunfo/PB… lat=-6.5787084 lon=-38.5975469
  [2780/5593] Uiraúna/PB… lat=-6.5214240 lon=-38.4120654
  [2781/5593] Umbuzeiro/PB… lat=-7.6964940 lon=-35.6666231
  [2782/5593] Várzea/PB… lat=-6.7710581 lon=-36.9912098
  [2783/5593] Vieirópolis/PB… lat=-6.5433639 lon=-38.2778190
  [2784/5593] Vista Serrana/PB… lat=-6.7391662 lon=-37.5685755
  [2785/5593] Zabelê/PB… lat=-8.0755140 lon=-37.0985126
  [2786/5593] Abreu E Lima/PE… lat=-7.9007190 lon=-34.8983890
  [2787/5593] Afogados da Ingazeira/PE… lat=-7.7481283 lon=-37.6346614
  [2788/5593] Afrânio/PE… lat=-8.5198919 lon=-41.0070197
  [2789/5593] Agrestina/PE… lat=-8.4558021 lon=-35.9442663
  [2790/5593] Água Preta/PE… lat=-8.7079109 lon=-35.5198586
  [2791/5593] Águas Belas/PE… lat=-9.1113156 lon=-37.1225218
  [2792/5593] Alagoinha/PE… lat=-8.4663372 lon=-36.7748832
  [2793/5593] Aliança/PE… lat=-7.6026425 lon=-35.2263514
  [2794/5593] Altinho/PE… lat=-8.4904095 lon=-36.0607494
  [2795/5593] Amaraji/PE… lat=-8.3739250 lon=-35.4536527
  [2796/5593] Angelim/PE… lat=-8.8902038 lon=-36.2872987
  [2797/5593] Araçoiaba/PE… lat=-7.7856903 lon=-35.0898881
  [2798/5593] Araripina/PE… lat=-7.5768582 lon=-40.5038509
  [2799/5593] Arcoverde/PE… lat=-8.4208643 lon=-37.0547808
  [2800/5593] Barra de Guabiraba/PE… lat=-8.4173522 lon=-35.6626669
  [2801/5593] Barreiros/PE… lat=-8.8159644 lon=-35.1831905
  [2802/5593] Belém de Maria/PE… lat=-8.6242497 lon=-35.8388934
  [2803/5593] Belém do São Francisco/PE… lat=-8.7517707 lon=-38.9625715
  [2804/5593] Belo Jardim/PE… lat=-8.3338293 lon=-36.4176419
  [2805/5593] Betânia/PE… lat=-8.2742779 lon=-38.0351767
  [2806/5593] Bezerros/PE… lat=-8.2372132 lon=-35.7558262
  [2807/5593] Bodocó/PE… lat=-7.7775920 lon=-39.9337970
  [2808/5593] Bom Conselho/PE… lat=-9.1691910 lon=-36.6856830
  [2809/5593] Bom Jardim/PE… lat=-7.7962749 lon=-35.5871139
  [2810/5593] Bonito/PE… lat=-8.4721161 lon=-35.7314591
  [2811/5593] Brejão/PE… lat=-9.0291460 lon=-36.5660340
  [2812/5593] Brejinho/PE… lat=-7.3491144 lon=-37.2871181
  [2813/5593] Brejo da Madre de deus/PE… lat=-8.1409718 lon=-36.3712527
  [2814/5593] Buenos Aires/PE… lat=-7.7218931 lon=-35.3265870
  [2815/5593] Buíque/PE… lat=-8.6239732 lon=-37.1572960
  [2816/5593] Cabo de Santo Agostinho/PE… lat=-8.2838945 lon=-35.0320984
  [2817/5593] Cabrobó/PE… lat=-8.5083701 lon=-39.3106961
  [2818/5593] Cachoeirinha/PE… lat=-8.4906364 lon=-36.2338963
  [2819/5593] Caetés/PE… lat=-8.7728788 lon=-36.6255835
  [2820/5593] Calçado/PE… lat=-8.7413446 lon=-36.3351787
  [2821/5593] Calumbi/PE… lat=-7.9396706 lon=-38.1525186
  [2822/5593] Camaragibe/PE… lat=-8.0213832 lon=-34.9810768
  [2823/5593] Camocim de São Félix/PE… lat=-8.3616757 lon=-35.7638903
  [2824/5593] Camutanga/PE… lat=-7.4092965 lon=-35.2738166
  [2825/5593] Canhotinho/PE… lat=-8.8765190 lon=-36.1979350
  [2826/5593] Capoeiras/PE… lat=-8.7386788 lon=-36.6268109
  [2827/5593] Carnaíba/PE… lat=-7.8059640 lon=-37.7947314
  [2828/5593] Carnaubeira da Penha/PE… lat=-8.3192809 lon=-38.7435891
  [2829/5593] Carpina/PE… lat=-7.8459105 lon=-35.2538861
  [2830/5593] Caruaru/PE… lat=-8.2829702 lon=-35.9722852
  [2831/5593] Casinhas/PE… lat=-7.7446980 lon=-35.7250923
  [2832/5593] Catende/PE… lat=-8.6695284 lon=-35.7251419
  [2833/5593] Cedro/PE… lat=-7.7186318 lon=-39.2363385
  [2834/5593] Chã de Alegria/PE… lat=-7.9959409 lon=-35.2134636
  [2835/5593] Chã Grande/PE… lat=-8.2382710 lon=-35.4571480
  [2836/5593] Condado/PE… lat=-7.5878680 lon=-35.0999400
  [2837/5593] Correntes/PE… lat=-9.1295585 lon=-36.3287438
  [2838/5593] Cortês/PE… lat=-8.4724921 lon=-35.5431197
  [2839/5593] Cumaru/PE… lat=-8.0064316 lon=-35.6993575
  [2840/5593] Cupira/PE… lat=-8.6053148 lon=-35.9530366
  [2841/5593] Custódia/PE… lat=-8.0860251 lon=-37.6400307
  [2842/5593] dormentes/PE… lat=-8.4411630 lon=-40.7661680
  [2843/5593] Escada/PE… lat=-8.3623847 lon=-35.2366232
  [2844/5593] Exu/PE… lat=-7.5154340 lon=-39.7220150
  [2845/5593] Feira Nova/PE… lat=-7.9506495 lon=-35.3884502
  [2846/5593] Fernando de Noronha/PE… lat=-3.8537498 lon=-32.4198018
  [2847/5593] Ferreiros/PE… lat=-7.4496670 lon=-35.2426004
  [2848/5593] Flores/PE… lat=-7.8620250 lon=-37.9742806
  [2849/5593] Floresta/PE… lat=-8.5969798 lon=-38.5742878
  [2850/5593] Frei Miguelinho/PE… lat=-7.9433019 lon=-35.9209390
  [2851/5593] Gameleira/PE… lat=-8.5798030 lon=-35.3845730
  [2852/5593] Garanhuns/PE… lat=-8.8905889 lon=-36.4930896
  [2853/5593] Glória do Goitá/PE… lat=-7.9999590 lon=-35.2866116
  [2854/5593] Goiana/PE… lat=-7.5606030 lon=-34.9959100
  [2855/5593] Granito/PE… lat=-7.7148722 lon=-39.6160362
  [2856/5593] Gravatá/PE… lat=-8.1990371 lon=-35.5627006
  [2857/5593] Iati/PE… lat=-9.0426669 lon=-36.8466803
  [2858/5593] Ibimirim/PE… lat=-8.5379259 lon=-37.6941375
  [2859/5593] Ibirajuba/PE… lat=-8.5795521 lon=-36.1780450
  [2860/5593] Igarassu/PE… lat=-7.8354423 lon=-34.9061125
  [2861/5593] Iguaracy/PE… lat=-7.8363415 lon=-37.5140407
  [2862/5593] Ilha de Itamaracá/PE… lat=-7.7476640 lon=-34.8303190
  [2863/5593] Inajá/PE… lat=-8.9011209 lon=-37.8244194
  [2864/5593] Ingazeira/PE… lat=-7.6773108 lon=-37.4598895
  [2865/5593] Ipojuca/PE… lat=-8.3980773 lon=-35.0611068
  [2866/5593] Ipubi/PE… lat=-7.6535334 lon=-40.1494078
  [2867/5593] Itacuruba/PE… lat=-8.7267879 lon=-38.6868835
  [2868/5593] Itaíba/PE… lat=-8.9467500 lon=-37.4211880
  [2869/5593] Itambé/PE… lat=-7.4108509 lon=-35.1096700
  [2870/5593] Itapetim/PE… lat=-7.3774260 lon=-37.1888025
  [2871/5593] Itapissuma/PE… lat=-7.7679830 lon=-34.8971360
  [2872/5593] Itaquitinga/PE… lat=-7.6642569 lon=-35.1023615
  [2873/5593] Jaboatão dos Guararapes/PE… lat=-8.1752476 lon=-34.9468716
  [2874/5593] Jaqueira/PE… lat=-8.7276422 lon=-35.7948925
  [2875/5593] Jataúba/PE… lat=-7.9860545 lon=-36.4980118
  [2876/5593] Jatobá/PE… lat=-9.1832353 lon=-38.2672047
  [2877/5593] João Alfredo/PE… lat=-7.8608755 lon=-35.5915750
  [2878/5593] Joaquim Nabuco/PE… lat=-8.6233192 lon=-35.5264107
  [2879/5593] Jucati/PE… lat=-8.7065829 lon=-36.4870496
  [2880/5593] Jupi/PE… lat=-8.7114677 lon=-36.4174480
  [2881/5593] Jurema/PE… lat=-8.7189103 lon=-36.1373650
  [2882/5593] Lagoa de Itaenga/PE… lat=-7.9335596 lon=-35.2919789
  [2883/5593] Lagoa do Carro/PE… lat=-7.8438340 lon=-35.3107830
  [2884/5593] Lagoa do Ouro/PE… lat=-9.1247761 lon=-36.4592567
  [2885/5593] Lagoa dos Gatos/PE… lat=-8.6537614 lon=-35.9045124
  [2886/5593] Lagoa Grande/PE… lat=-8.9930649 lon=-40.2716452
  [2887/5593] Lajedo/PE… lat=-8.6579140 lon=-36.3293360
  [2888/5593] Limoeiro/PE… lat=-7.8725990 lon=-35.4401540
  [2889/5593] Macaparana/PE… lat=-7.5412256 lon=-35.4491025
  [2890/5593] Machados/PE… lat=-7.6876999 lon=-35.5126635
  [2891/5593] Manari/PE… lat=-8.9616166 lon=-37.6246480
  [2892/5593] Maraial/PE… lat=-8.7823791 lon=-35.8113151
  [2893/5593] Mirandiba/PE… lat=-8.1202103 lon=-38.7284590
  [2894/5593] Moreilândia/PE… lat=-7.6297226 lon=-39.5537361
  [2895/5593] Moreno/PE… lat=-8.1087060 lon=-35.0835400
  [2896/5593] Nazaré da Mata/PE… lat=-7.7452689 lon=-35.2286396
  [2897/5593] Olinda/PE… lat=-7.9986401 lon=-34.8459552
  [2898/5593] Orobó/PE… lat=-7.7456200 lon=-35.6019195
  [2899/5593] Orocó/PE… lat=-8.6147578 lon=-39.6036988
  [2900/5593] Ouricuri/PE… lat=-7.8844320 lon=-40.0833221
  [2901/5593] Palmares/PE… lat=-8.6841057 lon=-35.5890305
  [2902/5593] Palmeirina/PE… lat=-9.0030969 lon=-36.3254036
  [2903/5593] Panelas/PE… lat=-8.6612110 lon=-36.0125390
  [2904/5593] Paranatama/PE… lat=-8.9198099 lon=-36.6573512
  [2905/5593] Parnamirim/PE… lat=-8.0913471 lon=-39.5778505
  [2906/5593] Passira/PE… lat=-7.9763170 lon=-35.5817327
  [2907/5593] Paudalho/PE… lat=-7.9028700 lon=-35.1716390
  [2908/5593] Paulista/PE… lat=-7.9340069 lon=-34.8684070
  [2909/5593] Pedra/PE… lat=-8.4995589 lon=-36.9443770
  [2910/5593] Pesqueira/PE… lat=-8.3574471 lon=-36.6968238
  [2911/5593] Petrolândia/PE… lat=-8.9701861 lon=-38.2213655
  [2912/5593] Petrolina/PE… lat=-9.3817334 lon=-40.4968875
  [2913/5593] Poção/PE… lat=-8.1867090 lon=-36.7023901
  [2914/5593] Pombos/PE… lat=-8.1398585 lon=-35.3964370
  [2915/5593] Primavera/PE… lat=-8.3308449 lon=-35.3523034
  [2916/5593] Quipapá/PE… lat=-8.8269434 lon=-36.0116220
  [2917/5593] Quixaba/PE… lat=-7.7185273 lon=-37.8484398
  [2918/5593] Recife/PE… lat=-8.0584933 lon=-34.8848193
  [2919/5593] Riacho das Almas/PE… lat=-8.1356327 lon=-35.8566421
  [2920/5593] Ribeirão/PE… lat=-8.5066761 lon=-35.3747339
  [2921/5593] Rio Formoso/PE… lat=-8.6606291 lon=-35.1550736
  [2922/5593] Sairé/PE… lat=-8.3277815 lon=-35.7094611
  [2923/5593] Salgadinho/PE… lat=-7.9403047 lon=-35.6343745
  [2924/5593] Salgueiro/PE… lat=-8.0726731 lon=-39.1269719
  [2925/5593] Saloá/PE… lat=-8.9749640 lon=-36.6892298
  [2926/5593] Sanharó/PE… lat=-8.3628776 lon=-36.5573186
  [2927/5593] Santa Cruz/PE… lat=-8.2392548 lon=-40.3316611
  [2928/5593] Santa Cruz da Baixa Verde/PE… lat=-7.8185452 lon=-38.1523506
  [2929/5593] Santa Cruz do Capibaribe/PE… lat=-7.9480190 lon=-36.2060920
  [2930/5593] Santa Filomena/PE… lat=-8.1605806 lon=-40.6132470
  [2931/5593] Santa Maria da Boa Vista/PE… lat=-8.8001615 lon=-39.8271099
  [2932/5593] Santa Maria do Cambucá/PE… lat=-7.8328155 lon=-35.8827950
  [2933/5593] Santa Terezinha/PE… lat=-7.3769600 lon=-37.4787500
  [2934/5593] São Benedito do Sul/PE… lat=-8.8107294 lon=-35.9334035
  [2935/5593] São Bento do Una/PE… lat=-8.5196562 lon=-36.4454372
  [2936/5593] São Caitano/PE… lat=-8.3304491 lon=-36.1353590
  [2937/5593] São João/PE… lat=-8.8757620 lon=-36.3653200
  [2938/5593] São Joaquim do Monte/PE… lat=-8.4323653 lon=-35.8076179
  [2939/5593] São José da Coroa Grande/PE… lat=-8.8893750 lon=-35.1514610
  [2940/5593] São José do Belmonte/PE… lat=-7.8641261 lon=-38.7599545
  [2941/5593] São José do Egito/PE… lat=-7.4698369 lon=-37.2746135
  [2942/5593] São Lourenço da Mata/PE… lat=-7.9959607 lon=-35.0393350
  [2943/5593] São Vicente Ferrer/PE… lat=-7.5896910 lon=-35.4808440
  [2944/5593] Serra Talhada/PE… lat=-7.9867805 lon=-38.2920294
  [2945/5593] Serrita/PE… lat=-7.9476953 lon=-39.2957383
  [2946/5593] Sertânia/PE… lat=-8.0684670 lon=-37.2683930
  [2947/5593] Sirinhaém/PE… lat=-8.5919350 lon=-35.1155161
  [2948/5593] Solidão/PE… lat=-7.6008705 lon=-37.6514396
  [2949/5593] Surubim/PE… lat=-7.8424353 lon=-35.7539722
  [2950/5593] Tabira/PE… lat=-7.5836610 lon=-37.5377350
  [2951/5593] Tacaimbó/PE… lat=-8.3173613 lon=-36.2915198
  [2952/5593] Tacaratu/PE… lat=-9.1051762 lon=-38.1499125
  [2953/5593] Tamandaré/PE… lat=-8.7500009 lon=-35.1045787
  [2954/5593] Taquaritinga do Norte/PE… lat=-7.9027766 lon=-36.0442227
  [2955/5593] Terezinha/PE… lat=-9.0560369 lon=-36.6233750
  [2956/5593] Terra Nova/PE… lat=-8.2249522 lon=-39.3844637
  [2957/5593] Timbaúba/PE… lat=-7.5118822 lon=-35.3160760
  [2958/5593] Toritama/PE… lat=-8.0083743 lon=-36.0587760
  [2959/5593] Tracunhaém/PE… lat=-7.8027253 lon=-35.2384980
  [2960/5593] Trindade/PE… lat=-7.7590000 lon=-40.2647200
  [2961/5593] Triunfo/PE… lat=-7.8362959 lon=-38.1042617
  [2962/5593] Tupanatinga/PE… lat=-8.7542378 lon=-37.3398733
  [2963/5593] Tuparetama/PE… lat=-7.6010116 lon=-37.3114417
  [2964/5593] Venturosa/PE… lat=-8.5765199 lon=-36.8765690
  [2965/5593] Verdejante/PE… lat=-7.9285675 lon=-38.9685473
  [2966/5593] Vertente do Lério/PE… lat=-7.7733359 lon=-35.8498482
  [2967/5593] Vertentes/PE… lat=-7.9061030 lon=-35.9894975
  [2968/5593] Vicência/PE… lat=-7.6574422 lon=-35.3218464
  [2969/5593] Vitória de Santo Antão/PE… lat=-8.1209019 lon=-35.2944858
  [2970/5593] Xexéu/PE… lat=-8.8036743 lon=-35.6244442
  [2971/5593] Curitiba f44b76/PF… não encontrada
  [2972/5593] Londrina f44b76/PF… não encontrada
  [2973/5593] Acauã/PI… lat=-8.2197544 lon=-41.0805699
  [2974/5593] Agricolândia/PI… lat=-5.7967843 lon=-42.6605131
  [2975/5593] Água Branca/PI… lat=-5.8950380 lon=-42.6368104
  [2976/5593] Alagoinha do Piauí/PI… lat=-7.0090952 lon=-40.9396750
  [2977/5593] Alegrete do Piauí/PI… lat=-7.2440138 lon=-40.8602296
  [2978/5593] Alto Longá/PI… lat=-5.2549051 lon=-42.2072388
  [2979/5593] Altos/PI… lat=-5.0639436 lon=-42.4811898
  [2980/5593] Alvorada do Gurguéia/PI… lat=-8.4465288 lon=-43.8655915
  [2981/5593] Amarante/PI… lat=-6.4057146 lon=-42.7476393
  [2982/5593] Angical do Piauí/PI… lat=-6.0872666 lon=-42.7366138
  [2983/5593] Anísio de Abreu/PI… lat=-9.1839590 lon=-43.0491150
  [2984/5593] Antônio Almeida/PI… lat=-7.2186016 lon=-44.1950248
  [2985/5593] Aroazes/PI… lat=-6.1109109 lon=-41.7881792
  [2986/5593] Aroeiras do Itaim/PI… lat=-7.2797031 lon=-41.5629681
  [2987/5593] Arraial/PI… lat=-6.6541632 lon=-42.5335332
  [2988/5593] Assunção do Piauí/PI… lat=-5.8608718 lon=-41.0492387
  [2989/5593] Avelino Lopes/PI… lat=-10.1346855 lon=-43.9489525
  [2990/5593] Baixa Grande do Ribeiro/PI… lat=-7.8628610 lon=-45.2113289
  [2991/5593] Barra D'alcântara/PI… lat=-6.5209258 lon=-42.1071089
  [2992/5593] Barras/PI… lat=-4.2446153 lon=-42.2920241
  [2993/5593] Barreiras do Piauí/PI… lat=-9.9224524 lon=-45.4763776
  [2994/5593] Barro Duro/PI… lat=-5.8180139 lon=-42.5106589
  [2995/5593] Batalha/PI… lat=-4.0223910 lon=-42.0780926
  [2996/5593] Bela Vista do Piauí/PI… lat=-7.9716353 lon=-41.8715061
  [2997/5593] Belém do Piauí/PI… lat=-7.3767305 lon=-40.9712156
  [2998/5593] Beneditinos/PI… lat=-5.4565671 lon=-42.3605061
  [2999/5593] Bertolínia/PI… lat=-7.6372159 lon=-43.9540611
  [3000/5593] Betânia do Piauí/PI… lat=-8.1460635 lon=-40.7961387
  [3001/5593] Boa Hora/PI… lat=-4.4097328 lon=-42.1253651
  [3002/5593] Bocaina/PI… lat=-6.9445939 lon=-41.3224599
  [3003/5593] Bom Jesus/PI… lat=-9.0711644 lon=-44.3583926
  [3004/5593] Bom Princípio do Piauí/PI… lat=-3.1912777 lon=-41.6430185
  [3005/5593] Bonfim do Piauí/PI… lat=-9.1648678 lon=-42.8734415
  [3006/5593] Boqueirão do Piauí/PI… lat=-4.4850148 lon=-42.1095161
  [3007/5593] Brasileira/PI… lat=-4.1311820 lon=-41.7824969
  [3008/5593] Brejo do Piauí/PI… lat=-8.2075830 lon=-42.8359849
  [3009/5593] Buriti dos Lopes/PI… lat=-3.1776723 lon=-41.8707444
  [3010/5593] Buriti dos Montes/PI… lat=-5.3136171 lon=-41.0971256
  [3011/5593] Cabeceiras do Piauí/PI… lat=-4.4733665 lon=-42.3098716
  [3012/5593] Cajazeiras do Piauí/PI… lat=-6.7942710 lon=-42.3935024
  [3013/5593] Cajueiro da Praia/PI… lat=-2.9289603 lon=-41.3381617
  [3014/5593] Caldeirão Grande do Piauí/PI… lat=-7.3310393 lon=-40.6374433
  [3015/5593] Campinas do Piauí/PI… lat=-7.6593687 lon=-41.8814875
  [3016/5593] Campo Alegre do Fidalgo/PI… lat=-8.3753852 lon=-41.8364191
  [3017/5593] Campo Grande do Piauí/PI… lat=-7.1327559 lon=-41.0381164
  [3018/5593] Campo Largo do Piauí/PI… lat=-3.8104731 lon=-42.6288333
  [3019/5593] Campo Maior/PI… lat=-4.8339574 lon=-42.1739786
  [3020/5593] Canavieira/PI… lat=-7.6924041 lon=-43.7190063
  [3021/5593] Canto do Buriti/PI… lat=-8.1112473 lon=-42.9448440
  [3022/5593] Capitão de Campos/PI… lat=-4.4584198 lon=-41.9415301
  [3023/5593] Capitão Gervásio Oliveira/PI… lat=-8.4954657 lon=-41.8169342
  [3024/5593] Caracol/PI… lat=-9.2804898 lon=-43.3284924
  [3025/5593] Caraúbas do Piauí/PI… lat=-3.4760094 lon=-41.8412188
  [3026/5593] Caridade do Piauí/PI… lat=-7.7331063 lon=-40.9883665
  [3027/5593] Castelo do Piauí/PI… lat=-5.3230426 lon=-41.5546185
  [3028/5593] Caxingó/PI… lat=-3.4208396 lon=-41.8925637
  [3029/5593] Cocal/PI… lat=-3.4691882 lon=-41.5558510
  [3030/5593] Cocal de Telha/PI… lat=-4.5553648 lon=-41.9722429
  [3031/5593] Cocal dos Alves/PI… lat=-3.5996400 lon=-41.4447410
  [3032/5593] Coivaras/PI… lat=-5.0927005 lon=-42.2052489
  [3033/5593] Colônia do Gurguéia/PI… lat=-8.1836970 lon=-43.7939990
  [3034/5593] Colônia do Piauí/PI… lat=-7.2320268 lon=-42.1777122
  [3035/5593] Conceição do Canindé/PI… lat=-7.8774025 lon=-41.5961417
  [3036/5593] Coronel José Dias/PI… lat=-8.8251733 lon=-42.4782726
  [3037/5593] Corrente/PI… lat=-10.4401356 lon=-45.1627472
  [3038/5593] Cristalândia do Piauí/PI… lat=-10.6525894 lon=-45.1847405
  [3039/5593] Cristino Castro/PI… lat=-8.8163934 lon=-44.2211062
  [3040/5593] Curimatá/PI… lat=-10.0349005 lon=-44.3033114
  [3041/5593] Currais/PI… lat=-9.0146796 lon=-44.3999284
  [3042/5593] Curral Novo do Piauí/PI… lat=-7.8316503 lon=-40.9006904
  [3043/5593] Curralinhos/PI… lat=-5.6190404 lon=-42.8280018
  [3044/5593] demerval Lobão/PI… lat=-5.3640643 lon=-42.6739930
  [3045/5593] Dirceu Arcoverde/PI… lat=-9.3413101 lon=-42.4362055
  [3046/5593] dom Expedito Lopes/PI… lat=-6.9580269 lon=-41.6469486
  [3047/5593] dom Inocêncio/PI… lat=-9.0009167 lon=-41.9740380
  [3048/5593] domingos Mourão/PI… lat=-4.2544732 lon=-41.2722903
  [3049/5593] Elesbão Veloso/PI… lat=-6.2032654 lon=-42.1376937
  [3050/5593] Eliseu Martins/PI… lat=-8.0984137 lon=-43.6637067
  [3051/5593] Esperantina/PI… lat=-3.8950963 lon=-42.2370595
  [3052/5593] Fartura do Piauí/PI… lat=-9.4839171 lon=-42.7906894
  [3053/5593] Flores do Piauí/PI… lat=-7.7917152 lon=-42.9236162
  [3054/5593] Floresta do Piauí/PI… lat=-7.4679466 lon=-41.8005220
  [3055/5593] Floriano/PI… lat=-6.7675739 lon=-43.0222610
  [3056/5593] Francinópolis/PI… lat=-6.3962771 lon=-42.2635654
  [3057/5593] Francisco Ayres/PI… lat=-6.6217571 lon=-42.6941944
  [3058/5593] Francisco Macedo/PI… lat=-7.3276798 lon=-40.7914329
  [3059/5593] Francisco Santos/PI… lat=-6.9944754 lon=-41.1345548
  [3060/5593] Fronteiras/PI… lat=-7.0886070 lon=-40.6147253
  [3061/5593] Geminiano/PI… lat=-7.1580963 lon=-41.3625942
  [3062/5593] Gilbués/PI… lat=-9.8295491 lon=-45.3389933
  [3063/5593] Guadalupe/PI… lat=-6.7880961 lon=-43.5693694
  [3064/5593] Guaribas/PI… lat=-9.3957375 lon=-43.6877965
  [3065/5593] Hugo Napoleão/PI… lat=-5.9899190 lon=-42.5593218
  [3066/5593] Ilha Grande/PI… lat=-2.8520082 lon=-41.8166904
  [3067/5593] Inhuma/PI… lat=-6.6694502 lon=-41.7096008
  [3068/5593] Ipiranga do Piauí/PI… lat=-6.8240832 lon=-41.7377279
  [3069/5593] Isaías Coelho/PI… lat=-7.7359201 lon=-41.6765311
  [3070/5593] Itainópolis/PI… lat=-7.4483425 lon=-41.4796645
  [3071/5593] Itaueira/PI… lat=-7.5991089 lon=-43.0278778
  [3072/5593] Jacobina do Piauí/PI… lat=-7.9356495 lon=-41.2106817
  [3073/5593] Jaicós/PI… lat=-7.3584791 lon=-41.1446059
  [3074/5593] Jardim do Mulato/PI… lat=-6.0953808 lon=-42.6360340
  [3075/5593] Jatobá do Piauí/PI… lat=-4.7700202 lon=-41.8181631
  [3076/5593] Jerumenha/PI… lat=-7.0880338 lon=-43.5078454
  [3077/5593] João Costa/PI… lat=-8.4887363 lon=-42.4174704
  [3078/5593] Joaquim Pires/PI… lat=-3.5083129 lon=-42.1925425
  [3079/5593] Joca Marques/PI… lat=-3.4986388 lon=-42.4317729
  [3080/5593] José de Freitas/PI… lat=-4.7578357 lon=-42.5763777
  [3081/5593] Juazeiro do Piauí/PI… lat=-5.1709582 lon=-41.7070148
  [3082/5593] Júlio Borges/PI… lat=-10.3273669 lon=-44.2397326
  [3083/5593] Jurema/PI… lat=-9.2221109 lon=-43.1293389
  [3084/5593] Lagoa Alegre/PI… lat=-4.5141801 lon=-42.6248758
  [3085/5593] Lagoa de São Francisco/PI… lat=-4.3928921 lon=-41.5988828
  [3086/5593] Lagoa do Barro do Piauí/PI… lat=-8.4798938 lon=-41.5295775
  [3087/5593] Lagoa do Piauí/PI… lat=-5.4116544 lon=-42.6450588
  [3088/5593] Lagoa do Sítio/PI… lat=-6.5169858 lon=-41.5722134
  [3089/5593] Lagoinha do Piauí/PI… lat=-5.8320490 lon=-42.6279117
  [3090/5593] Landri Sales/PI… lat=-7.2609081 lon=-43.9311019
  [3091/5593] Luís Correia/PI… lat=-2.8818164 lon=-41.6658458
  [3092/5593] Luzilândia/PI… lat=-3.4648887 lon=-42.3689528
  [3093/5593] Madeiro/PI… lat=-3.4834038 lon=-42.4994625
  [3094/5593] Manoel Emídio/PI… lat=-8.0054022 lon=-43.8730321
  [3095/5593] Marcolândia/PI… lat=-7.4404183 lon=-40.6650972
  [3096/5593] Marcos Parente/PI… lat=-7.1216428 lon=-43.8892251
  [3097/5593] Massapê do Piauí/PI… lat=-7.4628039 lon=-41.1260827
  [3098/5593] Matias Olímpio/PI… lat=-3.7150636 lon=-42.5547925
  [3099/5593] Miguel Alves/PI… lat=-4.1730384 lon=-42.8955677
  [3100/5593] Miguel Leão/PI… lat=-5.6814610 lon=-42.7371703
  [3101/5593] Milton Brandão/PI… lat=-4.7023518 lon=-41.4473767
  [3102/5593] Monsenhor Gil/PI… lat=-5.5609098 lon=-42.6127716
  [3103/5593] Monsenhor Hipólito/PI… lat=-6.9972682 lon=-41.0297330
  [3104/5593] Monte Alegre do Piauí/PI… lat=-9.7483373 lon=-45.3048117
  [3105/5593] Morro Cabeça No Tempo/PI… lat=-9.7236848 lon=-43.9037699
  [3106/5593] Morro do Chapéu do Piauí/PI… lat=-3.7415834 lon=-42.3117139
  [3107/5593] Murici dos Portelas/PI… lat=-3.3222798 lon=-42.0904339
  [3108/5593] Nazaré do Piauí/PI… lat=-6.9709737 lon=-42.6707675
  [3109/5593] Nazária/PI… lat=-5.3512851 lon=-42.8152823
  [3110/5593] Nossa Senhora de Nazaré/PI… lat=-4.6333634 lon=-42.1716341
  [3111/5593] Nossa Senhora dos Remédios/PI… lat=-3.9792637 lon=-42.6216791
  [3112/5593] Nova Santa Rita/PI… lat=-8.0739703 lon=-42.0504725
  [3113/5593] Novo Oriente do Piauí/PI… lat=-6.4504258 lon=-41.9219571
  [3114/5593] Novo Santo Antônio/PI… lat=-5.2870106 lon=-41.9359942
  [3115/5593] Oeiras/PI… lat=-7.0174887 lon=-42.1314478
  [3116/5593] Olho D'água do Piauí/PI… lat=-5.8485456 lon=-42.5737797
  [3117/5593] Padre Marcos/PI… lat=-7.3534527 lon=-40.9063953
  [3118/5593] Paes Landim/PI… lat=-7.7781616 lon=-42.2552274
  [3119/5593] Pajeú do Piauí/PI… lat=-7.8552420 lon=-42.8220764
  [3120/5593] Palmeira do Piauí/PI… lat=-8.7251991 lon=-44.2356922
  [3121/5593] Palmeirais/PI… lat=-5.9761427 lon=-43.0637158
  [3122/5593] Paquetá/PI… lat=-7.1041208 lon=-41.7030366
  [3123/5593] Parnaguá/PI… lat=-10.2240273 lon=-44.6374373
  [3124/5593] Parnaíba/PI… lat=-2.9147515 lon=-41.7661953
  [3125/5593] Passagem Franca do Piauí/PI… lat=-5.8574824 lon=-42.4402452
  [3126/5593] Patos do Piauí/PI… lat=-7.6799549 lon=-41.2454250
  [3127/5593] Pau D'arco do Piauí/PI… lat=-5.2522265 lon=-42.3884018
  [3128/5593] Paulistana/PI… lat=-8.1389174 lon=-41.1380533
  [3129/5593] Pavussu/PI… lat=-7.9646111 lon=-43.2232032
  [3130/5593] Pedro Ii/PI… lat=-4.4252673 lon=-41.4584070
  [3131/5593] Pedro Laurentino/PI… lat=-8.0660549 lon=-42.2874621
  [3132/5593] Picos/PI… lat=-7.0823544 lon=-41.4685053
  [3133/5593] Pimenteiras/PI… lat=-6.2366098 lon=-41.4192948
  [3134/5593] Pio Ix/PI… lat=-6.8351921 lon=-40.6148654
  [3135/5593] Piracuruca/PI… lat=-3.9304804 lon=-41.7150099
  [3136/5593] Piripiri/PI… lat=-4.2732339 lon=-41.7785173
  [3137/5593] Porto/PI… lat=-3.8929066 lon=-42.7078344
  [3138/5593] Porto Alegre do Piauí/PI… lat=-6.9717253 lon=-44.1965104
  [3139/5593] Prata do Piauí/PI… lat=-5.6692702 lon=-42.2067899
  [3140/5593] Queimada Nova/PI… lat=-8.5805141 lon=-41.4173529
  [3141/5593] Redenção do Gurguéia/PI… lat=-9.4862001 lon=-44.5840178
  [3142/5593] Regeneração/PI… lat=-6.2318550 lon=-42.6860897
  [3143/5593] Riacho Frio/PI… lat=-10.1298278 lon=-44.9527078
  [3144/5593] Ribeira do Piauí/PI… lat=-7.6912987 lon=-42.7130999
  [3145/5593] Ribeiro Gonçalves/PI… lat=-7.5603126 lon=-45.2417148
  [3146/5593] Rio Grande do Piauí/PI… lat=-7.7767595 lon=-43.1400070
  [3147/5593] Santa Cruz do Piauí/PI… lat=-7.1827307 lon=-41.7657024
  [3148/5593] Santa Cruz dos Milagres/PI… lat=-5.8019654 lon=-41.9590554
  [3149/5593] Santa Filomena/PI… lat=-9.1176912 lon=-45.9199551
  [3150/5593] Santa Luz/PI… lat=-8.9505200 lon=-44.1312995
  [3151/5593] Santa Rosa do Piauí/PI… lat=-6.7983399 lon=-42.2799407
  [3152/5593] Santana do Piauí/PI… lat=-6.9458076 lon=-41.5190275
  [3153/5593] Santo Antônio de Lisboa/PI… lat=-6.9831426 lon=-41.2283884
  [3154/5593] Santo Antônio dos Milagres/PI… lat=-6.0475440 lon=-42.7117391
  [3155/5593] Santo Inácio do Piauí/PI… lat=-7.4224725 lon=-41.9146001
  [3156/5593] São Braz do Piauí/PI… lat=-9.0650020 lon=-42.9982797
  [3157/5593] São Félix do Piauí/PI… lat=-5.9325152 lon=-42.1119145
  [3158/5593] São Francisco de Assis do Piauí/PI… lat=-8.2373863 lon=-41.6863246
  [3159/5593] São Francisco do Piauí/PI… lat=-7.2460489 lon=-42.5414016
  [3160/5593] São Gonçalo do Gurguéia/PI… lat=-10.0303022 lon=-45.3032826
  [3161/5593] São Gonçalo do Piauí/PI… lat=-5.9970067 lon=-42.7041762
  [3162/5593] São João da Canabrava/PI… lat=-6.8175686 lon=-41.3461715
  [3163/5593] São João da Fronteira/PI… lat=-3.9390215 lon=-41.2592109
  [3164/5593] São João da Serra/PI… lat=-5.5163795 lon=-41.8967078
  [3165/5593] São João da Varjota/PI… lat=-6.9151806 lon=-41.8643155
  [3166/5593] São João do Arraial/PI… lat=-3.8126524 lon=-42.4508146
  [3167/5593] São João do Piauí/PI… lat=-8.3601426 lon=-42.2487642
  [3168/5593] São José do Divino/PI… lat=-3.8108544 lon=-41.8297546
  [3169/5593] São José do Peixe/PI… lat=-7.4938166 lon=-42.5661301
  [3170/5593] São José do Piauí/PI… lat=-6.8725567 lon=-41.4772864
  [3171/5593] São Julião/PI… lat=-7.0839681 lon=-40.8373447
  [3172/5593] São Lourenço do Piauí/PI… lat=-9.1680968 lon=-42.5452890
  [3173/5593] São Luis do Piauí/PI… lat=-6.8263336 lon=-41.3232207
  [3174/5593] São Miguel da Baixa Grande/PI… lat=-5.8648279 lon=-42.1864332
  [3175/5593] São Miguel do Fidalgo/PI… lat=-7.5834113 lon=-42.3709452
  [3176/5593] São Miguel do Tapuio/PI… lat=-5.5015262 lon=-41.3214276
  [3177/5593] São Pedro do Piauí/PI… lat=-5.9237680 lon=-42.7195114
  [3178/5593] São Raimundo Nonato/PI… lat=-9.0149761 lon=-42.6888427
  [3179/5593] Sebastião Barros/PI… lat=-10.8149125 lon=-44.8330743
  [3180/5593] Sebastião Leal/PI… lat=-7.5679515 lon=-44.0648363
  [3181/5593] Sigefredo Pacheco/PI… lat=-4.9148779 lon=-41.7304149
  [3182/5593] Simões/PI… lat=-7.5970469 lon=-40.8176003
  [3183/5593] Simplício Mendes/PI… lat=-7.8605280 lon=-41.9081183
  [3184/5593] Socorro do Piauí/PI… lat=-7.8631876 lon=-42.4994689
  [3185/5593] Sussuapara/PI… lat=-7.0110259 lon=-41.3830041
  [3186/5593] Tamboril do Piauí/PI… lat=-8.4007816 lon=-42.9112793
  [3187/5593] Tanque do Piauí/PI… lat=-6.5971682 lon=-42.2840316
  [3188/5593] Teresina/PI… lat=-5.0874608 lon=-42.8049571
  [3189/5593] União/PI… lat=-4.5892553 lon=-42.8593348
  [3190/5593] Uruçuí/PI… lat=-7.7970000 lon=-44.5748709
  [3191/5593] Valença do Piauí/PI… lat=-6.3855000 lon=-41.7673326
  [3192/5593] Várzea Branca/PI… lat=-9.2371884 lon=-42.9643784
  [3193/5593] Várzea Grande/PI… lat=-6.5460829 lon=-42.2480401
  [3194/5593] Vera Mendes/PI… lat=-7.6041627 lon=-41.4827889
  [3195/5593] Vila Nova do Piauí/PI… lat=-7.1429224 lon=-40.9378562
  [3196/5593] Wall Ferraz/PI… lat=-7.2339199 lon=-41.9114070
  [3197/5593] Abatiá/PR… lat=-23.3052967 lon=-50.3102532
  [3198/5593] Adrianópolis/PR… lat=-24.6557863 lon=-48.9912769
  [3199/5593] Agudos do Sul/PR… lat=-25.9890808 lon=-49.3328175
  [3200/5593] Almirante Tamandaré/PR… lat=-25.3133048 lon=-49.2997838
  [3201/5593] Altamira do Paraná/PR… lat=-24.7989390 lon=-52.7132201
  [3202/5593] Alto Paraíso/PR… lat=-23.5081370 lon=-53.7285370
  [3203/5593] Alto Paraná/PR… lat=-23.1312470 lon=-52.3188930
  [3204/5593] Alto Piquiri/PR… lat=-24.0239021 lon=-53.4417448
  [3205/5593] Altônia/PR… lat=-23.8722004 lon=-53.8940370
  [3206/5593] Alvorada do Sul/PR… lat=-22.7807269 lon=-51.2307721
  [3207/5593] Amaporã/PR… lat=-23.0942720 lon=-52.7865970
  [3208/5593] Ampére/PR… lat=-25.9168712 lon=-53.4742414
  [3209/5593] Anahy/PR… lat=-24.6450861 lon=-53.1337957
  [3210/5593] Andirá/PR… lat=-23.0494761 lon=-50.2310027
  [3211/5593] Ângulo/PR… lat=-23.1958345 lon=-51.9094976
  [3212/5593] Antonina/PR… lat=-25.4298854 lon=-48.7125431
  [3213/5593] Antônio Olinto/PR… lat=-25.9849006 lon=-50.1974516
  [3214/5593] Apucarana/PR… lat=-23.5525327 lon=-51.4610764
  [3215/5593] Arapongas/PR… lat=-23.4152862 lon=-51.4293961
  [3216/5593] Arapoti/PR… lat=-24.1457957 lon=-49.8224605
  [3217/5593] Arapuã/PR… lat=-24.3079525 lon=-51.7901941
  [3218/5593] Araruna/PR… lat=-23.9320308 lon=-52.4976047
  [3219/5593] Araucária/PR… lat=-25.5861107 lon=-49.4051209
  [3220/5593] Ariranha do Ivaí/PR… lat=-24.3834527 lon=-51.5876772
  [3221/5593] Assaí/PR… lat=-23.3736041 lon=-50.8454929
  [3222/5593] Assis Chateaubriand/PR… lat=-24.4054826 lon=-53.5120468
  [3223/5593] Astorga/PR… lat=-23.2350184 lon=-51.6647074
  [3224/5593] Atalaia/PR… lat=-23.1513833 lon=-52.0529697
  [3225/5593] Balsa Nova/PR… lat=-25.5842234 lon=-49.6312741
  [3226/5593] Bandeirantes/PR… lat=-23.1077880 lon=-50.3704070
  [3227/5593] Barbosa Ferraz/PR… lat=-24.0287182 lon=-52.0081100
  [3228/5593] Barra do Jacaré/PR… lat=-23.1151788 lon=-50.1813945
  [3229/5593] Barracão/PR… lat=-26.2524094 lon=-53.6349764
  [3230/5593] Bela Vista da Caroba/PR… lat=-25.8792818 lon=-53.6672545
  [3231/5593] Bela Vista do Paraíso/PR… lat=-22.9948493 lon=-51.1907996
  [3232/5593] Bituruna/PR… lat=-26.1612810 lon=-51.5533319
  [3233/5593] Boa Esperança/PR… lat=-24.2411024 lon=-52.7860277
  [3234/5593] Boa Esperança do Iguaçu/PR… lat=-25.6362851 lon=-53.2139114
  [3235/5593] Boa Ventura de São Roque/PR… lat=-24.8817700 lon=-51.5441292
  [3236/5593] Boa Vista da Aparecida/PR… lat=-25.4357216 lon=-53.4067721
  [3237/5593] Bocaiúva do Sul/PR… lat=-25.2065910 lon=-49.1141310
  [3238/5593] Bom Jesus do Sul/PR… lat=-26.1923880 lon=-53.6000736
  [3239/5593] Bom Sucesso/PR… lat=-23.7101968 lon=-51.7661597
  [3240/5593] Bom Sucesso do Sul/PR… lat=-26.0749256 lon=-52.8348629
  [3241/5593] Borrazópolis/PR… lat=-23.9399295 lon=-51.5842203
  [3242/5593] Braganey/PR… lat=-24.8179919 lon=-53.1185060
  [3243/5593] Brasilândia do Sul/PR… lat=-24.1975793 lon=-53.5275510
  [3244/5593] Cafeara/PR… lat=-22.7890500 lon=-51.7141950
  [3245/5593] Cafelândia/PR… lat=-24.6176963 lon=-53.3218057
  [3246/5593] Cafezal do Sul/PR… lat=-23.9005080 lon=-53.5124180
  [3247/5593] Califórnia/PR… lat=-23.6672543 lon=-51.3554556
  [3248/5593] Cambará/PR… lat=-23.0422730 lon=-50.0752810
  [3249/5593] Cambé/PR… lat=-23.2782035 lon=-51.2779583
  [3250/5593] Cambira/PR… lat=-23.6002773 lon=-51.5809914
  [3251/5593] Campina da Lagoa/PR… lat=-24.5937926 lon=-52.8038965
  [3252/5593] Campina do Simão/PR… lat=-25.1086375 lon=-51.8076658
  [3253/5593] Campina Grande do Sul/PR… lat=-25.3046032 lon=-49.0545355
  [3254/5593] Campo Bonito/PR… lat=-25.0328004 lon=-52.9929760
  [3255/5593] Campo do Tenente/PR… lat=-25.9814143 lon=-49.6845180
  [3256/5593] Campo Largo/PR… lat=-25.4597726 lon=-49.5270851
  [3257/5593] Campo Magro/PR… lat=-25.3691533 lon=-49.4496921
  [3258/5593] Campo Mourão/PR… lat=-24.0463290 lon=-52.3780200
  [3259/5593] Cândido de Abreu/PR… lat=-24.5747463 lon=-51.3432207
  [3260/5593] Candói/PR… lat=-25.5711951 lon=-52.0511070
  [3261/5593] Cantagalo/PR… lat=-25.3735238 lon=-52.1238114
  [3262/5593] Capanema/PR… lat=-25.6704878 lon=-53.8083036
  [3263/5593] Capitão Leônidas Marques/PR… lat=-25.4816450 lon=-53.6112380
  [3264/5593] Carambeí/PR… lat=-24.9513298 lon=-50.1171293
  [3265/5593] Carlópolis/PR… lat=-23.4285011 lon=-49.7208814
  [3266/5593] Cascavel/PR… lat=-24.9554996 lon=-53.4560544
  [3267/5593] Castro/PR… lat=-24.7940720 lon=-49.9972914
  [3268/5593] Catanduvas/PR… lat=-25.2043528 lon=-53.1548260
  [3269/5593] Centenário do Sul/PR… lat=-22.8214970 lon=-51.5951456
  [3270/5593] Cerro Azul/PR… lat=-24.8245108 lon=-49.2615181
  [3271/5593] Céu Azul/PR… lat=-25.1484973 lon=-53.8494214
  [3272/5593] Chopinzinho/PR… lat=-25.8566167 lon=-52.5294107
  [3273/5593] Cianorte/PR… lat=-23.6620360 lon=-52.6103989
  [3274/5593] Cidade Gaúcha/PR… lat=-23.3816558 lon=-52.9444098
  [3275/5593] Clevelândia/PR… lat=-26.4040650 lon=-52.3513972
  [3276/5593] Colombo/PR… lat=-25.2925439 lon=-49.2243472
  [3277/5593] Colorado/PR… lat=-22.8385097 lon=-51.9730135
  [3278/5593] Congonhinhas/PR… lat=-23.5497241 lon=-50.5520182
  [3279/5593] Conselheiro Mairinck/PR… lat=-23.6229983 lon=-50.1706779
  [3280/5593] Contenda/PR… lat=-25.6788110 lon=-49.5350440
  [3281/5593] Corbélia/PR… lat=-24.7951117 lon=-53.2961804
  [3282/5593] Cornélio Procópio/PR… lat=-23.1825218 lon=-50.6499263
  [3283/5593] Coronel domingos Soares/PR… lat=-26.2239400 lon=-52.0314509
  [3284/5593] Coronel Vivida/PR… lat=-25.9803771 lon=-52.5654277
  [3285/5593] Corumbataí do Sul/PR… lat=-24.1009560 lon=-52.1176600
  [3286/5593] Cruz Machado/PR… lat=-26.0184626 lon=-51.3503171
  [3287/5593] Cruzeiro do Iguaçu/PR… lat=-25.6142278 lon=-53.1299075
  [3288/5593] Cruzeiro do Oeste/PR… lat=-23.7839582 lon=-53.0709425
  [3289/5593] Cruzeiro do Sul/PR… lat=-22.9623678 lon=-52.1625688
  [3290/5593] Cruzmaltina/PR… lat=-23.9930826 lon=-51.4435583
  [3291/5593] Curitiba/PR… lat=-25.4295963 lon=-49.2712724
  [3292/5593] Curiúva/PR… lat=-24.0383013 lon=-50.4554840
  [3293/5593] Diamante D'oeste/PR… lat=-24.9446989 lon=-54.1028594
  [3294/5593] Diamante do Norte/PR… lat=-22.6565442 lon=-52.8589113
  [3295/5593] Diamante do Sul/PR… lat=-25.0436147 lon=-52.6800923
  [3296/5593] dois Vizinhos/PR… lat=-25.7464681 lon=-53.0554369
  [3297/5593] douradina/PR… lat=-23.3847331 lon=-53.2932989
  [3298/5593] doutor Camargo/PR… lat=-23.5575611 lon=-52.2185546
  [3299/5593] doutor Ulysses/PR… lat=-24.5661713 lon=-49.4203013
  [3300/5593] Enéas Marques/PR… lat=-25.9435584 lon=-53.1637539
  [3301/5593] Engenheiro Beltrão/PR… lat=-23.7996003 lon=-52.2592684
  [3302/5593] Entre Rios do Oeste/PR… lat=-24.7002098 lon=-54.2448233
  [3303/5593] Esperança Nova/PR… lat=-23.7246134 lon=-53.8105174
  [3304/5593] Espigão Alto do Iguaçu/PR… lat=-25.4223729 lon=-52.8376411
  [3305/5593] Farol/PR… lat=-24.0935055 lon=-52.6232183
  [3306/5593] Faxinal/PR… lat=-24.0012120 lon=-51.3222727
  [3307/5593] Fazenda Rio Grande/PR… lat=-25.6458410 lon=-49.3126653
  [3308/5593] Fênix/PR… lat=-23.9169495 lon=-51.9801443
  [3309/5593] Fernandes Pinheiro/PR… lat=-25.4148066 lon=-50.5489837
  [3310/5593] Figueira/PR… lat=-23.8481018 lon=-50.4059875
  [3311/5593] Flor da Serra do Sul/PR… lat=-26.2589553 lon=-53.3084320
  [3312/5593] Floraí/PR… lat=-23.3206134 lon=-52.3009856
  [3313/5593] Floresta/PR… lat=-23.6144046 lon=-52.0819003
  [3314/5593] Florestópolis/PR… lat=-22.8663942 lon=-51.3905121
  [3315/5593] Flórida/PR… lat=-23.0861312 lon=-51.9540843
  [3316/5593] Formosa do Oeste/PR… lat=-24.2966562 lon=-53.3128010
  [3317/5593] Foz do Iguaçu/PR… lat=-25.5304023 lon=-54.5830692
  [3318/5593] FOZ DO IGUAÇU/PR… lat=-25.5304023 lon=-54.5830692
  [3319/5593] Foz do Jordão/PR… lat=-25.7377144 lon=-52.1209188
  [3320/5593] Francisco Alves/PR… lat=-24.0694395 lon=-53.8443480
  [3321/5593] Francisco Beltrão/PR… lat=-26.0790979 lon=-53.0533527
  [3322/5593] General Carneiro/PR… lat=-26.4229820 lon=-51.3146691
  [3323/5593] Godoy Moreira/PR… lat=-24.1925289 lon=-51.9232662
  [3324/5593] Goioerê/PR… lat=-24.1851885 lon=-53.0250623
  [3325/5593] Goioxim/PR… lat=-25.1987274 lon=-51.9924229
  [3326/5593] Grandes Rios/PR… lat=-24.1454626 lon=-51.5063628
  [3327/5593] Guaíra/PR… lat=-24.0851924 lon=-54.2567519
  [3328/5593] Guairaçá/PR… lat=-22.9352304 lon=-52.6865101
  [3329/5593] Guamiranga/PR… lat=-25.1909033 lon=-50.8116961
  [3330/5593] Guapirama/PR… lat=-23.5164582 lon=-50.0431538
  [3331/5593] Guaporema/PR… lat=-23.3402180 lon=-52.7786050
  [3332/5593] Guaraci/PR… lat=-22.9703940 lon=-51.6479769
  [3333/5593] Guaraniaçu/PR… lat=-25.1003500 lon=-52.8678110
  [3334/5593] Guarapuava/PR… lat=-25.3950986 lon=-51.4622016
  [3335/5593] Guaraqueçaba/PR… lat=-25.2983566 lon=-48.3290185
  [3336/5593] Guaratuba/PR… lat=-25.8806192 lon=-48.5750905
  [3337/5593] Honório Serpa/PR… lat=-26.1431490 lon=-52.3837940
  [3338/5593] Ibaiti/PR… lat=-23.8452962 lon=-50.1905666
  [3339/5593] Ibema/PR… lat=-25.1192916 lon=-53.0071928
  [3340/5593] Ibiporã/PR… lat=-23.2684137 lon=-51.0475907
  [3341/5593] Icaraíma/PR… lat=-23.3948345 lon=-53.6162036
  [3342/5593] Iguaraçu/PR… lat=-23.1972911 lon=-51.8244524
  [3343/5593] Iguatu/PR… lat=-24.7170385 lon=-53.0865561
  [3344/5593] Imbaú/PR… lat=-24.4475970 lon=-50.7557188
  [3345/5593] Imbituva/PR… lat=-25.2293338 lon=-50.6051002
  [3346/5593] Inácio Martins/PR… lat=-25.5725435 lon=-51.0764637
  [3347/5593] Inajá/PR… lat=-22.7530214 lon=-52.1976067
  [3348/5593] Indianópolis/PR… lat=-23.4807249 lon=-52.6987037
  [3349/5593] Ipiranga/PR… lat=-25.0239759 lon=-50.5854615
  [3350/5593] Iporã/PR… lat=-24.0039474 lon=-53.7100595
  [3351/5593] Iracema do Oeste/PR… lat=-24.4278880 lon=-53.3539137
  [3352/5593] Irati/PR… lat=-25.4696630 lon=-50.6492870
  [3353/5593] Iretama/PR… lat=-24.4205941 lon=-52.1013532
  [3354/5593] Itaguajé/PR… lat=-22.6182820 lon=-51.9673510
  [3355/5593] Itaipulândia/PR… lat=-25.1417007 lon=-54.2980691
  [3356/5593] Itambaracá/PR… lat=-23.0176678 lon=-50.4068870
  [3357/5593] Itambé/PR… lat=-23.6594240 lon=-51.9903555
  [3358/5593] Itapejara D'oeste/PR… lat=-25.9651274 lon=-52.8149217
  [3359/5593] Itaperuçu/PR… lat=-25.2212291 lon=-49.3458394
  [3360/5593] Itaúna do Sul/PR… lat=-22.7302304 lon=-52.8854393
  [3361/5593] Ivaí/PR… lat=-25.0069795 lon=-50.8568896
  [3362/5593] Ivaiporã/PR… lat=-24.2433517 lon=-51.6719268
  [3363/5593] Ivaté/PR… lat=-23.4084656 lon=-53.3698352
  [3364/5593] Ivatuba/PR… lat=-23.6187220 lon=-52.2174491
  [3365/5593] Jaboti/PR… lat=-23.7419073 lon=-50.0752639
  [3366/5593] Jacarezinho/PR… lat=-23.1590428 lon=-49.9739664
  [3367/5593] Jaguapitã/PR… lat=-23.1102516 lon=-51.5327741
  [3368/5593] Jaguariaíva/PR… lat=-24.2589699 lon=-49.7201518
  [3369/5593] Jandaia do Sul/PR… lat=-23.6003907 lon=-51.6456740
  [3370/5593] Janiópolis/PR… lat=-24.1401240 lon=-52.7783600
  [3371/5593] Japira/PR… lat=-23.8119773 lon=-50.1397133
  [3372/5593] Japurá/PR… lat=-23.4692730 lon=-52.5557200
  [3373/5593] Jardim Alegre/PR… lat=-24.1795192 lon=-51.6927177
  [3374/5593] Jardim Olinda/PR… lat=-22.5520625 lon=-52.0363730
  [3375/5593] Jataizinho/PR… lat=-23.2578150 lon=-50.9777480
  [3376/5593] Jesuítas/PR… lat=-24.3807263 lon=-53.3855699
  [3377/5593] Joaquim Távora/PR… lat=-23.4999724 lon=-49.9232545
  [3378/5593] Jundiaí do Sul/PR… lat=-23.4369861 lon=-50.2478173
  [3379/5593] Juranda/PR… lat=-24.4208660 lon=-52.8413440
  [3380/5593] Jussara/PR… lat=-23.6219310 lon=-52.4693100
  [3381/5593] Kaloré/PR… lat=-23.8242643 lon=-51.6683666
  [3382/5593] Lapa/PR… lat=-25.7670900 lon=-49.7167770
  [3383/5593] Laranjal/PR… lat=-24.8909736 lon=-52.4726747
  [3384/5593] Laranjeiras do Sul/PR… lat=-25.4073197 lon=-52.4150132
  [3385/5593] Leópolis/PR… lat=-23.0789091 lon=-50.7501808
  [3386/5593] Lidianópolis/PR… lat=-24.1073464 lon=-51.6525676
  [3387/5593] Lindoeste/PR… lat=-25.2608275 lon=-53.5758136
  [3388/5593] Loanda/PR… lat=-22.9320944 lon=-53.1352452
  [3389/5593] Lobato/PR… lat=-23.0077055 lon=-51.9524309
  [3390/5593] Londrina/PR… lat=-23.4761271 lon=-51.1179013
  [3391/5593] Luiziana/PR… lat=-24.2838237 lon=-52.2767531
  [3392/5593] Lunardelli/PR… lat=-24.0793542 lon=-51.7421822
  [3393/5593] Lupionópolis/PR… lat=-22.7558205 lon=-51.6575301
  [3394/5593] Mallet/PR… lat=-25.8829457 lon=-50.8289338
  [3395/5593] Mamborê/PR… lat=-24.3084433 lon=-52.5298446
  [3396/5593] Mandaguaçu/PR… lat=-23.3485076 lon=-52.0966215
  [3397/5593] Mandaguari/PR… lat=-23.5224849 lon=-51.6787511
  [3398/5593] Mandirituba/PR… lat=-25.7772457 lon=-49.3279107
  [3399/5593] Manfrinópolis/PR… lat=-26.1440729 lon=-53.3113372
  [3400/5593] Mangueirinha/PR… lat=-25.9412009 lon=-52.1740852
  [3401/5593] Manoel Ribas/PR… lat=-24.5177239 lon=-51.6685729
  [3402/5593] Marechal Cândido Rondon/PR… lat=-24.5582532 lon=-54.0587821
  [3403/5593] Maria Helena/PR… lat=-23.6139395 lon=-53.2061350
  [3404/5593] Marialva/PR… lat=-23.4820987 lon=-51.7957880
  [3405/5593] Marilândia do Sul/PR… lat=-23.7462425 lon=-51.3021452
  [3406/5593] Marilena/PR… lat=-22.7358333 lon=-53.0400000
  [3407/5593] Mariluz/PR… lat=-24.0031216 lon=-53.1481130
  [3408/5593] Maringá/PR… lat=-23.4252690 lon=-51.9382078
  [3409/5593] MARINGÁ/PR… lat=-23.4252690 lon=-51.9382078
  [3410/5593] Mariópolis/PR… lat=-26.3518327 lon=-52.5491563
  [3411/5593] Maripá/PR… lat=-24.4199780 lon=-53.8286410
  [3412/5593] Marmeleiro/PR… lat=-26.1472000 lon=-53.0267410
  [3413/5593] Marquinho/PR… lat=-25.1133759 lon=-52.2581854
  [3414/5593] Marumbi/PR… lat=-23.7070343 lon=-51.6408276
  [3415/5593] Matelândia/PR… lat=-25.2404183 lon=-53.9835004
  [3416/5593] Matinhos/PR… lat=-25.8187096 lon=-48.5342040
  [3417/5593] Mato Rico/PR… lat=-24.7045571 lon=-52.1493001
  [3418/5593] Mauá da Serra/PR… lat=-23.9045517 lon=-51.2261166
  [3419/5593] Medianeira/PR… lat=-25.2954233 lon=-54.0940666
  [3420/5593] Mercedes/PR… lat=-24.4504957 lon=-54.1647255
  [3421/5593] Mirador/PR… lat=-23.2570150 lon=-52.7756432
  [3422/5593] Miraselva/PR… lat=-22.9675823 lon=-51.4847793
  [3423/5593] Missal/PR… lat=-25.0913359 lon=-54.2476738
  [3424/5593] Moreira Sales/PR… lat=-24.0509413 lon=-53.0101722
  [3425/5593] Morretes/PR… lat=-25.4768503 lon=-48.8322501
  [3426/5593] Munhoz de Melo/PR… lat=-23.1486583 lon=-51.7737332
  [3427/5593] Nossa Senhora das Graças/PR… lat=-22.9138823 lon=-51.7962681
  [3428/5593] Nova Aliança do Ivaí/PR… lat=-23.1762710 lon=-52.6032440
  [3429/5593] Nova América da Colina/PR… lat=-23.3315888 lon=-50.7182735
  [3430/5593] Nova Aurora/PR… lat=-24.5282336 lon=-53.2576703
  [3431/5593] Nova Cantu/PR… lat=-24.6739252 lon=-52.5731265
  [3432/5593] Nova Esperança/PR… lat=-23.1818437 lon=-52.1999852
  [3433/5593] NOVA ESPERANÇA/PR… lat=-23.1818437 lon=-52.1999852
  [3434/5593] Nova Esperança do Sudoeste/PR… lat=-25.9004038 lon=-53.2617627
  [3435/5593] Nova Fátima/PR… lat=-23.4330560 lon=-50.5618055
  [3436/5593] Nova Laranjeiras/PR… lat=-25.3053760 lon=-52.5446820
  [3437/5593] Nova Londrina/PR… lat=-22.7633621 lon=-52.9875908
  [3438/5593] Nova Olímpia/PR… lat=-23.4699403 lon=-53.0901120
  [3439/5593] Nova Prata do Iguaçu/PR… lat=-25.6325323 lon=-53.3463611
  [3440/5593] Nova Santa Bárbara/PR… lat=-23.5860638 lon=-50.7638011
  [3441/5593] Nova Santa Rosa/PR… lat=-24.4681320 lon=-53.9547649
  [3442/5593] Nova Tebas/PR… lat=-24.4379580 lon=-51.9453570
  [3443/5593] Novo Itacolomi/PR… lat=-23.7635774 lon=-51.5076578
  [3444/5593] Ortigueira/PR… lat=-24.2088891 lon=-50.9250430
  [3445/5593] Ourizona/PR… lat=-23.4047001 lon=-52.1954085
  [3446/5593] Ouro Verde do Oeste/PR… lat=-24.7741302 lon=-53.9069380
  [3447/5593] Paiçandu/PR… lat=-23.4575884 lon=-52.0489880
  [3448/5593] Palmas/PR… lat=-26.4838680 lon=-51.9888120
  [3449/5593] Palmeira/PR… lat=-25.4269718 lon=-49.9987787
  [3450/5593] Palmital/PR… lat=-24.8842985 lon=-52.2113941
  [3451/5593] Palotina/PR… lat=-24.2839929 lon=-53.8405463
  [3452/5593] Paraíso do Norte/PR… lat=-23.2841185 lon=-52.6024125
  [3453/5593] Paranacity/PR… lat=-22.9304971 lon=-52.1523164
  [3454/5593] Paranaguá/PR… lat=-25.5148822 lon=-48.5226695
  [3455/5593] Paranapoema/PR… lat=-22.6561084 lon=-52.0865163
  [3456/5593] Paranavaí/PR… lat=-23.0816500 lon=-52.4617240
  [3457/5593] PARANAVAÍ/PR… lat=-23.0816500 lon=-52.4617240
  [3458/5593] Pato Bragado/PR… lat=-24.6270545 lon=-54.2264587
  [3459/5593] Pato Branco/PR… lat=-26.2295984 lon=-52.6712474
  [3460/5593] Paula Freitas/PR… lat=-26.2092739 lon=-50.9364620
  [3461/5593] Paulo Frontin/PR… lat=-26.0399524 lon=-50.8337759
  [3462/5593] Peabiru/PR… lat=-23.9142123 lon=-52.3455598
  [3463/5593] Perobal/PR… lat=-23.8948610 lon=-53.4098380
  [3464/5593] Pérola/PR… lat=-23.8031666 lon=-53.6824972
  [3465/5593] Pérola D'oeste/PR… lat=-25.8277940 lon=-53.7433330
  [3466/5593] Piên/PR… lat=-26.0988916 lon=-49.4297904
  [3467/5593] Pinhais/PR… lat=-25.4443488 lon=-49.1900307
  [3468/5593] Pinhal de São Bento/PR… lat=-26.0326418 lon=-53.4837511
  [3469/5593] Pinhalão/PR… lat=-23.7889966 lon=-50.0577318
  [3470/5593] Pinhão/PR… lat=-25.6960895 lon=-51.6566366
  [3471/5593] Piraí do Sul/PR… lat=-24.5346602 lon=-49.9399216
  [3472/5593] Piraquara/PR… lat=-25.4423273 lon=-49.0604473
  [3473/5593] Pitanga/PR… lat=-24.7576770 lon=-51.7592351
  [3474/5593] Pitangueiras/PR… lat=-23.2313428 lon=-51.5873010
  [3475/5593] Planaltina do Paraná/PR… lat=-23.0228724 lon=-52.9160307
  [3476/5593] Planalto/PR… lat=-25.7184492 lon=-53.7672160
  [3477/5593] Ponta Grossa/PR… lat=-25.0891685 lon=-50.1601812
  [3478/5593] Pontal do Paraná/PR… lat=-25.5747650 lon=-48.3614806
  [3479/5593] Porecatu/PR… lat=-22.7537240 lon=-51.3794900
  [3480/5593] Porto Amazonas/PR… lat=-25.5494226 lon=-49.8973805
  [3481/5593] Porto Barreiro/PR… lat=-25.5466703 lon=-52.4090260
  [3482/5593] Porto Rico/PR… lat=-22.7747420 lon=-53.2677310
  [3483/5593] Porto Vitória/PR… lat=-26.1605673 lon=-51.2239397
  [3484/5593] Prado Ferreira/PR… lat=-23.0397840 lon=-51.4431235
  [3485/5593] Pranchita/PR… lat=-26.0209403 lon=-53.7396825
  [3486/5593] Presidente Castelo Branco/PR… lat=-23.2790844 lon=-52.1528771
  [3487/5593] Primeiro de Maio/PR… lat=-22.8517140 lon=-51.0292510
  [3488/5593] Prudentópolis/PR… lat=-25.2033580 lon=-50.9895774
  [3489/5593] Quarto Centenário/PR… lat=-24.2790400 lon=-53.0758810
  [3490/5593] Quatiguá/PR… lat=-23.5669626 lon=-49.9160315
  [3491/5593] Quatro Barras/PR… lat=-25.3708987 lon=-49.0745672
  [3492/5593] Quatro Pontes/PR… lat=-24.5741062 lon=-53.9780237
  [3493/5593] Quedas do Iguaçu/PR… lat=-25.4530010 lon=-52.9090429
  [3494/5593] Querência do Norte/PR… lat=-23.0837580 lon=-53.4830220
  [3495/5593] Quinta do Sol/PR… lat=-23.8494169 lon=-52.1334452
  [3496/5593] Quitandinha/PR… lat=-25.8737269 lon=-49.4977717
  [3497/5593] Ramilândia/PR… lat=-25.1190203 lon=-54.0301175
  [3498/5593] Rancho Alegre/PR… lat=-23.0709220 lon=-50.9142676
  [3499/5593] Rancho Alegre D'oeste/PR… lat=-24.3065214 lon=-52.9551791
  [3500/5593] Realeza/PR… lat=-25.7720262 lon=-53.5338306
  [3501/5593] Rebouças/PR… lat=-25.6259339 lon=-50.6946598
  [3502/5593] Renascença/PR… lat=-26.1588370 lon=-52.9703490
  [3503/5593] Reserva/PR… lat=-24.6545336 lon=-50.8484432
  [3504/5593] Reserva do Iguaçu/PR… lat=-25.8365103 lon=-52.0282560
  [3505/5593] Ribeirão Claro/PR… lat=-23.1960492 lon=-49.7568326
  [3506/5593] Ribeirão do Pinhal/PR… lat=-23.4063092 lon=-50.3581945
  [3507/5593] Rio Azul/PR… lat=-25.7266440 lon=-50.7905340
  [3508/5593] Rio Bom/PR… lat=-23.7618456 lon=-51.4127871
  [3509/5593] Rio Bonito do Iguaçu/PR… lat=-25.4903906 lon=-52.5262069
  [3510/5593] Rio Branco do Ivaí/PR… lat=-24.3193396 lon=-51.3139672
  [3511/5593] Rio Branco do Sul/PR… lat=-25.1885374 lon=-49.3119082
  [3512/5593] Rio Negro/PR… lat=-26.1047668 lon=-49.7982766
  [3513/5593] Rolândia/PR… lat=-23.3119901 lon=-51.3674145
  [3514/5593] Roncador/PR… lat=-24.5960555 lon=-52.2744834
  [3515/5593] Rondon/PR… lat=-23.4171839 lon=-52.7722221
  [3516/5593] Rosário do Ivaí/PR… lat=-24.2545374 lon=-51.2505025
  [3517/5593] Sabáudia/PR… lat=-23.3190190 lon=-51.5544109
  [3518/5593] Salgado Filho/PR… lat=-26.1732041 lon=-53.3619195
  [3519/5593] Salto do Itararé/PR… lat=-23.6038767 lon=-49.6265810
  [3520/5593] Salto do Lontra/PR… lat=-25.7815642 lon=-53.3085197
  [3521/5593] Santa Amélia/PR… lat=-23.2661996 lon=-50.4278622
  [3522/5593] Santa Cecília do Pavão/PR… lat=-23.5176577 lon=-50.7837199
  [3523/5593] Santa Cruz de Monte Castelo/PR… lat=-22.9582028 lon=-53.2948590
  [3524/5593] Santa Fé/PR… lat=-23.0399930 lon=-51.8080140
  [3525/5593] Santa Helena/PR… lat=-24.8591735 lon=-54.3328813
  [3526/5593] Santa Inês/PR… lat=-22.6402250 lon=-51.9031333
  [3527/5593] Santa Isabel do Ivaí/PR… lat=-23.0013818 lon=-53.1940876
  [3528/5593] Santa Izabel do Oeste/PR… lat=-25.8216520 lon=-53.4801460
  [3529/5593] Santa Lúcia/PR… lat=-25.4079427 lon=-53.5677252
  [3530/5593] Santa Maria do Oeste/PR… lat=-24.9392355 lon=-51.8712242
  [3531/5593] Santa Mariana/PR… lat=-23.1499367 lon=-50.5199587
  [3532/5593] Santa Mônica/PR… lat=-23.1085921 lon=-53.1103971
  [3533/5593] Santa Tereza do Oeste/PR… lat=-25.0511956 lon=-53.6161834
  [3534/5593] Santa Terezinha de Itaipu/PR… lat=-25.4390809 lon=-54.4019902
  [3535/5593] Santana do Itararé/PR… lat=-23.7566225 lon=-49.6292826
  [3536/5593] Santo Antônio da Platina/PR… lat=-23.2957157 lon=-50.0778957
  [3537/5593] Santo Antônio do Caiuá/PR… lat=-22.7365132 lon=-52.3446998
  [3538/5593] Santo Antônio do Paraíso/PR… lat=-23.4949247 lon=-50.6468656
  [3539/5593] Santo Antônio do Sudoeste/PR… lat=-26.0727118 lon=-53.7255560
  [3540/5593] Santo Inácio/PR… lat=-22.6973239 lon=-51.7926790
  [3541/5593] São Carlos do Ivaí/PR… lat=-23.3158280 lon=-52.4761430
  [3542/5593] São Jerônimo da Serra/PR… lat=-23.7221275 lon=-50.7389164
  [3543/5593] São João/PR… lat=-25.8273206 lon=-52.7256633
  [3544/5593] SÃO JOÃO/PR… lat=-25.8273206 lon=-52.7256633
  [3545/5593] São João do Caiuá/PR… lat=-22.8544849 lon=-52.3371114
  [3546/5593] São João do Ivaí/PR… lat=-23.9914063 lon=-51.8232148
  [3547/5593] São João do Triunfo/PR… lat=-25.6829710 lon=-50.2949200
  [3548/5593] São Jorge D'oeste/PR… lat=-25.7086966 lon=-52.9189882
  [3549/5593] São Jorge do Ivaí/PR… lat=-23.4327325 lon=-52.2924553
  [3550/5593] São Jorge do Patrocínio/PR… lat=-23.7612908 lon=-53.8806252
  [3551/5593] São José da Boa Vista/PR… lat=-23.9173145 lon=-49.6506010
  [3552/5593] São José das Palmeiras/PR… lat=-24.8350864 lon=-54.0621488
  [3553/5593] São José dos Pinhais/PR… lat=-25.5338160 lon=-49.2072163
  [3554/5593] São Manoel do Paraná/PR… lat=-23.3941370 lon=-52.6453760
  [3555/5593] São Mateus do Sul/PR… lat=-25.8668230 lon=-50.3827960
  [3556/5593] São Miguel do Iguaçu/PR… lat=-25.3491710 lon=-54.2404980
  [3557/5593] São Pedro do Iguaçu/PR… lat=-24.9341766 lon=-53.8579529
  [3558/5593] São Pedro do Ivaí/PR… lat=-23.8660384 lon=-51.8563711
  [3559/5593] São Pedro do Paraná/PR… lat=-22.8240967 lon=-53.2227550
  [3560/5593] São Sebastião da Amoreira/PR… lat=-23.4647501 lon=-50.7605173
  [3561/5593] São Tomé/PR… lat=-23.5349460 lon=-52.5901250
  [3562/5593] Sapopema/PR… lat=-23.9105099 lon=-50.5791315
  [3563/5593] Sarandi/PR… lat=-23.4441170 lon=-51.8760160
  [3564/5593] Saudade do Iguaçu/PR… lat=-25.6915533 lon=-52.6184857
  [3565/5593] Sengés/PR… lat=-24.1141771 lon=-49.4644197
  [3566/5593] Serranópolis do Iguaçu/PR… lat=-25.3798835 lon=-54.0538801
  [3567/5593] Sertaneja/PR… lat=-23.0367627 lon=-50.8168020
  [3568/5593] Sertanópolis/PR… lat=-23.0600434 lon=-51.0373544
  [3569/5593] Siqueira Campos/PR… lat=-23.6874810 lon=-49.8304160
  [3570/5593] Sulina/PR… lat=-25.7001327 lon=-52.7207833
  [3571/5593] Tamarana/PR… lat=-23.7223793 lon=-51.0936013
  [3572/5593] Tamboara/PR… lat=-23.1995071 lon=-52.5000131
  [3573/5593] Tapejara/PR… lat=-23.6420508 lon=-52.8752622
  [3574/5593] Tapira/PR… lat=-23.3231460 lon=-53.0712033
  [3575/5593] Teixeira Soares/PR… lat=-25.3719287 lon=-50.4586285
  [3576/5593] Telêmaco Borba/PR… lat=-24.3282939 lon=-50.6318021
  [3577/5593] Terra Boa/PR… lat=-23.7683290 lon=-52.4470020
  [3578/5593] Terra Rica/PR… lat=-22.7264874 lon=-52.6202541
  [3579/5593] Terra Roxa/PR… lat=-24.1670468 lon=-54.0974320
  [3580/5593] Tibagi/PR… lat=-24.5151667 lon=-50.4101487
  [3581/5593] Tijucas do Sul/PR… lat=-25.9273376 lon=-49.1792650
  [3582/5593] Toledo/PR… lat=-24.7222438 lon=-53.7402476
  [3583/5593] Tomazina/PR… lat=-23.7777942 lon=-49.9546482
  [3584/5593] Três Barras do Paraná/PR… lat=-25.4212699 lon=-53.1837577
  [3585/5593] Tunas do Paraná/PR… lat=-24.9739476 lon=-49.0862467
  [3586/5593] Tuneiras do Oeste/PR… lat=-23.8672329 lon=-52.8749376
  [3587/5593] Tupãssi/PR… lat=-24.5857992 lon=-53.5129537
  [3588/5593] Turvo/PR… lat=-25.0439330 lon=-51.5392172
  [3589/5593] Ubiratã/PR… lat=-24.5427250 lon=-52.9899678
  [3590/5593] Umuarama/PR… lat=-23.7621152 lon=-53.3116192
  [3591/5593] União da Vitória/PR… lat=-26.2285960 lon=-51.0869796
  [3592/5593] Uniflor/PR… lat=-23.0853871 lon=-52.1584403
  [3593/5593] Uraí/PR… lat=-23.1999970 lon=-50.7938730
  [3594/5593] Ventania/PR… lat=-24.2470771 lon=-50.2454520
  [3595/5593] Vera Cruz do Oeste/PR… lat=-25.0586140 lon=-53.8785648
  [3596/5593] Verê/PR… lat=-25.8812309 lon=-52.9081757
  [3597/5593] Virmond/PR… lat=-25.3816653 lon=-52.2034599
  [3598/5593] Vitorino/PR… lat=-26.2647687 lon=-52.7804392
  [3599/5593] Wenceslau Braz/PR… lat=-23.8748841 lon=-49.8035872
  [3600/5593] Xambrê/PR… lat=-23.7361723 lon=-53.4881707
  [3601/5593] Curitiba Shell/PS… não encontrada
  [3602/5593] CuritibaV/PV… não encontrada
  [3603/5593] LondrinaV/PV… não encontrada
  [3604/5593] CuritibaX/PX… não encontrada
  [3605/5593] LondrinaX/PX… não encontrada
  [3606/5593] CuritibaZ/PZ… não encontrada
  [3607/5593] LondrinaZ/PZ… não encontrada
  [3608/5593] CuritibaD/QD… não encontrada
  [3609/5593] LondrinaD/QD… não encontrada
  [3610/5593] CuritibaE/QE… não encontrada
  [3611/5593] LondrinaE/QE… não encontrada
  [3612/5593] Angra dos Reis/RJ… lat=-23.1555405 lon=-44.2344809
  [3613/5593] Aperibé/RJ… lat=-21.6531590 lon=-42.1329659
  [3614/5593] Araruama/RJ… lat=-22.7446908 lon=-42.3231292
  [3615/5593] Areal/RJ… lat=-22.2366295 lon=-43.1290631
  [3616/5593] Armação dos Búzios/RJ… lat=-22.7597805 lon=-41.8875267
  [3617/5593] Arraial do Cabo/RJ… lat=-22.9662839 lon=-42.0244270
  [3618/5593] Barra do Piraí/RJ… lat=-22.4242691 lon=-43.8935244
  [3619/5593] Barra Mansa/RJ… lat=-22.5427739 lon=-44.1691871
  [3620/5593] Belford Roxo/RJ… lat=-22.7309996 lon=-43.3796377
  [3621/5593] Bom Jardim/RJ… lat=-22.1515328 lon=-42.4186683
  [3622/5593] Bom Jesus do Itabapoana/RJ… lat=-21.1351354 lon=-41.6798294
  [3623/5593] Cabo Frio/RJ… lat=-22.8804369 lon=-42.0189227
  [3624/5593] Cachoeiras de Macacu/RJ… lat=-22.4626861 lon=-42.6534414
  [3625/5593] Cambuci/RJ… lat=-21.4835902 lon=-41.9071130
  [3626/5593] Campos dos Goytacazes/RJ… lat=-21.7546000 lon=-41.3242000
  [3627/5593] Cantagalo/RJ… lat=-21.8673976 lon=-42.3062367
  [3628/5593] Carapebus/RJ… lat=-22.2041702 lon=-41.6509588
  [3629/5593] Cardoso Moreira/RJ… lat=-21.4884962 lon=-41.6176928
  [3630/5593] Carmo/RJ… lat=-21.8921796 lon=-42.5723319
  [3631/5593] Casimiro de Abreu/RJ… lat=-22.4756154 lon=-42.1522235
  [3632/5593] Comendador Levy Gasparian/RJ… lat=-22.0534699 lon=-43.2511049
  [3633/5593] Conceição de Macabu/RJ… lat=-22.0832000 lon=-41.8736000
  [3634/5593] Cordeiro/RJ… lat=-22.0610953 lon=-42.3536861
  [3635/5593] Duas Barras/RJ… lat=-22.0351374 lon=-42.4901782
  [3636/5593] Duque de Caxias/RJ… lat=-22.7896225 lon=-43.3099290
  [3637/5593] Engenheiro Paulo de Frontin/RJ… lat=-22.5201423 lon=-43.6348984
  [3638/5593] Guapimirim/RJ… lat=-22.5266308 lon=-42.9790687
  [3639/5593] Iguaba Grande/RJ… lat=-22.8388498 lon=-42.2286746
  [3640/5593] Itaboraí/RJ… lat=-22.7496231 lon=-42.8557428
  [3641/5593] Itaguaí/RJ… lat=-22.8122697 lon=-43.8235630
  [3642/5593] Italva/RJ… lat=-21.4568539 lon=-41.6457486
  [3643/5593] Itaocara/RJ… lat=-21.7289291 lon=-42.0897294
  [3644/5593] Itaperuna/RJ… lat=-21.2158160 lon=-41.8798130
  [3645/5593] Itatiaia/RJ… lat=-22.4431534 lon=-44.5635213
  [3646/5593] Japeri/RJ… lat=-22.6660643 lon=-43.5885779
  [3647/5593] Laje do Muriaé/RJ… lat=-21.2082595 lon=-42.1226959
  [3648/5593] Macaé/RJ… lat=-22.3712958 lon=-41.7866922
  [3649/5593] Macuco/RJ… lat=-21.9849747 lon=-42.2539464
  [3650/5593] Magé/RJ… lat=-22.6604221 lon=-43.0426162
  [3651/5593] Mangaratiba/RJ… lat=-22.9415964 lon=-44.1181916
  [3652/5593] Maricá/RJ… lat=-22.9088758 lon=-42.8171914
  [3653/5593] Mendes/RJ… lat=-22.5269113 lon=-43.7332604
  [3654/5593] Mesquita/RJ… lat=-22.8025350 lon=-43.4602590
  [3655/5593] Miguel Pereira/RJ… lat=-22.5309482 lon=-43.5166051
  [3656/5593] Miracema/RJ… lat=-21.3899863 lon=-42.1404096
  [3657/5593] Natividade/RJ… lat=-21.0426488 lon=-41.9409815
  [3658/5593] Nilópolis/RJ… lat=-22.8080114 lon=-43.4138222
  [3659/5593] Niterói/RJ… lat=-22.8884000 lon=-43.1147000
  [3660/5593] Nova Friburgo/RJ… lat=-22.3061661 lon=-42.4934183
  [3661/5593] Nova Iguaçu/RJ… lat=-22.6955964 lon=-43.4654372
  [3662/5593] Paracambi/RJ… lat=-22.6109158 lon=-43.7096912
  [3663/5593] Paraíba do Sul/RJ… lat=-22.1873955 lon=-43.3034613
  [3664/5593] Paraty/RJ… lat=-23.2196461 lon=-44.7154196
  [3665/5593] Paty do Alferes/RJ… lat=-22.3775383 lon=-43.3970506
  [3666/5593] Petrópolis/RJ… lat=-22.5075743 lon=-43.1785356
  [3667/5593] Pinheiral/RJ… lat=-22.5129436 lon=-44.0014350
  [3668/5593] Piraí/RJ… lat=-22.6550811 lon=-43.9193061
  [3669/5593] Porciúncula/RJ… lat=-20.8956337 lon=-41.9332211
  [3670/5593] Porto Real/RJ… lat=-22.4195607 lon=-44.2896491
  [3671/5593] Quatis/RJ… lat=-22.3625932 lon=-44.2495086
  [3672/5593] Queimados/RJ… lat=-22.7156978 lon=-43.5557540
  [3673/5593] Quissamã/RJ… lat=-22.1072050 lon=-41.4723411
  [3674/5593] Resende/RJ… lat=-22.4418699 lon=-44.4204847
  [3675/5593] Rio Bonito/RJ… lat=-22.7368566 lon=-42.5702111
  [3676/5593] Rio Claro/RJ… lat=-22.7857402 lon=-44.0742668
  [3677/5593] Rio das Flores/RJ… lat=-22.1661122 lon=-43.5853593
  [3678/5593] Rio das Ostras/RJ… lat=-22.5269448 lon=-41.9449720
  [3679/5593] Rio de Janeiro/RJ… lat=-22.9110137 lon=-43.2093727
  [3680/5593] Santa Maria Madalena/RJ… lat=-21.9518563 lon=-41.9000248
  [3681/5593] Santo Antônio de Pádua/RJ… lat=-21.5711641 lon=-42.2014373
  [3682/5593] São Fidélis/RJ… lat=-21.6467054 lon=-41.7463412
  [3683/5593] São Francisco de Itabapoana/RJ… lat=-21.4537437 lon=-41.1452982
  [3684/5593] São Gonçalo/RJ… lat=-22.8216350 lon=-42.9956797
  [3685/5593] São João da Barra/RJ… lat=-21.7649506 lon=-41.0961685
  [3686/5593] São João de Meriti/RJ… lat=-22.7853575 lon=-43.3667150
  [3687/5593] São José de Ubá/RJ… lat=-21.3655161 lon=-41.9353579
  [3688/5593] São José do Vale do Rio Preto/RJ… lat=-22.1745587 lon=-42.9384554
  [3689/5593] São Pedro da Aldeia/RJ… lat=-22.8384835 lon=-42.1031604
  [3690/5593] São Sebastião do Alto/RJ… lat=-21.8765871 lon=-42.1115232
  [3691/5593] Sapucaia/RJ… lat=-21.9946569 lon=-42.9137975
  [3692/5593] Saquarema/RJ… lat=-22.8711796 lon=-42.5249867
  [3693/5593] Seropédica/RJ… lat=-22.7518340 lon=-43.7082554
  [3694/5593] Silva Jardim/RJ… lat=-22.5687871 lon=-42.3915444
  [3695/5593] Sumidouro/RJ… lat=-22.1179452 lon=-42.6807717
  [3696/5593] Tanguá/RJ… lat=-22.7729038 lon=-42.7321726
  [3697/5593] Teresópolis/RJ… lat=-22.2978038 lon=-42.8646411
  [3698/5593] Trajano de Moraes/RJ… lat=-22.1555839 lon=-42.1594703
  [3699/5593] Três Rios/RJ… lat=-22.1201732 lon=-43.1072134
  [3700/5593] Valença/RJ… lat=-22.2326385 lon=-43.8863929
  [3701/5593] Varre-Sai/RJ… lat=-20.9311337 lon=-41.8677946
  [3702/5593] Vassouras/RJ… lat=-22.3706473 lon=-43.5923310
  [3703/5593] Volta Redonda/RJ… lat=-22.5234674 lon=-44.0902460
  [3704/5593] Acari/RN… lat=-6.4364689 lon=-36.6394777
  [3705/5593] Açu/RN… lat=-5.5836471 lon=-36.9139421
  [3706/5593] Afonso Bezerra/RN… lat=-5.5001998 lon=-36.5062716
  [3707/5593] Água Nova/RN… lat=-6.2063221 lon=-38.2912678
  [3708/5593] Alexandria/RN… lat=-6.4147790 lon=-38.0135516
  [3709/5593] Almino Afonso/RN… lat=-6.1544208 lon=-37.7649018
  [3710/5593] Alto do Rodrigues/RN… lat=-5.2908680 lon=-36.7616726
  [3711/5593] Angicos/RN… lat=-5.6666344 lon=-36.6009064
  [3712/5593] Antônio Martins/RN… lat=-6.2155812 lon=-37.8890129
  [3713/5593] Apodi/RN… lat=-5.6631109 lon=-37.7969270
  [3714/5593] Areia Branca/RN… lat=-4.9506652 lon=-37.1263312
  [3715/5593] Arês/RN… lat=-6.1969216 lon=-35.1642968
  [3716/5593] Augusto Severo/RN… lat=-5.8620630 lon=-37.3134908
  [3717/5593] Baía Formosa/RN… lat=-6.3691885 lon=-35.0063741
  [3718/5593] Baraúna/RN… lat=-5.0775002 lon=-37.6175200
  [3719/5593] Barcelona/RN… lat=-5.9514918 lon=-35.9260284
  [3720/5593] Bento Fernandes/RN… lat=-5.6926846 lon=-35.8207423
  [3721/5593] Bodó/RN… lat=-5.9866104 lon=-36.4134824
  [3722/5593] Bom Jesus/RN… lat=-5.9887544 lon=-35.5821149
  [3723/5593] Brejinho/RN… lat=-6.1957907 lon=-35.3583019
  [3724/5593] Caiçara do Norte/RN… lat=-5.0645017 lon=-36.0561226
  [3725/5593] Caiçara do Rio do Vento/RN… lat=-5.7579680 lon=-36.0008900
  [3726/5593] Caicó/RN… lat=-6.4594544 lon=-37.0971911
  [3727/5593] Campo Redondo/RN… lat=-6.2420219 lon=-36.1829456
  [3728/5593] Canguaretama/RN… lat=-6.3751942 lon=-35.1374630
  [3729/5593] Caraúbas/RN… lat=-5.7889323 lon=-37.5548751
  [3730/5593] Carnaúba dos dantas/RN… lat=-6.5560588 lon=-36.5930811
  [3731/5593] Carnaubais/RN… lat=-5.3383681 lon=-36.8335566
  [3732/5593] Ceará-Mirim/RN… lat=-5.6335880 lon=-35.4248407
  [3733/5593] Cerro Corá/RN… lat=-6.0412685 lon=-36.3464694
  [3734/5593] Coronel Ezequiel/RN… lat=-6.3853153 lon=-36.2151622
  [3735/5593] Coronel João Pessoa/RN… lat=-6.2607263 lon=-38.4425693
  [3736/5593] Cruzeta/RN… lat=-6.4113343 lon=-36.7872964
  [3737/5593] Currais Novos/RN… lat=-6.2626676 lon=-36.5173039
  [3738/5593] doutor Severiano/RN… lat=-6.0948339 lon=-38.3748000
  [3739/5593] Encanto/RN… lat=-6.1107477 lon=-38.3050953
  [3740/5593] Equador/RN… lat=-6.9444824 lon=-36.7177572
  [3741/5593] Espírito Santo/RN… lat=-6.3317917 lon=-35.3096508
  [3742/5593] Extremoz/RN… lat=-5.7057628 lon=-35.3034765
  [3743/5593] Felipe Guerra/RN… lat=-5.5981386 lon=-37.6962757
  [3744/5593] Fernando Pedroza/RN… lat=-5.6972558 lon=-36.5316864
  [3745/5593] Florânia/RN… lat=-6.1268685 lon=-36.8183238
  [3746/5593] Francisco dantas/RN… lat=-6.0873602 lon=-38.1229256
  [3747/5593] Frutuoso Gomes/RN… lat=-6.1585113 lon=-37.8408614
  [3748/5593] Galinhos/RN… lat=-5.0923928 lon=-36.2744827
  [3749/5593] Goianinha/RN… lat=-6.2663538 lon=-35.2092447
  [3750/5593] Governador Dix-Sept Rosado/RN… lat=-5.4577723 lon=-37.5207493
  [3751/5593] Grossos/RN… lat=-4.9843455 lon=-37.1511253
  [3752/5593] Guamaré/RN… lat=-5.1075611 lon=-36.3195361
  [3753/5593] Ielmo Marinho/RN… lat=-5.8228157 lon=-35.5527494
  [3754/5593] Ipanguaçu/RN… lat=-5.5090713 lon=-36.8594421
  [3755/5593] Ipueira/RN… lat=-6.8152805 lon=-37.1984637
  [3756/5593] Itajá/RN… lat=-5.6374673 lon=-36.8713272
  [3757/5593] Itaú/RN… lat=-5.8413626 lon=-37.9913221
  [3758/5593] Jaçanã/RN… lat=-6.4290483 lon=-36.2035537
  [3759/5593] Jandaíra/RN… lat=-5.3556267 lon=-36.1279455
  [3760/5593] Janduís/RN… lat=-6.0170137 lon=-37.4069130
  [3761/5593] Januário Cicco/RN… lat=-6.1580530 lon=-35.6020850
  [3762/5593] Japi/RN… lat=-6.4634348 lon=-35.9456879
  [3763/5593] Jardim de Angicos/RN… lat=-5.6520662 lon=-35.9699312
  [3764/5593] Jardim de Piranhas/RN… lat=-6.3796347 lon=-37.3495566
  [3765/5593] Jardim do Seridó/RN… lat=-6.5904300 lon=-36.7736039
  [3766/5593] João Câmara/RN… lat=-5.5349637 lon=-35.8150811
  [3767/5593] João Dias/RN… lat=-6.2754366 lon=-37.7951805
  [3768/5593] José da Penha/RN… lat=-6.3188000 lon=-38.2853568
  [3769/5593] Jucurutu/RN… lat=-6.0343518 lon=-37.0186249
  [3770/5593] Jundiá/RN… lat=-6.2707116 lon=-35.3279507
  [3771/5593] Lagoa D'anta/RN… lat=-6.3949260 lon=-35.5949040
  [3772/5593] Lagoa de Pedras/RN… lat=-6.1527678 lon=-35.4368516
  [3773/5593] Lagoa de Velhos/RN… lat=-6.0030430 lon=-35.8710877
  [3774/5593] Lagoa Nova/RN… lat=-6.0948803 lon=-36.4704991
  [3775/5593] Lagoa Salgada/RN… lat=-6.1229540 lon=-35.4723940
  [3776/5593] Lajes/RN… lat=-5.7014079 lon=-36.2462190
  [3777/5593] Lajes Pintadas/RN… lat=-6.1497352 lon=-36.1166085
  [3778/5593] Lucrécia/RN… lat=-6.1172522 lon=-37.8134573
  [3779/5593] Luís Gomes/RN… lat=-6.4141793 lon=-38.3872939
  [3780/5593] Macaíba/RN… lat=-5.8561372 lon=-35.3523774
  [3781/5593] Macau/RN… lat=-5.1131459 lon=-36.6350659
  [3782/5593] Major Sales/RN… lat=-6.4063378 lon=-38.3226605
  [3783/5593] Marcelino Vieira/RN… lat=-6.2938597 lon=-38.1622228
  [3784/5593] Martins/RN… lat=-6.0892841 lon=-37.9114676
  [3785/5593] Maxaranguape/RN… lat=-5.5175989 lon=-35.2585401
  [3786/5593] Messias Targino/RN… lat=-6.0772948 lon=-37.5117120
  [3787/5593] Montanhas/RN… lat=-6.4866542 lon=-35.2853577
  [3788/5593] Monte Alegre/RN… lat=-6.0699010 lon=-35.3336350
  [3789/5593] Monte das Gameleiras/RN… lat=-6.4397500 lon=-35.7851631
  [3790/5593] Mossoró/RN… lat=-5.1904332 lon=-37.3443872
  [3791/5593] Natal/RN… lat=-5.8053980 lon=-35.2080905
  [3792/5593] Nísia Floresta/RN… lat=-6.0902674 lon=-35.2085026
  [3793/5593] Nova Cruz/RN… lat=-6.4821110 lon=-35.4332326
  [3794/5593] Olho-D'água do Borges/RN… lat=-5.9565525 lon=-37.7056145
  [3795/5593] Ouro Branco/RN… lat=-6.7032940 lon=-36.9429599
  [3796/5593] Paraná/RN… lat=-6.4836791 lon=-38.3117943
  [3797/5593] Paraú/RN… lat=-5.7760443 lon=-37.1012637
  [3798/5593] Parazinho/RN… lat=-5.2259700 lon=-35.8403865
  [3799/5593] Parelhas/RN… lat=-6.6913690 lon=-36.6584475
  [3800/5593] Parnamirim/RN… lat=-5.9153334 lon=-35.2679913
  [3801/5593] Passa E Fica/RN… lat=-6.4356697 lon=-35.6434459
  [3802/5593] Passagem/RN… lat=-6.2780162 lon=-35.3768806
  [3803/5593] Patu/RN… lat=-6.1006213 lon=-37.6385148
  [3804/5593] Pau dos Ferros/RN… lat=-6.1124964 lon=-38.2062628
  [3805/5593] Pedra Grande/RN… lat=-5.1508135 lon=-35.8784127
  [3806/5593] Pedra Preta/RN… lat=-5.5811667 lon=-36.1044516
  [3807/5593] Pedro Avelino/RN… lat=-5.5218651 lon=-36.3850166
  [3808/5593] Pedro Velho/RN… lat=-6.4356000 lon=-35.2195390
  [3809/5593] Pendências/RN… lat=-5.2572092 lon=-36.7182487
  [3810/5593] Pilões/RN… lat=-6.2685621 lon=-38.0440115
  [3811/5593] Poço Branco/RN… lat=-5.6224378 lon=-35.6615774
  [3812/5593] Portalegre/RN… lat=-6.0265733 lon=-37.9872478
  [3813/5593] Porto do Mangue/RN… lat=-5.0672477 lon=-36.7807779
  [3814/5593] Pureza/RN… lat=-5.4672793 lon=-35.5559115
  [3815/5593] Rafael Fernandes/RN… lat=-6.1880240 lon=-38.2241761
  [3816/5593] Rafael Godeiro/RN… lat=-6.0757937 lon=-37.7173064
  [3817/5593] Riacho da Cruz/RN… lat=-5.9373463 lon=-37.9488019
  [3818/5593] Riacho de Santana/RN… lat=-6.2633948 lon=-38.3143424
  [3819/5593] Riachuelo/RN… lat=-5.8121386 lon=-35.8234357
  [3820/5593] Rio do Fogo/RN… lat=-5.2748534 lon=-35.3825802
  [3821/5593] Rodolfo Fernandes/RN… lat=-5.7897503 lon=-38.0607459
  [3822/5593] Ruy Barbosa/RN… lat=-5.8812801 lon=-35.9346660
  [3823/5593] Santa Cruz/RN… lat=-6.2247520 lon=-36.0192970
  [3824/5593] Santa Maria/RN… lat=-5.8380220 lon=-35.6914090
  [3825/5593] Santana do Matos/RN… lat=-5.9468972 lon=-36.6502541
  [3826/5593] Santana do Seridó/RN… lat=-6.7708992 lon=-36.7340383
  [3827/5593] Santo Antônio/RN… lat=-6.3124831 lon=-35.4815907
  [3828/5593] São Bento do Norte/RN… lat=-5.0643426 lon=-36.0414330
  [3829/5593] São Bento do Trairí/RN… lat=-6.3426719 lon=-36.0851109
  [3830/5593] São Fernando/RN… lat=-6.3797450 lon=-37.1863620
  [3831/5593] São Francisco do Oeste/RN… lat=-5.9995802 lon=-38.1679964
  [3832/5593] São Gonçalo do Amarante/RN… lat=-5.7932331 lon=-35.3286312
  [3833/5593] São João do Sabugi/RN… lat=-6.7189116 lon=-37.1998215
  [3834/5593] São José de Mipibu/RN… lat=-6.0746867 lon=-35.2370184
  [3835/5593] São José do Campestre/RN… lat=-6.3148531 lon=-35.7128188
  [3836/5593] São José do Seridó/RN… lat=-6.4488139 lon=-36.8785280
  [3837/5593] São Miguel/RN… lat=-6.2121764 lon=-38.4977377
  [3838/5593] São Miguel do Gostoso/RN… lat=-5.1230207 lon=-35.6353882
  [3839/5593] São Paulo do Potengi/RN… lat=-5.8941684 lon=-35.7648309
  [3840/5593] São Pedro/RN… lat=-5.8965573 lon=-35.6340558
  [3841/5593] São Rafael/RN… lat=-5.8022027 lon=-36.8835945
  [3842/5593] São Tomé/RN… lat=-5.9726443 lon=-36.0736804
  [3843/5593] São Vicente/RN… lat=-6.2166906 lon=-36.6823094
  [3844/5593] Senador Elói de Souza/RN… lat=-6.0357055 lon=-35.6923151
  [3845/5593] Senador Georgino Avelino/RN… lat=-6.1632427 lon=-35.1233332
  [3846/5593] Serra Caiada/RN… lat=-6.1070196 lon=-35.7086685
  [3847/5593] Serra de São Bento/RN… lat=-6.4169271 lon=-35.7047800
  [3848/5593] Serra do Mel/RN… lat=-5.1681228 lon=-37.0413693
  [3849/5593] Serra Negra do Norte/RN… lat=-6.6627568 lon=-37.4010583
  [3850/5593] Serrinha/RN… lat=-6.2783153 lon=-35.4958285
  [3851/5593] Serrinha dos Pintos/RN… lat=-6.1123150 lon=-37.9566189
  [3852/5593] Severiano Melo/RN… lat=-5.7811362 lon=-37.9576772
  [3853/5593] Sítio Novo/RN… lat=-6.1062227 lon=-35.9093817
  [3854/5593] Taboleiro Grande/RN… lat=-5.9289208 lon=-38.0445080
  [3855/5593] Taipu/RN… lat=-5.6228594 lon=-35.5991764
  [3856/5593] Tangará/RN… lat=-6.1964900 lon=-35.7988880
  [3857/5593] Tenente Ananias/RN… lat=-6.4641549 lon=-38.1791844
  [3858/5593] Tenente Laurentino Cruz/RN… lat=-6.1498142 lon=-36.7174889
  [3859/5593] Tibau/RN… lat=-4.8349636 lon=-37.2542651
  [3860/5593] Tibau do Sul/RN… lat=-6.1872965 lon=-35.0905246
  [3861/5593] Timbaúba dos Batistas/RN… lat=-6.4634028 lon=-37.2696374
  [3862/5593] Touros/RN… lat=-5.1998625 lon=-35.4595051
  [3863/5593] Triunfo Potiguar/RN… lat=-5.8669130 lon=-37.1857379
  [3864/5593] Umarizal/RN… lat=-5.9855135 lon=-37.8185912
  [3865/5593] Upanema/RN… lat=-5.6431701 lon=-37.2625341
  [3866/5593] Várzea/RN… lat=-6.3464120 lon=-35.3731820
  [3867/5593] Venha-Ver/RN… lat=-6.3205332 lon=-38.4898965
  [3868/5593] Vera Cruz/RN… lat=-6.0493346 lon=-35.4311152
  [3869/5593] Viçosa/RN… lat=-5.9919509 lon=-37.9454390
  [3870/5593] Vila Flor/RN… lat=-6.3156226 lon=-35.0757697
  [3871/5593] Alta Floresta D'oeste/RO… lat=-11.9296917 lon=-61.9961284
  [3872/5593] Alto Alegre dos Parecis/RO… lat=-12.1314515 lon=-61.8562650
  [3873/5593] Alto Paraíso/RO… lat=-9.7235727 lon=-63.3188022
  [3874/5593] Alvorada D'oeste/RO… lat=-11.3462710 lon=-62.2846970
  [3875/5593] Ariquemes/RO… lat=-9.9076522 lon=-63.0330690
  [3876/5593] Buritis/RO… lat=-10.2054937 lon=-63.8281954
  [3877/5593] Cabixi/RO… lat=-13.4956065 lon=-60.5424442
  [3878/5593] Cacaulândia/RO… lat=-10.3380043 lon=-62.9007231
  [3879/5593] Cacoal/RO… lat=-11.4333000 lon=-61.4420502
  [3880/5593] Campo Novo de Rondônia/RO… lat=-10.5704235 lon=-63.6199511
  [3881/5593] Candeias do Jamari/RO… lat=-8.7949939 lon=-63.7018851
  [3882/5593] Castanheiras/RO… lat=-11.4277212 lon=-61.9486802
  [3883/5593] Cerejeiras/RO… lat=-13.1869870 lon=-60.8168360
  [3884/5593] Chupinguaia/RO… lat=-12.5560308 lon=-60.9035407
  [3885/5593] Colorado do Oeste/RO… lat=-13.1174310 lon=-60.5454280
  [3886/5593] Corumbiara/RO… lat=-12.9977668 lon=-60.9455009
  [3887/5593] Costa Marques/RO… lat=-12.4367165 lon=-64.2279765
  [3888/5593] Cujubim/RO… lat=-9.3687919 lon=-62.5832107
  [3889/5593] Espigão D'oeste/RO… lat=-11.5321750 lon=-61.0130935
  [3890/5593] Governador Jorge Teixeira/RO… lat=-10.6140224 lon=-62.7326412
  [3891/5593] Guajará-Mirim/RO… lat=-10.7804239 lon=-65.3327825
  [3892/5593] Itapuã do Oeste/RO… lat=-9.1896460 lon=-63.1910097
  [3893/5593] Jaru/RO… lat=-10.4318260 lon=-62.4787690
  [3894/5593] Ji-Paraná/RO… lat=-10.8778148 lon=-61.9277854
  [3895/5593] Machadinho D'oeste/RO… lat=-9.4240851 lon=-61.9923719
  [3896/5593] Ministro Andreazza/RO… lat=-11.1981045 lon=-61.5167422
  [3897/5593] Mirante da Serra/RO… lat=-11.0321694 lon=-62.6717012
  [3898/5593] Monte Negro/RO… lat=-10.2603463 lon=-63.2986252
  [3899/5593] Nova Brasilândia D'oeste/RO… lat=-11.7226920 lon=-62.3155450
  [3900/5593] Nova Mamoré/RO… lat=-10.4104864 lon=-65.3313761
  [3901/5593] Nova União/RO… lat=-10.9159100 lon=-62.5570096
  [3902/5593] Novo Horizonte do Oeste/RO… lat=-11.7105311 lon=-61.9993277
  [3903/5593] Ouro Preto do Oeste/RO… lat=-10.7179140 lon=-62.2566611
  [3904/5593] Parecis/RO… lat=-12.1810712 lon=-61.6037558
  [3905/5593] Pimenta Bueno/RO… lat=-11.6767868 lon=-61.1863902
  [3906/5593] Pimenteiras do Oeste/RO… lat=-13.4822710 lon=-61.0470520
  [3907/5593] Porto Velho/RO… lat=-8.7494525 lon=-63.8735438
  [3908/5593] Presidente Médici/RO… lat=-11.1686638 lon=-61.9057627
  [3909/5593] Primavera de Rondônia/RO… lat=-11.8294560 lon=-61.3153360
  [3910/5593] Rio Crespo/RO… lat=-9.7052777 lon=-62.9004474
  [3911/5593] Rolim de Moura/RO… lat=-11.7270710 lon=-61.7714110
  [3912/5593] Santa Luzia D'oeste/RO… lat=-11.9064424 lon=-61.7797356
  [3913/5593] São Felipe D'oeste/RO… lat=-11.9107798 lon=-61.5130058
  [3914/5593] São Francisco do Guaporé/RO… lat=-12.0609982 lon=-63.5668307
  [3915/5593] São Miguel do Guaporé/RO… lat=-11.6951466 lon=-62.7195739
  [3916/5593] Seringueiras/RO… lat=-11.7715738 lon=-63.0346835
  [3917/5593] Teixeirópolis/RO… lat=-10.9336967 lon=-62.2560049
  [3918/5593] Theobroma/RO… lat=-10.2464890 lon=-62.3493803
  [3919/5593] Urupá/RO… lat=-11.1256535 lon=-62.3704203
  [3920/5593] Vale do Anari/RO… lat=-9.8580807 lon=-62.1741423
  [3921/5593] Vale do Paraíso/RO… lat=-10.4266959 lon=-62.1300904
  [3922/5593] Vilhena/RO… lat=-12.7368536 lon=-60.1465555
  [3923/5593] Alto Alegre/RR… lat=2.9900927 lon=-61.3089649
  [3924/5593] Amajari/RR… lat=3.6523869 lon=-61.4194315
  [3925/5593] Boa Vista/RR… lat=2.8208478 lon=-60.6719582
  [3926/5593] Bonfim/RR… lat=3.3613818 lon=-59.8427241
  [3927/5593] Cantá/RR… lat=2.6099400 lon=-60.6058270
  [3928/5593] Caracaraí/RR… lat=1.8273703 lon=-61.1249362
  [3929/5593] Caroebe/RR… lat=0.8808696 lon=-59.6963796
  [3930/5593] Iracema/RR… lat=2.1664742 lon=-61.0513048
  [3931/5593] Mucajaí/RR… lat=2.4486084 lon=-60.9199986
  [3932/5593] Normandia/RR… lat=3.8792356 lon=-59.6293367
  [3933/5593] Pacaraima/RR… lat=4.4787884 lon=-61.1389799
  [3934/5593] Rorainópolis/RR… lat=0.9387308 lon=-60.4236464
  [3935/5593] São João da Baliza/RR… lat=0.9516590 lon=-59.9132930
  [3936/5593] São Luiz/RR… lat=1.0170607 lon=-60.0371719
  [3937/5593] Uiramutã/RR… lat=4.5958269 lon=-60.1624807
  [3938/5593] Aceguá/RS… lat=-31.8695131 lon=-54.1615593
  [3939/5593] Água Santa/RS… lat=-28.1775297 lon=-52.0360304
  [3940/5593] Agudo/RS… lat=-29.6423259 lon=-53.2494005
  [3941/5593] Ajuricaba/RS… lat=-28.2396540 lon=-53.7693013
  [3942/5593] Alecrim/RS… lat=-27.6566142 lon=-54.7653195
  [3943/5593] Alegrete/RS… lat=-29.7901660 lon=-55.7948620
  [3944/5593] Alegria/RS… lat=-27.8332103 lon=-54.0574959
  [3945/5593] Almirante Tamandaré do Sul/RS… lat=-28.1141129 lon=-52.9134874
  [3946/5593] Alpestre/RS… lat=-27.2512339 lon=-53.0349646
  [3947/5593] Alto Alegre/RS… lat=-28.7755582 lon=-52.9915086
  [3948/5593] Alto Feliz/RS… lat=-29.3785943 lon=-51.3123751
  [3949/5593] Alvorada/RS… lat=-29.9981184 lon=-51.0772509
  [3950/5593] Amaral Ferrador/RS… lat=-30.8750633 lon=-52.2542051
  [3951/5593] Ametista do Sul/RS… lat=-27.3617341 lon=-53.1826575
  [3952/5593] André da Rocha/RS… lat=-28.6309124 lon=-51.5733328
  [3953/5593] Anta Gorda/RS… lat=-28.9718745 lon=-52.0069187
  [3954/5593] Antônio Prado/RS… lat=-28.8555285 lon=-51.2795932
  [3955/5593] Arambaré/RS… lat=-30.9132252 lon=-51.4994625
  [3956/5593] Araricá/RS… lat=-29.6168543 lon=-50.9291210
  [3957/5593] Aratiba/RS… lat=-27.3958175 lon=-52.3002985
  [3958/5593] Arroio do Meio/RS… lat=-29.4020392 lon=-51.9444993
  [3959/5593] Arroio do Padre/RS… lat=-31.4428773 lon=-52.4228985
  [3960/5593] Arroio do Sal/RS… lat=-29.5497237 lon=-49.8879840
  [3961/5593] Arroio do Tigre/RS… lat=-29.3341580 lon=-53.0888935
  [3962/5593] Arroio dos Ratos/RS… lat=-30.0892442 lon=-51.7292934
  [3963/5593] Arroio Grande/RS… lat=-32.2384246 lon=-53.0866661
  [3964/5593] Arvorezinha/RS… lat=-28.8889604 lon=-52.2236011
  [3965/5593] Augusto Pestana/RS… lat=-28.5148413 lon=-53.9906433
  [3966/5593] Áurea/RS… lat=-27.6970921 lon=-52.0521778
  [3967/5593] Bagé/RS… lat=-31.3314264 lon=-54.1062808
  [3968/5593] Balneário Pinhal/RS… lat=-30.2482237 lon=-50.2339198
  [3969/5593] Barão/RS… lat=-29.3724740 lon=-51.4949080
  [3970/5593] Barão de Cotegipe/RS… lat=-27.6214694 lon=-52.3765316
  [3971/5593] Barão do Triunfo/RS… lat=-30.3909877 lon=-51.7375349
  [3972/5593] Barra do Guarita/RS… lat=-27.1888016 lon=-53.7147086
  [3973/5593] Barra do Quaraí/RS… lat=-30.2089470 lon=-57.5505128
  [3974/5593] Barra do Ribeiro/RS… lat=-30.2925989 lon=-51.3033906
  [3975/5593] Barra do Rio Azul/RS… lat=-27.4086573 lon=-52.4130500
  [3976/5593] Barra Funda/RS… lat=-27.9230048 lon=-53.0401045
  [3977/5593] Barracão/RS… lat=-27.6722339 lon=-51.4583497
  [3978/5593] Barros Cassal/RS… lat=-29.0949380 lon=-52.5832366
  [3979/5593] Benjamin Constant do Sul/RS… lat=-27.5105555 lon=-52.6007689
  [3980/5593] Bento Gonçalves/RS… lat=-29.1656734 lon=-51.5201166
  [3981/5593] Boa Vista das Missões/RS… lat=-27.6677983 lon=-53.3127622
  [3982/5593] Boa Vista do Buricá/RS… lat=-27.6687782 lon=-54.1111913
  [3983/5593] Boa Vista do Cadeado/RS… lat=-28.5783827 lon=-53.8123759
  [3984/5593] Boa Vista do Incra/RS… lat=-28.8195551 lon=-53.3866624
  [3985/5593] Boa Vista do Sul/RS… lat=-29.3510488 lon=-51.6779679
  [3986/5593] Bom Jesus/RS… lat=-28.6692723 lon=-50.4346894
  [3987/5593] Bom Princípio/RS… lat=-29.4897880 lon=-51.3566782
  [3988/5593] Bom Progresso/RS… lat=-27.5490948 lon=-53.8655601
  [3989/5593] Bom Retiro do Sul/RS… lat=-29.6000007 lon=-51.9359243
  [3990/5593] Boqueirão do Leão/RS… lat=-29.3033200 lon=-52.4296817
  [3991/5593] Bossoroca/RS… lat=-28.7278885 lon=-54.9120278
  [3992/5593] Bozano/RS… lat=-28.3669953 lon=-53.7705165
  [3993/5593] Braga/RS… lat=-27.6173480 lon=-53.7405140
  [3994/5593] Brochier/RS… lat=-29.5567660 lon=-51.5963047
  [3995/5593] Butiá/RS… lat=-30.1256795 lon=-51.9692224
  [3996/5593] Caçapava do Sul/RS… lat=-30.5113286 lon=-53.4916761
  [3997/5593] Cacequi/RS… lat=-29.8838059 lon=-54.8273443
  [3998/5593] Cachoeira do Sul/RS… lat=-30.0482234 lon=-52.8901686
  [3999/5593] Cachoeirinha/RS… lat=-29.9493353 lon=-51.0898927
  [4000/5593] Cacique doble/RS… lat=-27.7700117 lon=-51.6616409
  [4001/5593] Caibaté/RS… lat=-28.2879090 lon=-54.6402700
  [4002/5593] Caiçara/RS… lat=-27.2750478 lon=-53.4310053
  [4003/5593] Camaquã/RS… lat=-30.8524752 lon=-51.8075619
  [4004/5593] Camargo/RS… lat=-28.5865661 lon=-52.2031474
  [4005/5593] Cambará do Sul/RS… lat=-29.0573983 lon=-50.0875585
  [4006/5593] Campestre da Serra/RS… lat=-28.7966535 lon=-51.0958149
  [4007/5593] Campina das Missões/RS… lat=-27.9910517 lon=-54.8404714
  [4008/5593] Campinas do Sul/RS… lat=-27.7167968 lon=-52.6257885
  [4009/5593] Campo Bom/RS… lat=-29.6784180 lon=-51.0572268
  [4010/5593] Campo Novo/RS… lat=-27.6792143 lon=-53.8051654
  [4011/5593] Campos Borges/RS… lat=-28.8852198 lon=-52.9990980
  [4012/5593] Candelária/RS… lat=-29.6683910 lon=-52.7894950
  [4013/5593] Cândido Godói/RS… lat=-27.9515090 lon=-54.7517220
  [4014/5593] Candiota/RS… lat=-31.5240806 lon=-53.7049103
  [4015/5593] Canela/RS… lat=-29.3447033 lon=-50.7604149
  [4016/5593] Canguçu/RS… lat=-31.3982760 lon=-52.6773522
  [4017/5593] Canoas/RS… lat=-29.9216045 lon=-51.1799525
  [4018/5593] Canudos do Vale/RS… lat=-29.3240418 lon=-52.2348494
  [4019/5593] Capão Bonito do Sul/RS… lat=-28.1287941 lon=-51.3937710
  [4020/5593] Capão da Canoa/RS… lat=-29.7508278 lon=-50.0210729
  [4021/5593] Capão do Cipó/RS… lat=-28.9317296 lon=-54.5555783
  [4022/5593] Capão do Leão/RS… lat=-31.7661330 lon=-52.5013148
  [4023/5593] Capela de Santana/RS… lat=-29.6926603 lon=-51.3206659
  [4024/5593] Capitão/RS… lat=-29.2718294 lon=-51.9869716
  [4025/5593] Capivari do Sul/RS… lat=-30.1437605 lon=-50.5129169
  [4026/5593] Caraá/RS… lat=-29.7916777 lon=-50.4339994
  [4027/5593] Carazinho/RS… lat=-28.2981634 lon=-52.7942363
  [4028/5593] Carlos Barbosa/RS… lat=-29.2978372 lon=-51.5005613
  [4029/5593] Carlos Gomes/RS… lat=-27.7161093 lon=-51.9135613
  [4030/5593] Casca/RS… lat=-28.5652711 lon=-51.9769207
  [4031/5593] Caseiros/RS… lat=-28.2721149 lon=-51.6873536
  [4032/5593] Catuípe/RS… lat=-28.2553560 lon=-54.0132150
  [4033/5593] Caxias do Sul/RS… lat=-29.1685045 lon=-51.1796385
  [4034/5593] Centenário/RS… lat=-27.7608249 lon=-51.9984409
  [4035/5593] Cerrito/RS… lat=-31.8546304 lon=-52.8151659
  [4036/5593] Cerro Branco/RS… lat=-29.6359134 lon=-52.9497990
  [4037/5593] Cerro Grande/RS… lat=-27.6088939 lon=-53.1663055
  [4038/5593] Cerro Grande do Sul/RS… lat=-30.5962963 lon=-51.7517196
  [4039/5593] Cerro Largo/RS… lat=-28.1474980 lon=-54.7383681
  [4040/5593] Chapada/RS… lat=-28.0587829 lon=-53.0657459
  [4041/5593] Charqueadas/RS… lat=-29.9549088 lon=-51.6249534
  [4042/5593] Charrua/RS… lat=-27.9533747 lon=-52.0312591
  [4043/5593] Chiapetta/RS… lat=-27.9231620 lon=-53.9419052
  [4044/5593] Chuí/RS… lat=-33.6895237 lon=-53.4547040
  [4045/5593] Chuvisca/RS… lat=-30.7543186 lon=-51.9790909
  [4046/5593] Cidreira/RS… lat=-30.1657063 lon=-50.2183310
  [4047/5593] Ciríaco/RS… lat=-28.3429139 lon=-51.8763682
  [4048/5593] Colinas/RS… lat=-29.3866023 lon=-51.8697911
  [4049/5593] Colorado/RS… lat=-28.5258420 lon=-52.9928200
  [4050/5593] Condor/RS… lat=-28.2058277 lon=-53.4844696
  [4051/5593] Constantina/RS… lat=-27.7331711 lon=-52.9929561
  [4052/5593] Coqueiro Baixo/RS… lat=-29.1815660 lon=-52.0970340
  [4053/5593] Coqueiros do Sul/RS… lat=-28.1184032 lon=-52.7824375
  [4054/5593] Coronel Barros/RS… lat=-28.3826325 lon=-54.0704116
  [4055/5593] Coronel Bicaco/RS… lat=-27.7174002 lon=-53.7058210
  [4056/5593] Coronel Pilar/RS… lat=-29.2731800 lon=-51.6852347
  [4057/5593] Cotiporã/RS… lat=-28.9950719 lon=-51.6963590
  [4058/5593] Coxilha/RS… lat=-28.1255645 lon=-52.2976394
  [4059/5593] Crissiumal/RS… lat=-27.4982242 lon=-54.1024643
  [4060/5593] Cristal/RS… lat=-31.0016600 lon=-52.0491777
  [4061/5593] Cristal do Sul/RS… lat=-27.4541622 lon=-53.2476343
  [4062/5593] Cruz Alta/RS… lat=-28.6450560 lon=-53.6058047
  [4063/5593] Cruzaltense/RS… lat=-27.6674140 lon=-52.6487833
  [4064/5593] Cruzeiro do Sul/RS… lat=-29.5139742 lon=-51.9917068
  [4065/5593] david Canabarro/RS… lat=-28.3878667 lon=-51.8472645
  [4066/5593] derrubadas/RS… lat=-27.2657279 lon=-53.8618488
  [4067/5593] dezesseis de Novembro/RS… lat=-28.2248993 lon=-55.0480474
  [4068/5593] Dilermando de Aguiar/RS… lat=-29.7049966 lon=-54.2078988
  [4069/5593] dois Irmãos/RS… lat=-29.5835600 lon=-51.0897760
  [4070/5593] dois Irmãos das Missões/RS… lat=-27.6598825 lon=-53.5330891
  [4071/5593] dois Lajeados/RS… lat=-28.9849160 lon=-51.8366385
  [4072/5593] dom Feliciano/RS… lat=-30.7021400 lon=-52.1080845
  [4073/5593] dom Pedrito/RS… lat=-30.9837550 lon=-54.6746483
  [4074/5593] dom Pedro de Alcântara/RS… lat=-29.3698329 lon=-49.8479971
  [4075/5593] dona Francisca/RS… lat=-29.6230630 lon=-53.3560585
  [4076/5593] doutor Maurício Cardoso/RS… lat=-27.5067264 lon=-54.3626756
  [4077/5593] doutor Ricardo/RS… lat=-29.0901549 lon=-51.9894847
  [4078/5593] Eldorado do Sul/RS… lat=-29.9976311 lon=-51.3063965
  [4079/5593] Encantado/RS… lat=-29.2392716 lon=-51.8744817
  [4080/5593] Encruzilhada do Sul/RS… lat=-30.5433066 lon=-52.5223514
  [4081/5593] Engenho Velho/RS… lat=-27.7114504 lon=-52.9125692
  [4082/5593] Entre-Ijuís/RS… lat=-28.3616280 lon=-54.2670019
  [4083/5593] Entre Rios do Sul/RS… lat=-27.5299266 lon=-52.7325438
  [4084/5593] Erebango/RS… lat=-27.8542708 lon=-52.3029274
  [4085/5593] Erechim/RS… lat=-27.6350709 lon=-52.2738654
  [4086/5593] Ernestina/RS… lat=-28.4984340 lon=-52.5702451
  [4087/5593] Erval Grande/RS… lat=-27.3910282 lon=-52.5703742
  [4088/5593] Erval Seco/RS… lat=-27.5511418 lon=-53.5068510
  [4089/5593] Esmeralda/RS… lat=-28.0543707 lon=-51.1921896
  [4090/5593] Esperança do Sul/RS… lat=-27.3617442 lon=-53.9909736
  [4091/5593] Espumoso/RS… lat=-28.7256962 lon=-52.8453751
  [4092/5593] Estação/RS… lat=-27.9128965 lon=-52.2606058
  [4093/5593] Estância Velha/RS… lat=-29.6529666 lon=-51.1719687
  [4094/5593] Esteio/RS… lat=-29.8511627 lon=-51.1778852
  [4095/5593] Estrela/RS… lat=-29.5010545 lon=-51.9622260
  [4096/5593] Estrela Velha/RS… lat=-29.1775802 lon=-53.1597523
  [4097/5593] Eugênio de Castro/RS… lat=-28.5286033 lon=-54.1475172
  [4098/5593] Fagundes Varela/RS… lat=-28.8807515 lon=-51.6987798
  [4099/5593] Farroupilha/RS… lat=-29.2264700 lon=-51.3468188
  [4100/5593] Faxinal do Soturno/RS… lat=-29.5771687 lon=-53.4458040
  [4101/5593] Faxinalzinho/RS… lat=-27.4240501 lon=-52.6738684
  [4102/5593] Fazenda Vilanova/RS… lat=-29.5885110 lon=-51.8217140
  [4103/5593] Feliz/RS… lat=-29.4523254 lon=-51.3069785
  [4104/5593] Flores da Cunha/RS… lat=-29.0301290 lon=-51.1833349
  [4105/5593] Floriano Peixoto/RS… lat=-27.8603248 lon=-52.0856015
  [4106/5593] Fontoura Xavier/RS… lat=-28.9816550 lon=-52.3444550
  [4107/5593] Formigueiro/RS… lat=-29.9982245 lon=-53.5029931
  [4108/5593] Forquetinha/RS… lat=-29.3818754 lon=-52.1008021
  [4109/5593] Fortaleza dos Valos/RS… lat=-28.7959241 lon=-53.2246622
  [4110/5593] Frederico Westphalen/RS… lat=-27.3571100 lon=-53.3964117
  [4111/5593] Garibaldi/RS… lat=-29.2562253 lon=-51.5269167
  [4112/5593] Garruchos/RS… lat=-28.1892458 lon=-55.6382958
  [4113/5593] Gaurama/RS… lat=-27.5879319 lon=-52.0927073
  [4114/5593] General Câmara/RS… lat=-29.9059611 lon=-51.7626198
  [4115/5593] Gentil/RS… lat=-28.4319165 lon=-52.0348748
  [4116/5593] Getúlio Vargas/RS… lat=-27.8871493 lon=-52.2257967
  [4117/5593] Giruá/RS… lat=-28.0299396 lon=-54.3506855
  [4118/5593] Glorinha/RS… lat=-29.8827833 lon=-50.7617618
  [4119/5593] Gramado/RS… lat=-29.3792858 lon=-50.8737019
  [4120/5593] Gramado dos Loureiros/RS… lat=-27.4439526 lon=-52.9183699
  [4121/5593] Gramado Xavier/RS… lat=-29.2702991 lon=-52.5785872
  [4122/5593] Gravataí/RS… lat=-29.9440222 lon=-50.9930938
  [4123/5593] Guabiju/RS… lat=-28.5417413 lon=-51.6910921
  [4124/5593] Guaíba/RS… lat=-30.1130731 lon=-51.3294420
  [4125/5593] Guaporé/RS… lat=-28.8471928 lon=-51.8907881
  [4126/5593] Guarani das Missões/RS… lat=-28.1445277 lon=-54.5570355
  [4127/5593] Harmonia/RS… lat=-29.5499890 lon=-51.4223080
  [4128/5593] Herval/RS… lat=-32.0260806 lon=-53.3951333
  [4129/5593] Herveiras/RS… lat=-29.4544867 lon=-52.6529235
  [4130/5593] Horizontina/RS… lat=-27.6279310 lon=-54.3090256
  [4131/5593] Hulha Negra/RS… lat=-31.4074739 lon=-53.8699535
  [4132/5593] Humaitá/RS… lat=-27.5660564 lon=-53.9719817
  [4133/5593] Ibarama/RS… lat=-29.4203176 lon=-53.1313179
  [4134/5593] Ibiaçá/RS… lat=-28.0564247 lon=-51.8566036
  [4135/5593] Ibiraiaras/RS… lat=-28.3705672 lon=-51.6366969
  [4136/5593] Ibirapuitã/RS… lat=-28.6226503 lon=-52.5170577
  [4137/5593] Ibirubá/RS… lat=-28.6301610 lon=-53.0961240
  [4138/5593] Igrejinha/RS… lat=-29.5693180 lon=-50.7918940
  [4139/5593] Ijuí/RS… lat=-28.3878734 lon=-53.9201692
  [4140/5593] Ilópolis/RS… lat=-28.9282500 lon=-52.1258160
  [4141/5593] Imbé/RS… lat=-29.9752690 lon=-50.1280680
  [4142/5593] Imigrante/RS… lat=-29.3542290 lon=-51.7773242
  [4143/5593] Independência/RS… lat=-27.8523717 lon=-54.1909592
  [4144/5593] Inhacorá/RS… lat=-27.8812321 lon=-54.0214330
  [4145/5593] Ipê/RS… lat=-28.8189281 lon=-51.2796422
  [4146/5593] Ipiranga do Sul/RS… lat=-27.9367583 lon=-52.4251556
  [4147/5593] Iraí/RS… lat=-27.1955392 lon=-53.2567910
  [4148/5593] Itaara/RS… lat=-29.6071165 lon=-53.7557841
  [4149/5593] Itacurubi/RS… lat=-28.7962478 lon=-55.2360598
  [4150/5593] Itapuca/RS… lat=-28.7802782 lon=-52.1727517
  [4151/5593] Itaqui/RS… lat=-29.1222037 lon=-56.5551258
  [4152/5593] Itati/RS… lat=-29.4918877 lon=-50.1020710
  [4153/5593] Itatiba do Sul/RS… lat=-27.3859383 lon=-52.4559831
  [4154/5593] Ivorá/RS… lat=-29.5196814 lon=-53.5804505
  [4155/5593] Ivoti/RS… lat=-29.5934057 lon=-51.1599403
  [4156/5593] Jaboticaba/RS… lat=-27.6311203 lon=-53.2794089
  [4157/5593] Jacuizinho/RS… lat=-29.0343196 lon=-53.0549894
  [4158/5593] Jacutinga/RS… lat=-27.7291350 lon=-52.5372400
  [4159/5593] Jaguarão/RS… lat=-32.5662724 lon=-53.3765705
  [4160/5593] Jaguari/RS… lat=-29.4980313 lon=-54.6919404
  [4161/5593] Jaquirana/RS… lat=-28.8836757 lon=-50.3580098
  [4162/5593] Jari/RS… lat=-29.2922340 lon=-54.2237110
  [4163/5593] Jóia/RS… lat=-28.6465036 lon=-54.1199165
  [4164/5593] Júlio de Castilhos/RS… lat=-29.2286575 lon=-53.6825217
  [4165/5593] Lagoa Bonita do Sul/RS… lat=-29.4903817 lon=-53.0145712
  [4166/5593] Lagoa dos Três Cantos/RS… lat=-28.5668647 lon=-52.8581637
  [4167/5593] Lagoa Vermelha/RS… lat=-28.1968334 lon=-51.5743701
  [4168/5593] Lagoão/RS… lat=-29.2242092 lon=-52.7738611
  [4169/5593] Lajeado/RS… lat=-29.4671522 lon=-51.9624046
  [4170/5593] Lajeado do Bugre/RS… lat=-27.6903262 lon=-53.1811907
  [4171/5593] Lavras do Sul/RS… lat=-30.7319514 lon=-54.5351249
  [4172/5593] Liberato Salzano/RS… lat=-27.6003296 lon=-53.0714815
  [4173/5593] Lindolfo Collor/RS… lat=-29.5956301 lon=-51.2102797
  [4174/5593] Linha Nova/RS… lat=-29.4677090 lon=-51.2001125
  [4175/5593] Maçambará/RS… lat=-29.1444850 lon=-56.0674440
  [4176/5593] Machadinho/RS… lat=-27.5658904 lon=-51.6677057
  [4177/5593] Mampituba/RS… lat=-29.2128226 lon=-49.9344527
  [4178/5593] Manoel Viana/RS… lat=-29.5859350 lon=-55.4841120
  [4179/5593] Maquiné/RS… lat=-29.6756372 lon=-50.2056317
  [4180/5593] Maratá/RS… lat=-29.5493490 lon=-51.5546411
  [4181/5593] Marau/RS… lat=-28.4493053 lon=-52.2002156
  [4182/5593] Marcelino Ramos/RS… lat=-27.4622708 lon=-51.9081009
  [4183/5593] Mariana Pimentel/RS… lat=-30.3536856 lon=-51.5832775
  [4184/5593] Mariano Moro/RS… lat=-27.3541972 lon=-52.1469053
  [4185/5593] Marques de Souza/RS… lat=-29.3275642 lon=-52.0961801
  [4186/5593] Mata/RS… lat=-29.5637643 lon=-54.4590898
  [4187/5593] Mato Castelhano/RS… lat=-28.2782729 lon=-52.1948111
  [4188/5593] Mato Leitão/RS… lat=-29.5281244 lon=-52.1278069
  [4189/5593] Mato Queimado/RS… lat=-28.2578220 lon=-54.6170900
  [4190/5593] Maximiliano de Almeida/RS… lat=-27.6326512 lon=-51.8046768
  [4191/5593] Minas do Leão/RS… lat=-30.1334499 lon=-52.0455962
  [4192/5593] Miraguaí/RS… lat=-27.4943651 lon=-53.6874223
  [4193/5593] Montauri/RS… lat=-28.6501657 lon=-52.0757639
  [4194/5593] Monte Alegre dos Campos/RS… lat=-28.6840498 lon=-50.7820322
  [4195/5593] Monte Belo do Sul/RS… lat=-29.1636205 lon=-51.6347449
  [4196/5593] Montenegro/RS… lat=-29.6826112 lon=-51.4687455
  [4197/5593] Mormaço/RS… lat=-28.6935499 lon=-52.6925978
  [4198/5593] Morrinhos do Sul/RS… lat=-29.3653782 lon=-49.9314425
  [4199/5593] Morro Redondo/RS… lat=-31.5921148 lon=-52.6257669
  [4200/5593] Morro Reuter/RS… lat=-29.5389519 lon=-51.0818864
  [4201/5593] Mostardas/RS… lat=-31.1053800 lon=-50.9166920
  [4202/5593] Muçum/RS… lat=-29.1672546 lon=-51.8745312
  [4203/5593] Muitos Capões/RS… lat=-28.3162856 lon=-51.1836226
  [4204/5593] Muliterno/RS… lat=-28.3295989 lon=-51.7682438
  [4205/5593] Não-Me-Toque/RS… lat=-28.4575507 lon=-52.8196547
  [4206/5593] Nicolau Vergueiro/RS… lat=-28.5361987 lon=-52.4631712
  [4207/5593] Nonoai/RS… lat=-27.3660882 lon=-52.7717853
  [4208/5593] Nova Alvorada/RS… lat=-28.6774191 lon=-52.1663732
  [4209/5593] Nova Araçá/RS… lat=-28.6604116 lon=-51.7424776
  [4210/5593] Nova Bassano/RS… lat=-28.7304074 lon=-51.7034689
  [4211/5593] Nova Boa Vista/RS… lat=-27.9932070 lon=-52.9798023
  [4212/5593] Nova Bréscia/RS… lat=-29.2158737 lon=-52.0290188
  [4213/5593] Nova Candelária/RS… lat=-27.6110759 lon=-54.1065402
  [4214/5593] Nova Esperança do Sul/RS… lat=-29.4102156 lon=-54.8287783
  [4215/5593] Nova Hartz/RS… lat=-29.5842391 lon=-50.9043246
  [4216/5593] Nova Pádua/RS… lat=-29.0283514 lon=-51.3075981
  [4217/5593] Nova Palma/RS… lat=-29.4711081 lon=-53.4693751
  [4218/5593] Nova Petrópolis/RS… lat=-29.3759836 lon=-51.1123342
  [4219/5593] Nova Prata/RS… lat=-28.7849383 lon=-51.6091999
  [4220/5593] Nova Ramada/RS… lat=-28.0820908 lon=-53.7063919
  [4221/5593] Nova Roma do Sul/RS… lat=-28.9884663 lon=-51.4086514
  [4222/5593] Nova Santa Rita/RS… lat=-29.8489972 lon=-51.2764275
  [4223/5593] Novo Barreiro/RS… lat=-27.9075461 lon=-53.1095554
  [4224/5593] Novo Cabrais/RS… lat=-29.7347439 lon=-52.9499851
  [4225/5593] Novo Hamburgo/RS… lat=-29.6905705 lon=-51.1429035
  [4226/5593] Novo Machado/RS… lat=-27.5780463 lon=-54.5010396
  [4227/5593] Novo Tiradentes/RS… lat=-27.5628338 lon=-53.1827183
  [4228/5593] Novo Xingu/RS… lat=-27.7482333 lon=-53.0629707
  [4229/5593] Osório/RS… lat=-29.8890733 lon=-50.2740498
  [4230/5593] Paim Filho/RS… lat=-27.7099371 lon=-51.7586234
  [4231/5593] Palmares do Sul/RS… lat=-30.2580247 lon=-50.5097954
  [4232/5593] Palmeira das Missões/RS… lat=-27.9010519 lon=-53.3135927
  [4233/5593] Palmitinho/RS… lat=-27.3553374 lon=-53.5575968
  [4234/5593] Panambi/RS… lat=-28.2898542 lon=-53.5018220
  [4235/5593] Pantano Grande/RS… lat=-30.1907942 lon=-52.3721771
  [4236/5593] Paraí/RS… lat=-28.5966772 lon=-51.7851426
  [4237/5593] Paraíso do Sul/RS… lat=-29.7311548 lon=-53.1777338
  [4238/5593] Pareci Novo/RS… lat=-29.6386722 lon=-51.3961969
  [4239/5593] Parobé/RS… lat=-29.6242570 lon=-50.8311800
  [4240/5593] Passa Sete/RS… lat=-29.4498383 lon=-52.9652172
  [4241/5593] Passo do Sobrado/RS… lat=-29.7477243 lon=-52.2734293
  [4242/5593] Passo Fundo/RS… lat=-28.2550598 lon=-52.3966606
  [4243/5593] Paulo Bento/RS… lat=-27.7034385 lon=-52.4220174
  [4244/5593] Paverama/RS… lat=-29.5521033 lon=-51.7343769
  [4245/5593] Pedras Altas/RS… lat=-31.7324042 lon=-53.5854240
  [4246/5593] Pedro Osório/RS… lat=-31.8619210 lon=-52.8219388
  [4247/5593] Pejuçara/RS… lat=-28.4217646 lon=-53.6554254
  [4248/5593] Pelotas/RS… lat=-31.7699736 lon=-52.3410161
  [4249/5593] Picada Café/RS… lat=-29.4464210 lon=-51.1367250
  [4250/5593] Pinhal/RS… lat=-27.5114158 lon=-53.2163814
  [4251/5593] Pinhal da Serra/RS… lat=-27.8743529 lon=-51.1706149
  [4252/5593] Pinhal Grande/RS… lat=-29.3472446 lon=-53.3343023
  [4253/5593] Pinheirinho do Vale/RS… lat=-27.2111177 lon=-53.6144253
  [4254/5593] Pinheiro Machado/RS… lat=-31.5792646 lon=-53.3822191
  [4255/5593] Pinto Bandeira/RS… lat=-29.0977191 lon=-51.4498258
  [4256/5593] Pirapó/RS… lat=-28.0454280 lon=-55.1987198
  [4257/5593] Piratini/RS… lat=-31.4484510 lon=-53.1039931
  [4258/5593] Planalto/RS… lat=-27.3297033 lon=-53.0575473
  [4259/5593] Poço das Antas/RS… lat=-29.4512516 lon=-51.6690936
  [4260/5593] Pontão/RS… lat=-28.0599735 lon=-52.6779378
  [4261/5593] Ponte Preta/RS… lat=-27.6577598 lon=-52.4895431
  [4262/5593] Portão/RS… lat=-29.6932554 lon=-51.2331837
  [4263/5593] Porto Alegre/RS… lat=-30.0324999 lon=-51.2303767
  [4264/5593] Porto Lucena/RS… lat=-27.8532622 lon=-55.0198385
  [4265/5593] Porto Mauá/RS… lat=-27.5740153 lon=-54.6690808
  [4266/5593] Porto Vera Cruz/RS… lat=-27.7354566 lon=-54.9009622
  [4267/5593] Porto Xavier/RS… lat=-27.9062731 lon=-55.1393537
  [4268/5593] Pouso Novo/RS… lat=-29.1695872 lon=-52.2085122
  [4269/5593] Presidente Lucena/RS… lat=-29.5175490 lon=-51.1797980
  [4270/5593] Progresso/RS… lat=-29.2419958 lon=-52.3108869
  [4271/5593] Protásio Alves/RS… lat=-28.7598374 lon=-51.4736846
  [4272/5593] Putinga/RS… lat=-29.0017469 lon=-52.1566367
  [4273/5593] Quaraí/RS… lat=-30.3818093 lon=-56.4526576
  [4274/5593] Quatro Irmãos/RS… lat=-27.8229301 lon=-52.4427548
  [4275/5593] Quevedos/RS… lat=-29.3529828 lon=-54.0687208
  [4276/5593] Quinze de Novembro/RS… lat=-28.7422790 lon=-53.0951692
  [4277/5593] Redentora/RS… lat=-27.6616073 lon=-53.6421338
  [4278/5593] Relvado/RS… lat=-29.1121081 lon=-52.0713979
  [4279/5593] Restinga Seca/RS… lat=-29.8145611 lon=-53.3734546
  [4280/5593] Rio dos Índios/RS… lat=-27.3010535 lon=-52.8406196
  [4281/5593] Rio Grande/RS… lat=-32.0334252 lon=-52.0991297
  [4282/5593] Rio Pardo/RS… lat=-29.9820554 lon=-52.3702447
  [4283/5593] Riozinho/RS… lat=-29.6404582 lon=-50.4596262
  [4284/5593] Roca Sales/RS… lat=-29.2872555 lon=-51.8724318
  [4285/5593] Rodeio Bonito/RS… lat=-27.4725021 lon=-53.1705906
  [4286/5593] Rolador/RS… lat=-28.2558989 lon=-54.8179212
  [4287/5593] Rolante/RS… lat=-29.6527945 lon=-50.5769391
  [4288/5593] Ronda Alta/RS… lat=-27.7820640 lon=-52.8078036
  [4289/5593] Rondinha/RS… lat=-27.8295534 lon=-52.9084074
  [4290/5593] Roque Gonzales/RS… lat=-28.1324578 lon=-55.0263416
  [4291/5593] Rosário do Sul/RS… lat=-30.2527151 lon=-54.9179382
  [4292/5593] Sagrada Família/RS… lat=-27.7085454 lon=-53.1364113
  [4293/5593] Saldanha Marinho/RS… lat=-28.3966396 lon=-53.0952929
  [4294/5593] Salto do Jacuí/RS… lat=-29.0899771 lon=-53.2111244
  [4295/5593] Salvador das Missões/RS… lat=-28.1232686 lon=-54.8354107
  [4296/5593] Salvador do Sul/RS… lat=-29.4395698 lon=-51.5103295
  [4297/5593] Sananduva/RS… lat=-27.9499376 lon=-51.8074435
  [4298/5593] Sant'ana do Livramento/RS… lat=-30.8894097 lon=-55.5317694
  [4299/5593] Santa Bárbara do Sul/RS… lat=-28.3654722 lon=-53.2510995
  [4300/5593] Santa Cecília do Sul/RS… lat=-28.1625105 lon=-51.9297926
  [4301/5593] Santa Clara do Sul/RS… lat=-29.4686024 lon=-52.0868635
  [4302/5593] Santa Cruz do Sul/RS… lat=-29.7142090 lon=-52.4285807
  [4303/5593] Santa Margarida do Sul/RS… lat=-30.3391170 lon=-54.0856735
  [4304/5593] Santa Maria/RS… lat=-29.6860512 lon=-53.8069214
  [4305/5593] Santa Maria do Herval/RS… lat=-29.4977269 lon=-50.9919419
  [4306/5593] Santa Rosa/RS… lat=-27.8643546 lon=-54.4779287
  [4307/5593] Santa Tereza/RS… lat=-29.1697808 lon=-51.7363155
  [4308/5593] Santa Vitória do Palmar/RS… lat=-33.5198333 lon=-53.3693967
  [4309/5593] Santana da Boa Vista/RS… lat=-30.8736867 lon=-53.1148304
  [4310/5593] Santiago/RS… lat=-29.1896750 lon=-54.8666240
  [4311/5593] Santo Ângelo/RS… lat=-28.3000481 lon=-54.2669971
  [4312/5593] Santo Antônio da Patrulha/RS… lat=-29.8267680 lon=-50.5174890
  [4313/5593] Santo Antônio das Missões/RS… lat=-28.5117897 lon=-55.2290047
  [4314/5593] Santo Antônio do Palma/RS… lat=-28.4946558 lon=-52.0254769
  [4315/5593] Santo Antônio do Planalto/RS… lat=-28.3991804 lon=-52.6910319
  [4316/5593] Santo Augusto/RS… lat=-27.8525770 lon=-53.7776050
  [4317/5593] Santo Cristo/RS… lat=-27.8262590 lon=-54.6619630
  [4318/5593] Santo Expedito do Sul/RS… lat=-27.9098613 lon=-51.6433072
  [4319/5593] São Borja/RS… lat=-28.6592237 lon=-56.0044295
  [4320/5593] São domingos do Sul/RS… lat=-28.5297239 lon=-51.8905306
  [4321/5593] São Francisco de Assis/RS… lat=-29.5592140 lon=-55.1209843
  [4322/5593] São Francisco de Paula/RS… lat=-29.4484540 lon=-50.5833027
  [4323/5593] São Gabriel/RS… lat=-30.3342140 lon=-54.3227149
  [4324/5593] São Jerônimo/RS… lat=-29.9596420 lon=-51.7238192
  [4325/5593] São João da Urtiga/RS… lat=-27.8162722 lon=-51.8297741
  [4326/5593] São João do Polêsine/RS… lat=-29.6156424 lon=-53.4455412
  [4327/5593] São Jorge/RS… lat=-28.5006499 lon=-51.7050503
  [4328/5593] São José das Missões/RS… lat=-27.7783652 lon=-53.1185847
  [4329/5593] São José do Herval/RS… lat=-29.0448214 lon=-52.2948783
  [4330/5593] São José do Hortêncio/RS… lat=-29.5305383 lon=-51.2503032
  [4331/5593] São José do Inhacorá/RS… lat=-27.7250550 lon=-54.1274620
  [4332/5593] São José do Norte/RS… lat=-32.0145182 lon=-52.0406082
  [4333/5593] São José do Ouro/RS… lat=-27.7736185 lon=-51.5947672
  [4334/5593] São José do Sul/RS… lat=-29.5374760 lon=-51.4828905
  [4335/5593] São José dos Ausentes/RS… lat=-28.7477310 lon=-50.0645582
  [4336/5593] São Leopoldo/RS… lat=-29.7544405 lon=-51.1516497
  [4337/5593] São Lourenço do Sul/RS… lat=-31.3669286 lon=-51.9814839
  [4338/5593] São Luiz Gonzaga/RS… lat=-28.4074546 lon=-54.9609081
  [4339/5593] São Marcos/RS… lat=-28.9706799 lon=-51.0687665
  [4340/5593] São Martinho/RS… lat=-27.7079086 lon=-53.9623041
  [4341/5593] São Martinho da Serra/RS… lat=-29.5380766 lon=-53.8544925
  [4342/5593] São Miguel das Missões/RS… lat=-28.5451471 lon=-54.5469209
  [4343/5593] São Nicolau/RS… lat=-28.1857386 lon=-55.2615035
  [4344/5593] São Paulo das Missões/RS… lat=-28.0225895 lon=-54.9364660
  [4345/5593] São Pedro da Serra/RS… lat=-29.4195585 lon=-51.5142114
  [4346/5593] São Pedro das Missões/RS… lat=-27.7729041 lon=-53.2478857
  [4347/5593] São Pedro do Butiá/RS… lat=-28.1241467 lon=-54.8914661
  [4348/5593] São Pedro do Sul/RS… lat=-29.6152729 lon=-54.1790311
  [4349/5593] São Sebastião do Caí/RS… lat=-29.5911777 lon=-51.3778772
  [4350/5593] São Sepé/RS… lat=-30.1672190 lon=-53.5690914
  [4351/5593] São Valentim/RS… lat=-27.5588628 lon=-52.5241756
  [4352/5593] São Valentim do Sul/RS… lat=-29.0503352 lon=-51.7675031
  [4353/5593] São Valério do Sul/RS… lat=-27.7881823 lon=-53.9348211
  [4354/5593] São Vendelino/RS… lat=-29.3684935 lon=-51.3790426
  [4355/5593] São Vicente do Sul/RS… lat=-29.6881610 lon=-54.6826430
  [4356/5593] Sapiranga/RS… lat=-29.6392382 lon=-51.0068586
  [4357/5593] Sapucaia do Sul/RS… lat=-29.8197019 lon=-51.1608722
  [4358/5593] Sarandi/RS… lat=-27.9420000 lon=-52.9230850
  [4359/5593] Seberi/RS… lat=-27.4828134 lon=-53.4013251
  [4360/5593] Sede Nova/RS… lat=-27.6367390 lon=-53.9492900
  [4361/5593] Segredo/RS… lat=-29.3431272 lon=-52.9793788
  [4362/5593] Selbach/RS… lat=-28.6299869 lon=-52.9530657
  [4363/5593] Senador Salgado Filho/RS… lat=-28.0270233 lon=-54.5435136
  [4364/5593] Sentinela do Sul/RS… lat=-30.6118857 lon=-51.5817117
  [4365/5593] Serafina Corrêa/RS… lat=-28.7120266 lon=-51.9343269
  [4366/5593] Sério/RS… lat=-29.3844988 lon=-52.2685744
  [4367/5593] Sertão/RS… lat=-27.9853815 lon=-52.2575870
  [4368/5593] Sertão Santana/RS… lat=-30.4617134 lon=-51.6041992
  [4369/5593] Sete de Setembro/RS… lat=-28.1297132 lon=-54.4627460
  [4370/5593] Severiano de Almeida/RS… lat=-27.4332178 lon=-52.1155068
  [4371/5593] Silveira Martins/RS… lat=-29.6431800 lon=-53.5865469
  [4372/5593] Sinimbu/RS… lat=-29.5346879 lon=-52.5199906
  [4373/5593] Sobradinho/RS… lat=-29.4131826 lon=-53.0256794
  [4374/5593] Soledade/RS… lat=-28.8272467 lon=-52.5109157
  [4375/5593] Tabaí/RS… lat=-29.6877843 lon=-51.7180847
  [4376/5593] Tapejara/RS… lat=-28.0692330 lon=-52.0117161
  [4377/5593] Tapera/RS… lat=-28.6262957 lon=-52.8680873
  [4378/5593] Tapes/RS… lat=-30.6747721 lon=-51.3986199
  [4379/5593] Taquara/RS… lat=-29.6452036 lon=-50.7832169
  [4380/5593] Taquari/RS… lat=-29.7942136 lon=-51.8647988
  [4381/5593] Taquaruçu do Sul/RS… lat=-27.4003987 lon=-53.4684102
  [4382/5593] Tavares/RS… lat=-31.2874710 lon=-51.0897986
  [4383/5593] Tenente Portela/RS… lat=-27.3710580 lon=-53.7584840
  [4384/5593] Terra de Areia/RS… lat=-29.5789455 lon=-50.0633600
  [4385/5593] Teutônia/RS… lat=-29.4816568 lon=-51.8137520
  [4386/5593] Tio Hugo/RS… lat=-28.5768433 lon=-52.5969066
  [4387/5593] Tiradentes do Sul/RS… lat=-27.3973624 lon=-54.0853785
  [4388/5593] Toropi/RS… lat=-29.4782460 lon=-54.2243980
  [4389/5593] Torres/RS… lat=-29.3373663 lon=-49.7299648
  [4390/5593] Tramandaí/RS… lat=-29.9855339 lon=-50.1316076
  [4391/5593] Travesseiro/RS… lat=-29.3197207 lon=-52.0653149
  [4392/5593] Três Arroios/RS… lat=-27.4995057 lon=-52.1493540
  [4393/5593] Três Cachoeiras/RS… lat=-29.4521243 lon=-49.9190608
  [4394/5593] Três Coroas/RS… lat=-29.5155023 lon=-50.7770635
  [4395/5593] Três de Maio/RS… lat=-27.7799415 lon=-54.2356626
  [4396/5593] Três Forquilhas/RS… lat=-29.5375482 lon=-50.0650535
  [4397/5593] Três Palmeiras/RS… lat=-27.6166217 lon=-52.8412626
  [4398/5593] Três Passos/RS… lat=-27.4556106 lon=-53.9294399
  [4399/5593] Trindade do Sul/RS… lat=-27.5218951 lon=-52.8986017
  [4400/5593] Triunfo/RS… lat=-29.9407972 lon=-51.7191859
  [4401/5593] Tucunduva/RS… lat=-27.6581837 lon=-54.4416605
  [4402/5593] Tunas/RS… lat=-29.1053032 lon=-52.9569329
  [4403/5593] Tupanci do Sul/RS… lat=-27.9239665 lon=-51.5377991
  [4404/5593] Tupanciretã/RS… lat=-29.0798756 lon=-53.8386668
  [4405/5593] Tupandi/RS… lat=-29.4779269 lon=-51.4209232
  [4406/5593] Tuparendi/RS… lat=-27.7622992 lon=-54.4829323
  [4407/5593] Turuçu/RS… lat=-31.4191603 lon=-52.1765159
  [4408/5593] Ubiretama/RS… lat=-28.0455687 lon=-54.6815800
  [4409/5593] União da Serra/RS… lat=-28.7531756 lon=-52.0152854
  [4410/5593] Unistalda/RS… lat=-29.0476115 lon=-55.1503792
  [4411/5593] Uruguaiana/RS… lat=-29.7560726 lon=-57.0867546
  [4412/5593] Vacaria/RS… lat=-28.5102901 lon=-50.9356044
  [4413/5593] Vale do Sol/RS… lat=-29.6036459 lon=-52.6867334
  [4414/5593] Vale Real/RS… lat=-29.3919440 lon=-51.2558590
  [4415/5593] Vale Verde/RS… lat=-29.7830651 lon=-52.1843582
  [4416/5593] Vanini/RS… lat=-28.4762692 lon=-51.8452978
  [4417/5593] Venâncio Aires/RS… lat=-29.6143060 lon=-52.1931590
  [4418/5593] Vera Cruz/RS… lat=-29.7157235 lon=-52.5007403
  [4419/5593] Veranópolis/RS… lat=-28.9351239 lon=-51.5519175
  [4420/5593] Vespasiano Correa/RS… lat=-29.0689663 lon=-51.8597913
  [4421/5593] Viadutos/RS… lat=-27.5706489 lon=-52.0210682
  [4422/5593] Viamão/RS… lat=-30.0819338 lon=-51.0261927
  [4423/5593] Vicente Dutra/RS… lat=-27.1669307 lon=-53.4048541
  [4424/5593] Victor Graeff/RS… lat=-28.5631630 lon=-52.7495350
  [4425/5593] Vila Flores/RS… lat=-28.8644244 lon=-51.5506499
  [4426/5593] Vila Lângaro/RS… lat=-28.1073953 lon=-52.1446254
  [4427/5593] Vila Maria/RS… lat=-28.5342900 lon=-52.1548439
  [4428/5593] Vila Nova do Sul/RS… lat=-30.3432320 lon=-53.8833913
  [4429/5593] Vista Alegre/RS… lat=-27.3686190 lon=-53.4918760
  [4430/5593] Vista Alegre do Prata/RS… lat=-28.8080826 lon=-51.7868557
  [4431/5593] Vista Gaúcha/RS… lat=-27.2897171 lon=-53.7024746
  [4432/5593] Vitória das Missões/RS… lat=-28.3525794 lon=-54.4995706
  [4433/5593] Westfalia/RS… lat=-29.4221238 lon=-51.7655231
  [4434/5593] Xangri-Lá/RS… lat=-29.8039422 lon=-50.0413748
  [4435/5593] Abdon Batista/SC… lat=-27.6124190 lon=-51.0229920
  [4436/5593] Abelardo Luz/SC… lat=-26.5705893 lon=-52.3280339
  [4437/5593] Agrolândia/SC… lat=-27.4120688 lon=-49.8294621
  [4438/5593] Agronômica/SC… lat=-27.2660744 lon=-49.7104753
  [4439/5593] Água doce/SC… lat=-26.9986047 lon=-51.5529306
  [4440/5593] Águas de Chapecó/SC… lat=-27.0741119 lon=-52.9879048
  [4441/5593] Águas Frias/SC… lat=-26.8817187 lon=-52.8599756
  [4442/5593] Águas Mornas/SC… lat=-27.6963160 lon=-48.8247831
  [4443/5593] Alfredo Wagner/SC… lat=-27.6961513 lon=-49.3326734
  [4444/5593] Alto Bela Vista/SC… lat=-27.4320737 lon=-51.9057710
  [4445/5593] Anchieta/SC… lat=-26.5350527 lon=-53.3293938
  [4446/5593] Angelina/SC… lat=-27.5805287 lon=-48.9838759
  [4447/5593] Anita Garibaldi/SC… lat=-27.6855032 lon=-51.1293873
  [4448/5593] Anitápolis/SC… lat=-27.9041185 lon=-49.1287395
  [4449/5593] Antônio Carlos/SC… lat=-27.5168462 lon=-48.7684715
  [4450/5593] Apiúna/SC… lat=-27.0374658 lon=-49.3885037
  [4451/5593] Arabutã/SC… lat=-27.1587028 lon=-52.1438142
  [4452/5593] Araquari/SC… lat=-26.3703324 lon=-48.7210994
  [4453/5593] Araranguá/SC… lat=-28.9348832 lon=-49.4858389
  [4454/5593] Armazém/SC… lat=-28.2624996 lon=-49.0190126
  [4455/5593] Arroio Trinta/SC… lat=-26.9301976 lon=-51.3349280
  [4456/5593] Arvoredo/SC… lat=-27.0755081 lon=-52.4570855
  [4457/5593] Ascurra/SC… lat=-26.9569975 lon=-49.3767752
  [4458/5593] Atalanta/SC… lat=-27.4219160 lon=-49.7788630
  [4459/5593] Aurora/SC… lat=-27.3166417 lon=-49.6368502
  [4460/5593] Balneário Arroio do Silva/SC… lat=-28.9815269 lon=-49.4189932
  [4461/5593] Balneário Barra do Sul/SC… lat=-26.4598420 lon=-48.6061471
  [4462/5593] Balneário Camboriú/SC… lat=-26.9924395 lon=-48.6339782
  [4463/5593] Balneário Gaivota/SC… lat=-29.1553098 lon=-49.5808712
  [4464/5593] Balneário Piçarras/SC… lat=-26.7638889 lon=-48.6716667
  [4465/5593] Balneário Rincão/SC… lat=-28.8235718 lon=-49.2241642
  [4466/5593] Bandeirante/SC… lat=-26.7673451 lon=-53.6391722
  [4467/5593] Barra Bonita/SC… lat=-26.6526364 lon=-53.4419581
  [4468/5593] Barra Velha/SC… lat=-26.6338203 lon=-48.6835001
  [4469/5593] Bela Vista do Toldo/SC… lat=-26.2746250 lon=-50.4663540
  [4470/5593] Belmonte/SC… lat=-26.8448262 lon=-53.5789160
  [4471/5593] Benedito Novo/SC… lat=-26.7840657 lon=-49.3629511
  [4472/5593] Biguaçu/SC… lat=-27.4961076 lon=-48.6541110
  [4473/5593] Blumenau/SC… lat=-26.9195567 lon=-49.0658025
  [4474/5593] Bocaina do Sul/SC… lat=-27.7454940 lon=-49.9422790
  [4475/5593] Bom Jardim da Serra/SC… lat=-28.3380324 lon=-49.6255880
  [4476/5593] Bom Jesus/SC… lat=-26.7350604 lon=-52.3916519
  [4477/5593] Bom Jesus do Oeste/SC… lat=-26.6929713 lon=-53.0967453
  [4478/5593] Bom Retiro/SC… lat=-27.7989930 lon=-49.4869940
  [4479/5593] Bombinhas/SC… lat=-27.1519159 lon=-48.4875691
  [4480/5593] Botuverá/SC… lat=-27.1990695 lon=-49.0726471
  [4481/5593] Braço do Norte/SC… lat=-28.2728633 lon=-49.1622712
  [4482/5593] Braço do Trombudo/SC… lat=-27.3585780 lon=-49.8821450
  [4483/5593] Brunópolis/SC… lat=-27.3109530 lon=-50.8375850
  [4484/5593] Brusque/SC… lat=-27.0964628 lon=-48.9136323
  [4485/5593] Caçador/SC… lat=-26.7737784 lon=-51.0134844
  [4486/5593] Caibi/SC… lat=-27.0751925 lon=-53.2502133
  [4487/5593] Calmon/SC… lat=-26.6023644 lon=-51.0992893
  [4488/5593] Camboriú/SC… lat=-27.0273601 lon=-48.6535657
  [4489/5593] Campo Alegre/SC… lat=-26.1941684 lon=-49.2657484
  [4490/5593] Campo Belo do Sul/SC… lat=-27.8989298 lon=-50.7595620
  [4491/5593] Campo Erê/SC… lat=-26.3947432 lon=-53.0790495
  [4492/5593] Campos Novos/SC… lat=-27.3962904 lon=-51.2224397
  [4493/5593] Canelinha/SC… lat=-27.2660341 lon=-48.7666708
  [4494/5593] Canoinhas/SC… lat=-26.1755121 lon=-50.3949592
  [4495/5593] Capão Alto/SC… lat=-27.9382827 lon=-50.5114910
  [4496/5593] Capinzal/SC… lat=-27.3440651 lon=-51.6110403
  [4497/5593] Capivari de Baixo/SC… lat=-28.4497730 lon=-48.9631440
  [4498/5593] Catanduvas/SC… lat=-27.0689719 lon=-51.6601580
  [4499/5593] Caxambu do Sul/SC… lat=-27.1615046 lon=-52.8796675
  [4500/5593] Celso Ramos/SC… lat=-27.6335797 lon=-51.3368111
  [4501/5593] Cerro Negro/SC… lat=-27.7953331 lon=-50.8741305
  [4502/5593] Chapadão do Lageado/SC… lat=-27.5905070 lon=-49.5538790
  [4503/5593] Chapecó/SC… lat=-27.0922364 lon=-52.6166878
  [4504/5593] Cocal do Sul/SC… lat=-28.6007346 lon=-49.3248697
  [4505/5593] Concórdia/SC… lat=-27.2312011 lon=-52.0231024
  [4506/5593] Cordilheira Alta/SC… lat=-26.9853947 lon=-52.6035490
  [4507/5593] Coronel Freitas/SC… lat=-26.9058932 lon=-52.7028055
  [4508/5593] Coronel Martins/SC… lat=-26.5124719 lon=-52.6681763
  [4509/5593] Correia Pinto/SC… lat=-27.5876880 lon=-50.3614480
  [4510/5593] Corupá/SC… lat=-26.4267153 lon=-49.2474700
  [4511/5593] Criciúma/SC… lat=-28.6789941 lon=-49.3695627
  [4512/5593] Cunha Porã/SC… lat=-26.8927163 lon=-53.1716516
  [4513/5593] Cunhataí/SC… lat=-26.9735014 lon=-53.0914014
  [4514/5593] Curitibanos/SC… lat=-27.2900659 lon=-50.5779683
  [4515/5593] descanso/SC… lat=-26.8246854 lon=-53.5017586
  [4516/5593] Dionísio Cerqueira/SC… lat=-26.2604681 lon=-53.6346379
  [4517/5593] dona Emma/SC… lat=-26.9849398 lon=-49.7265136
  [4518/5593] doutor Pedrinho/SC… lat=-26.7164080 lon=-49.4827260
  [4519/5593] Entre Rios/SC… lat=-26.7236463 lon=-52.5638445
  [4520/5593] Ermo/SC… lat=-28.9849219 lon=-49.6427198
  [4521/5593] Erval Velho/SC… lat=-27.2747859 lon=-51.4429712
  [4522/5593] Faxinal dos Guedes/SC… lat=-26.8494222 lon=-52.2586485
  [4523/5593] Flor do Sertão/SC… lat=-26.7784693 lon=-53.3478823
  [4524/5593] Florianópolis/SC… lat=-27.5973002 lon=-48.5496098
  [4525/5593] Formosa do Sul/SC… lat=-26.6478829 lon=-52.7934366
  [4526/5593] Forquilhinha/SC… lat=-28.7487602 lon=-49.4737661
  [4527/5593] Fraiburgo/SC… lat=-27.0232880 lon=-50.9199780
  [4528/5593] Frei Rogério/SC… lat=-27.1750210 lon=-50.8076210
  [4529/5593] Galvão/SC… lat=-26.4553595 lon=-52.6869755
  [4530/5593] Garopaba/SC… lat=-28.0274798 lon=-48.6240197
  [4531/5593] Garuva/SC… lat=-26.0294904 lon=-48.8545202
  [4532/5593] Gaspar/SC… lat=-26.9307306 lon=-48.9566824
  [4533/5593] Governador Celso Ramos/SC… lat=-27.3171610 lon=-48.5576080
  [4534/5593] Grão Pará/SC… lat=-28.1856937 lon=-49.2163956
  [4535/5593] Gravatal/SC… lat=-28.3300703 lon=-49.0362296
  [4536/5593] Guabiruba/SC… lat=-27.0864326 lon=-48.9781319
  [4537/5593] Guaraciaba/SC… lat=-26.6001986 lon=-53.5216209
  [4538/5593] Guaramirim/SC… lat=-26.4744805 lon=-48.9981151
  [4539/5593] Guarujá do Sul/SC… lat=-26.3850268 lon=-53.5277940
  [4540/5593] Guatambú/SC… lat=-27.1333139 lon=-52.7852104
  [4541/5593] Herval D'oeste/SC… lat=-27.1736100 lon=-51.4903659
  [4542/5593] Ibiam/SC… lat=-27.1819094 lon=-51.2369886
  [4543/5593] Ibicaré/SC… lat=-27.0881410 lon=-51.3681010
  [4544/5593] Ibirama/SC… lat=-27.0537021 lon=-49.5190771
  [4545/5593] Içara/SC… lat=-28.7116553 lon=-49.2971441
  [4546/5593] Ilhota/SC… lat=-26.9022824 lon=-48.8284968
  [4547/5593] Imaruí/SC… lat=-28.3440491 lon=-48.8151737
  [4548/5593] Imbituba/SC… lat=-28.2418270 lon=-48.6643444
  [4549/5593] Imbuia/SC… lat=-27.4908200 lon=-49.4217660
  [4550/5593] Indaial/SC… lat=-26.8901747 lon=-49.2416736
  [4551/5593] Iomerê/SC… lat=-27.0019673 lon=-51.2405514
  [4552/5593] Ipira/SC… lat=-27.4053188 lon=-51.7734648
  [4553/5593] Iporã do Oeste/SC… lat=-26.9884305 lon=-53.5345628
  [4554/5593] Ipuaçu/SC… lat=-26.6349873 lon=-52.4555915
  [4555/5593] Ipumirim/SC… lat=-27.0762287 lon=-52.1357360
  [4556/5593] Iraceminha/SC… lat=-26.8237077 lon=-53.2728340
  [4557/5593] Irani/SC… lat=-27.0230476 lon=-51.9010675
  [4558/5593] Irati/SC… lat=-26.6577742 lon=-52.8929851
  [4559/5593] Irineópolis/SC… lat=-26.2420060 lon=-50.7956870
  [4560/5593] Itá/SC… lat=-27.2750060 lon=-52.3381725
  [4561/5593] Itaiópolis/SC… lat=-26.3391899 lon=-49.9071983
  [4562/5593] Itajaí/SC… lat=-26.9046787 lon=-48.6552979
  [4563/5593] Itapema/SC… lat=-27.0947200 lon=-48.6137778
  [4564/5593] Itapiranga/SC… lat=-27.1724236 lon=-53.7118989
  [4565/5593] Itapoá/SC… lat=-26.1162431 lon=-48.6180177
  [4566/5593] Ituporanga/SC… lat=-27.4096219 lon=-49.6014812
  [4567/5593] Jaborá/SC… lat=-27.1743246 lon=-51.7348631
  [4568/5593] Jacinto Machado/SC… lat=-28.9993380 lon=-49.7603204
  [4569/5593] Jaguaruna/SC… lat=-28.6237365 lon=-49.0288664
  [4570/5593] Jaraguá do Sul/SC… lat=-26.4897432 lon=-49.0778063
  [4571/5593] Jardinópolis/SC… lat=-26.7215750 lon=-52.8591464
  [4572/5593] Joaçaba/SC… lat=-27.1737204 lon=-51.5065214
  [4573/5593] Joinville/SC… lat=-26.3044898 lon=-48.8486726
  [4574/5593] José Boiteux/SC… lat=-26.9620720 lon=-49.6262509
  [4575/5593] Jupiá/SC… lat=-26.3985774 lon=-52.7262856
  [4576/5593] Lacerdópolis/SC… lat=-27.2614296 lon=-51.5564429
  [4577/5593] Lages/SC… lat=-27.8165664 lon=-50.3258830
  [4578/5593] Laguna/SC… lat=-28.4837443 lon=-48.7816572
  [4579/5593] Lajeado Grande/SC… lat=-26.8583425 lon=-52.5666619
  [4580/5593] Laurentino/SC… lat=-27.2193231 lon=-49.7322856
  [4581/5593] Lauro Muller/SC… lat=-28.3942244 lon=-49.3975402
  [4582/5593] Lebon Régis/SC… lat=-26.9279870 lon=-50.6921090
  [4583/5593] Leoberto Leal/SC… lat=-27.5071209 lon=-49.2871979
  [4584/5593] Lindóia do Sul/SC… lat=-27.0520334 lon=-52.0831975
  [4585/5593] Lontras/SC… lat=-27.1679891 lon=-49.5424602
  [4586/5593] Luiz Alves/SC… lat=-26.7118577 lon=-48.9126756
  [4587/5593] Luzerna/SC… lat=-27.1294338 lon=-51.4686169
  [4588/5593] Macieira/SC… lat=-26.8541639 lon=-51.3763845
  [4589/5593] Mafra/SC… lat=-26.1150943 lon=-49.8035982
  [4590/5593] Major Gercino/SC… lat=-27.4192360 lon=-48.9487800
  [4591/5593] Major Vieira/SC… lat=-26.3654856 lon=-50.3272634
  [4592/5593] Maracajá/SC… lat=-28.8474775 lon=-49.4538861
  [4593/5593] Maravilha/SC… lat=-26.7623898 lon=-53.1747387
  [4594/5593] Marema/SC… lat=-26.8023610 lon=-52.6264450
  [4595/5593] Massaranduba/SC… lat=-26.6108680 lon=-49.0053510
  [4596/5593] Matos Costa/SC… lat=-26.4739837 lon=-51.1509787
  [4597/5593] Meleiro/SC… lat=-28.8303183 lon=-49.6349851
  [4598/5593] Mirim doce/SC… lat=-27.2003527 lon=-50.0697185
  [4599/5593] Modelo/SC… lat=-26.7752383 lon=-53.0525513
  [4600/5593] Mondaí/SC… lat=-27.1020777 lon=-53.3992420
  [4601/5593] Monte Carlo/SC… lat=-27.2216645 lon=-50.9784032
  [4602/5593] Monte Castelo/SC… lat=-26.4609890 lon=-50.2327240
  [4603/5593] Morro da Fumaça/SC… lat=-28.6522275 lon=-49.2133979
  [4604/5593] Morro Grande/SC… lat=-28.8005700 lon=-49.7213620
  [4605/5593] Navegantes/SC… lat=-26.8898813 lon=-48.6495828
  [4606/5593] Nova Erechim/SC… lat=-26.9027688 lon=-52.9071258
  [4607/5593] Nova Itaberaba/SC… lat=-26.9406956 lon=-52.8132923
  [4608/5593] Nova Trento/SC… lat=-27.2862616 lon=-48.9302652
  [4609/5593] Nova Veneza/SC… lat=-28.6373710 lon=-49.4997634
  [4610/5593] Novo Horizonte/SC… lat=-26.4465656 lon=-52.8319931
  [4611/5593] Orleans/SC… lat=-28.3572698 lon=-49.2872434
  [4612/5593] Otacílio Costa/SC… lat=-27.4832304 lon=-50.1195204
  [4613/5593] Ouro/SC… lat=-27.3389051 lon=-51.6137785
  [4614/5593] Ouro Verde/SC… lat=-26.6941871 lon=-52.3103928
  [4615/5593] Paial/SC… lat=-27.2564715 lon=-52.4998045
  [4616/5593] Painel/SC… lat=-27.9214849 lon=-50.0994933
  [4617/5593] Palhoça/SC… lat=-27.6447774 lon=-48.6646323
  [4618/5593] Palma Sola/SC… lat=-26.3482487 lon=-53.2775974
  [4619/5593] Palmeira/SC… lat=-27.5797981 lon=-50.1589086
  [4620/5593] Palmitos/SC… lat=-27.0711023 lon=-53.1596594
  [4621/5593] Papanduva/SC… lat=-26.4085449 lon=-50.1424094
  [4622/5593] Paraíso/SC… lat=-26.6184407 lon=-53.6751440
  [4623/5593] Passo de Torres/SC… lat=-29.3253930 lon=-49.7218979
  [4624/5593] Passos Maia/SC… lat=-26.7806434 lon=-52.0611058
  [4625/5593] Paulo Lopes/SC… lat=-27.9649680 lon=-48.6830299
  [4626/5593] Pedras Grandes/SC… lat=-28.4357866 lon=-49.1864128
  [4627/5593] Penha/SC… lat=-26.7754180 lon=-48.6465251
  [4628/5593] Peritiba/SC… lat=-27.3736365 lon=-51.9050311
  [4629/5593] Pescaria Brava/SC… lat=-28.3845591 lon=-48.8658054
  [4630/5593] Petrolândia/SC… lat=-27.5329615 lon=-49.6984597
  [4631/5593] Pinhalzinho/SC… lat=-26.8525860 lon=-52.9872478
  [4632/5593] Pinheiro Preto/SC… lat=-27.0457296 lon=-51.2296306
  [4633/5593] Piratuba/SC… lat=-27.4215816 lon=-51.7822762
  [4634/5593] Planalto Alegre/SC… lat=-27.0721133 lon=-52.8667023
  [4635/5593] Pomerode/SC… lat=-26.7356218 lon=-49.1770095
  [4636/5593] Ponte Alta/SC… lat=-27.4834970 lon=-50.3764040
  [4637/5593] Ponte Alta do Norte/SC… lat=-27.1626096 lon=-50.4684028
  [4638/5593] Ponte Serrada/SC… lat=-26.8708566 lon=-52.0164089
  [4639/5593] Porto Belo/SC… lat=-27.1542415 lon=-48.5424395
  [4640/5593] Porto União/SC… lat=-26.2336416 lon=-51.0827710
  [4641/5593] Pouso Redondo/SC… lat=-27.2567443 lon=-49.9331593
  [4642/5593] Praia Grande/SC… lat=-29.1971454 lon=-49.9503720
  [4643/5593] Presidente Castello Branco/SC… lat=-27.2217868 lon=-51.8089482
  [4644/5593] Presidente Getúlio/SC… lat=-27.0426247 lon=-49.6210429
  [4645/5593] Presidente Nereu/SC… lat=-27.2782770 lon=-49.3890424
  [4646/5593] Princesa/SC… lat=-26.4452737 lon=-53.5999130
  [4647/5593] Quilombo/SC… lat=-26.7253683 lon=-52.7193084
  [4648/5593] Rancho Queimado/SC… lat=-27.6727911 lon=-49.0124197
  [4649/5593] Rio das Antas/SC… lat=-26.8998189 lon=-51.0748324
  [4650/5593] Rio do Campo/SC… lat=-26.9468070 lon=-50.1412936
  [4651/5593] Rio do Oeste/SC… lat=-27.1932670 lon=-49.7984595
  [4652/5593] Rio do Sul/SC… lat=-27.2162607 lon=-49.6436540
  [4653/5593] Rio dos Cedros/SC… lat=-26.7397770 lon=-49.2718280
  [4654/5593] Rio Fortuna/SC… lat=-28.1335539 lon=-49.1048223
  [4655/5593] Rio Negrinho/SC… lat=-26.2590750 lon=-49.5177460
  [4656/5593] Rio Rufino/SC… lat=-27.8616910 lon=-49.7806323
  [4657/5593] Riqueza/SC… lat=-27.0697574 lon=-53.3225281
  [4658/5593] Rodeio/SC… lat=-26.9233304 lon=-49.3685354
  [4659/5593] Romelândia/SC… lat=-26.6783317 lon=-53.3189986
  [4660/5593] Salete/SC… lat=-26.9841891 lon=-50.0076205
  [4661/5593] Saltinho/SC… lat=-26.6049320 lon=-53.0577630
  [4662/5593] Salto Veloso/SC… lat=-26.9071647 lon=-51.4067710
  [4663/5593] Sangão/SC… lat=-28.6397512 lon=-49.1266106
  [4664/5593] Santa Cecília/SC… lat=-26.9658952 lon=-50.4182571
  [4665/5593] Santa Helena/SC… lat=-26.9388476 lon=-53.6194274
  [4666/5593] Santa Rosa de Lima/SC… lat=-28.0404239 lon=-49.1280356
  [4667/5593] Santa Rosa do Sul/SC… lat=-29.1354955 lon=-49.7154188
  [4668/5593] Santa Terezinha/SC… lat=-26.7825834 lon=-50.0058788
  [4669/5593] Santa Terezinha do Progresso/SC… lat=-26.6197384 lon=-53.1986638
  [4670/5593] Santiago do Sul/SC… lat=-26.6346323 lon=-52.6753323
  [4671/5593] Santo Amaro da Imperatriz/SC… lat=-27.6865324 lon=-48.7769405
  [4672/5593] São Bento do Sul/SC… lat=-26.2483669 lon=-49.3820672
  [4673/5593] São Bernardino/SC… lat=-26.4712934 lon=-52.9658921
  [4674/5593] São Bonifácio/SC… lat=-27.9009070 lon=-48.9326080
  [4675/5593] São Carlos/SC… lat=-27.0818630 lon=-53.0051018
  [4676/5593] São Cristovão do Sul/SC… lat=-27.2670093 lon=-50.4409508
  [4677/5593] São domingos/SC… lat=-26.5593237 lon=-52.5311718
  [4678/5593] São Francisco do Sul/SC… lat=-26.2495087 lon=-48.6308087
  [4679/5593] São João Batista/SC… lat=-27.2775470 lon=-48.8496101
  [4680/5593] São João do Itaperiú/SC… lat=-26.6186415 lon=-48.7670219
  [4681/5593] São João do Oeste/SC… lat=-27.0981223 lon=-53.5931508
  [4682/5593] São João do Sul/SC… lat=-29.2246601 lon=-49.8081785
  [4683/5593] São Joaquim/SC… lat=-28.2924972 lon=-49.9353255
  [4684/5593] São José/SC… lat=-27.6157733 lon=-48.6276491
  [4685/5593] São José do Cedro/SC… lat=-26.4555904 lon=-53.4954785
  [4686/5593] São José do Cerrito/SC… lat=-27.6627041 lon=-50.5791762
  [4687/5593] São Lourenço do Oeste/SC… lat=-26.3556600 lon=-52.8498370
  [4688/5593] São Ludgero/SC… lat=-28.3243832 lon=-49.1748190
  [4689/5593] São Martinho/SC… lat=-28.1650180 lon=-48.9793424
  [4690/5593] São Miguel da Boa Vista/SC… lat=-26.6911028 lon=-53.2522818
  [4691/5593] São Miguel do Oeste/SC… lat=-26.7278977 lon=-53.5176689
  [4692/5593] São Pedro de Alcântara/SC… lat=-27.5676985 lon=-48.8047973
  [4693/5593] Saudades/SC… lat=-26.9261779 lon=-53.0046945
  [4694/5593] Schroeder/SC… lat=-26.4115710 lon=-49.0740410
  [4695/5593] Seara/SC… lat=-27.1528578 lon=-52.3096985
  [4696/5593] Serra Alta/SC… lat=-26.7291439 lon=-53.0440668
  [4697/5593] Siderópolis/SC… lat=-28.5975880 lon=-49.4250007
  [4698/5593] Sombrio/SC… lat=-29.1079850 lon=-49.6327760
  [4699/5593] Sul Brasil/SC… lat=-26.7379101 lon=-52.9650177
  [4700/5593] Taió/SC… lat=-27.1167574 lon=-50.0002159
  [4701/5593] Tangará/SC… lat=-27.0997957 lon=-51.2477143
  [4702/5593] Tigrinhos/SC… lat=-26.6869135 lon=-53.1570085
  [4703/5593] Tijucas/SC… lat=-27.2394040 lon=-48.6353696
  [4704/5593] Timbé do Sul/SC… lat=-28.8317599 lon=-49.8466430
  [4705/5593] Timbó/SC… lat=-26.8282737 lon=-49.2706410
  [4706/5593] Timbó Grande/SC… lat=-26.6170507 lon=-50.6742579
  [4707/5593] Três Barras/SC… lat=-26.1693524 lon=-50.2451914
  [4708/5593] Treviso/SC… lat=-28.5153879 lon=-49.4582122
  [4709/5593] Treze de Maio/SC… lat=-28.5574415 lon=-49.1447586
  [4710/5593] Treze Tílias/SC… lat=-26.9996788 lon=-51.4073067
  [4711/5593] Trombudo Central/SC… lat=-27.3040981 lon=-49.7931600
  [4712/5593] Tubarão/SC… lat=-28.4714880 lon=-49.0141320
  [4713/5593] Tunápolis/SC… lat=-26.9707300 lon=-53.6382084
  [4714/5593] Turvo/SC… lat=-28.9277445 lon=-49.6792206
  [4715/5593] União do Oeste/SC… lat=-26.7642155 lon=-52.8515985
  [4716/5593] Urubici/SC… lat=-28.0156630 lon=-49.5925470
  [4717/5593] Urupema/SC… lat=-27.9557716 lon=-49.8759570
  [4718/5593] Urussanga/SC… lat=-28.4920597 lon=-49.3539102
  [4719/5593] Vargeão/SC… lat=-26.8612770 lon=-52.1544966
  [4720/5593] Vargem/SC… lat=-27.4909659 lon=-50.9781096
  [4721/5593] Vargem Bonita/SC… lat=-27.0054560 lon=-51.7402380
  [4722/5593] Vidal Ramos/SC… lat=-27.3908814 lon=-49.3615664
  [4723/5593] Videira/SC… lat=-27.0054400 lon=-51.1533733
  [4724/5593] Vitor Meireles/SC… lat=-26.8797310 lon=-49.8332430
  [4725/5593] Witmarsum/SC… lat=-26.9274870 lon=-49.7946750
  [4726/5593] Xanxerê/SC… lat=-26.8810171 lon=-52.3846548
  [4727/5593] Xavantina/SC… lat=-27.0702363 lon=-52.3431086
  [4728/5593] Xaxim/SC… lat=-26.9605363 lon=-52.5335505
  [4729/5593] Zortéa/SC… lat=-27.4535362 lon=-51.5535900
  [4730/5593] Amparo de São Francisco/SE… lat=-22.7019669 lon=-46.7668352
  [4731/5593] Aquidabã/SE… lat=-10.2837579 lon=-37.0188687
  [4732/5593] Aracaju/SE… lat=-10.9162061 lon=-37.0774655
  [4733/5593] Arauá/SE… lat=-11.2628389 lon=-37.6199780
  [4734/5593] Areia Branca/SE… lat=-10.7591455 lon=-37.3148072
  [4735/5593] Barra dos Coqueiros/SE… lat=-10.9075694 lon=-37.0386249
  [4736/5593] Boquim/SE… lat=-11.1450175 lon=-37.6204228
  [4737/5593] Brejo Grande/SE… lat=-10.4287358 lon=-36.4667918
  [4738/5593] Campo do Brito/SE… lat=-10.7482965 lon=-37.4937770
  [4739/5593] Canhoba/SE… lat=-10.1372696 lon=-36.9704665
  [4740/5593] Canindé de São Francisco/SE… lat=-9.6604477 lon=-37.7895637
  [4741/5593] Capela/SE… lat=-10.5049400 lon=-37.0552566
  [4742/5593] Carira/SE… lat=-10.3583162 lon=-37.7026210
  [4743/5593] Carmópolis/SE… lat=-10.6483500 lon=-36.9849300
  [4744/5593] Cedro de São João/SE… lat=-10.2506778 lon=-36.8816067
  [4745/5593] Cristinápolis/SE… lat=-11.4751775 lon=-37.7553629
  [4746/5593] Cumbe/SE… lat=-10.3546844 lon=-37.1817400
  [4747/5593] Divina Pastora/SE… lat=-10.6783231 lon=-37.1482727
  [4748/5593] Estância/SE… lat=-11.2682255 lon=-37.4378341
  [4749/5593] Feira Nova/SE… lat=-10.2629878 lon=-37.3131265
  [4750/5593] Frei Paulo/SE… lat=-10.5495658 lon=-37.5351541
  [4751/5593] Gararu/SE… lat=-9.9657876 lon=-37.0819547
  [4752/5593] General Maynard/SE… lat=-10.6855125 lon=-36.9849200
  [4753/5593] Gracho Cardoso/SE… lat=-10.2288836 lon=-37.1966376
  [4754/5593] Ilha das Flores/SE… lat=-10.4365954 lon=-36.5370011
  [4755/5593] Indiaroba/SE… lat=-11.5235439 lon=-37.5099835
  [4756/5593] Itabaiana/SE… lat=-10.6856197 lon=-37.4270517
  [4757/5593] Itabaianinha/SE… lat=-11.2760142 lon=-37.7866600
  [4758/5593] Itabi/SE… lat=-10.1260582 lon=-37.1016305
  [4759/5593] Itaporanga D'ajuda/SE… lat=-10.9961671 lon=-37.3045841
  [4760/5593] Japaratuba/SE… lat=-10.5934888 lon=-36.9415140
  [4761/5593] Japoatã/SE… lat=-10.3467864 lon=-36.7998780
  [4762/5593] Lagarto/SE… lat=-10.9145010 lon=-37.6711105
  [4763/5593] Laranjeiras/SE… lat=-10.8040231 lon=-37.1658336
  [4764/5593] Macambira/SE… lat=-10.6656351 lon=-37.5404290
  [4765/5593] Malhada dos Bois/SE… lat=-10.3450779 lon=-36.9206659
  [4766/5593] Malhador/SE… lat=-10.6588623 lon=-37.3085558
  [4767/5593] Maruim/SE… lat=-10.7372604 lon=-37.0817469
  [4768/5593] Moita Bonita/SE… lat=-10.5793237 lon=-37.3423877
  [4769/5593] Monte Alegre de Sergipe/SE… lat=-10.0277168 lon=-37.5617249
  [4770/5593] Muribeca/SE… lat=-10.4227085 lon=-36.9567299
  [4771/5593] Neópolis/SE… lat=-10.3169663 lon=-36.5769132
  [4772/5593] Nossa Senhora Aparecida/SE… lat=-10.3968947 lon=-37.4539699
  [4773/5593] Nossa Senhora da Glória/SE… lat=-10.2188811 lon=-37.4199759
  [4774/5593] Nossa Senhora das dores/SE… lat=-10.4916994 lon=-37.1936571
  [4775/5593] Nossa Senhora de Lourdes/SE… lat=-10.0792531 lon=-37.0567812
  [4776/5593] Nossa Senhora do Socorro/SE… lat=-10.8553115 lon=-37.1264863
  [4777/5593] Pacatuba/SE… lat=-10.4506594 lon=-36.6473212
  [4778/5593] Pedra Mole/SE… lat=-10.6181053 lon=-37.6865098
  [4779/5593] Pedrinhas/SE… lat=-11.1929520 lon=-37.6757812
  [4780/5593] Pinhão/SE… lat=-10.5682989 lon=-37.7236405
  [4781/5593] Pirambu/SE… lat=-10.7408558 lon=-36.8591248
  [4782/5593] Poço Redondo/SE… lat=-9.8055833 lon=-37.6850557
  [4783/5593] Poço Verde/SE… lat=-10.7118367 lon=-38.1748934
  [4784/5593] Porto da Folha/SE… lat=-9.9152929 lon=-37.2792841
  [4785/5593] Propriá/SE… lat=-10.2124270 lon=-36.8372254
  [4786/5593] Riachão do dantas/SE… lat=-11.0697037 lon=-37.7270162
  [4787/5593] Riachuelo/SE… lat=-10.7323307 lon=-37.1863203
  [4788/5593] Ribeirópolis/SE… lat=-10.5405577 lon=-37.4368783
  [4789/5593] Rosário do Catete/SE… lat=-10.6968099 lon=-37.0319184
  [4790/5593] Salgado/SE… lat=-11.0282445 lon=-37.4782803
  [4791/5593] Santa Luzia do Itanhy/SE… lat=-11.3517434 lon=-37.4478339
  [4792/5593] Santa Rosa de Lima/SE… lat=-10.6474939 lon=-37.1926373
  [4793/5593] Santana do São Francisco/SE… lat=-10.2912979 lon=-36.6048195
  [4794/5593] Santo Amaro das Brotas/SE… lat=-10.7866999 lon=-37.0547110
  [4795/5593] São Cristóvão/SE… lat=-11.0136465 lon=-37.2071134
  [4796/5593] São domingos/SE… lat=-10.7925274 lon=-37.5678081
  [4797/5593] São Francisco/SE… lat=-10.3496581 lon=-36.8851236
  [4798/5593] São Miguel do Aleixo/SE… lat=-10.3892164 lon=-37.3826157
  [4799/5593] Simão Dias/SE… lat=-10.7383767 lon=-37.8090877
  [4800/5593] Siriri/SE… lat=-10.6045840 lon=-37.1143295
  [4801/5593] Telha/SE… lat=-10.2089823 lon=-36.8841125
  [4802/5593] Tobias Barreto/SE… lat=-11.1878721 lon=-38.0030397
  [4803/5593] Tomar do Geru/SE… lat=-11.3752475 lon=-37.8413399
  [4804/5593] Umbaúba/SE… lat=-11.3826792 lon=-37.6565562
  [4805/5593] Adamantina/SP… lat=-21.6866517 lon=-51.0762975
  [4806/5593] Adolfo/SP… lat=-21.2356597 lon=-49.6441918
  [4807/5593] Aguaí/SP… lat=-22.0592036 lon=-46.9793840
  [4808/5593] Águas da Prata/SP… lat=-21.9464285 lon=-46.7192121
  [4809/5593] Águas de Lindóia/SP… lat=-22.4718855 lon=-46.6291034
  [4810/5593] Águas de Santa Bárbara/SP… lat=-22.8821912 lon=-49.2383956
  [4811/5593] Águas de São Pedro/SP… lat=-22.6000681 lon=-47.8750887
  [4812/5593] Agudos/SP… lat=-22.4719836 lon=-48.9884476
  [4813/5593] Alambari/SP… lat=-23.5503380 lon=-47.8979710
  [4814/5593] Alfredo Marcondes/SP… lat=-21.9527000 lon=-51.4139560
  [4815/5593] Altair/SP… lat=-20.5238955 lon=-49.0606135
  [4816/5593] Altinópolis/SP… lat=-21.0213640 lon=-47.3712000
  [4817/5593] Alto Alegre/SP… lat=-21.5820592 lon=-50.1661976
  [4818/5593] Alumínio/SP… lat=-23.5203479 lon=-47.2575256
  [4819/5593] Álvares Florence/SP… lat=-20.3205523 lon=-49.9085255
  [4820/5593] Álvares Machado/SP… lat=-22.0764150 lon=-51.4722400
  [4821/5593] Álvaro de Carvalho/SP… lat=-22.0787992 lon=-49.7194861
  [4822/5593] Alvinlândia/SP… lat=-22.4431852 lon=-49.7643596
  [4823/5593] Americana/SP… lat=-22.7392463 lon=-47.3306032
  [4824/5593] Américo Brasiliense/SP… lat=-21.7297099 lon=-48.1052092
  [4825/5593] Américo de Campos/SP… lat=-20.2984760 lon=-49.7359040
  [4826/5593] Amparo/SP… lat=-22.7011100 lon=-46.7644400
  [4827/5593] Analândia/SP… lat=-22.1289170 lon=-47.6619390
  [4828/5593] Andradina/SP… lat=-20.8965050 lon=-51.3742765
  [4829/5593] Angatuba/SP… lat=-23.4938938 lon=-48.4110675
  [4830/5593] Anhembi/SP… lat=-22.7891096 lon=-48.1316776
  [4831/5593] Anhumas/SP… lat=-22.2956478 lon=-51.3873401
  [4832/5593] Aparecida/SP… lat=-22.8515520 lon=-45.2340924
  [4833/5593] Aparecida D'oeste/SP… lat=-20.4498109 lon=-50.8808706
  [4834/5593] Apiaí/SP… lat=-24.5076527 lon=-48.8461582
  [4835/5593] Araçariguama/SP… lat=-23.4388277 lon=-47.0613084
  [4836/5593] Araçatuba/SP… lat=-21.2079920 lon=-50.4390225
  [4837/5593] Araçoiaba da Serra/SP… lat=-23.5045367 lon=-47.6168158
  [4838/5593] Aramina/SP… lat=-20.0876144 lon=-47.7892010
  [4839/5593] Arandu/SP… lat=-23.1345103 lon=-49.0545651
  [4840/5593] Arapeí/SP… lat=-22.6738889 lon=-44.4477778
  [4841/5593] Araraquara/SP… lat=-21.7886713 lon=-48.1773096
  [4842/5593] Araras/SP… lat=-22.3569192 lon=-47.3838766
  [4843/5593] Arco-Íris/SP… lat=-21.7741308 lon=-50.4668814
  [4844/5593] Arealva/SP… lat=-22.0301906 lon=-48.9111936
  [4845/5593] Areias/SP… lat=-22.5800929 lon=-44.6975127
  [4846/5593] Areiópolis/SP… lat=-22.6758064 lon=-48.6673653
  [4847/5593] Ariranha/SP… lat=-21.1871600 lon=-48.7904180
  [4848/5593] Artur Nogueira/SP… lat=-22.5727370 lon=-47.1726790
  [4849/5593] Arujá/SP… lat=-23.3962660 lon=-46.3175449
  [4850/5593] Aspásia/SP… lat=-20.1596604 lon=-50.7279226
  [4851/5593] Assis/SP… lat=-22.6620892 lon=-50.4206230
  [4852/5593] Atibaia/SP… lat=-23.1177393 lon=-46.5547861
  [4853/5593] Auriflama/SP… lat=-20.6840418 lon=-50.5554616
  [4854/5593] Avaí/SP… lat=-22.1564662 lon=-49.3316395
  [4855/5593] Avanhandava/SP… lat=-21.4603331 lon=-49.9465156
  [4856/5593] Avaré/SP… lat=-23.1045215 lon=-48.9259103
  [4857/5593] Bady Bassitt/SP… lat=-20.9178969 lon=-49.4517911
  [4858/5593] Balbinos/SP… lat=-21.9006253 lon=-49.3583966
  [4859/5593] Bálsamo/SP… lat=-20.7343722 lon=-49.5807484
  [4860/5593] Bananal/SP… lat=-22.6820178 lon=-44.3221805
  [4861/5593] Barão de Antonina/SP… lat=-23.6295651 lon=-49.5632104
  [4862/5593] Barbosa/SP… lat=-21.2656610 lon=-49.9518160
  [4863/5593] Bariri/SP… lat=-22.0746355 lon=-48.7394852
  [4864/5593] Barra Bonita/SP… lat=-22.4908590 lon=-48.5583490
  [4865/5593] Barra do Chapéu/SP… lat=-24.4722030 lon=-49.0237840
  [4866/5593] Barra do Turvo/SP… lat=-24.7564210 lon=-48.5056942
  [4867/5593] Barretos/SP… lat=-20.5531437 lon=-48.5697509
  [4868/5593] Barrinha/SP… lat=-21.1898849 lon=-48.1550642
  [4869/5593] Barueri/SP… lat=-23.5112184 lon=-46.8764612
  [4870/5593] Bastos/SP… lat=-21.9222474 lon=-50.7317727
  [4871/5593] Batatais/SP… lat=-20.8928670 lon=-47.5921490
  [4872/5593] Bauru/SP… lat=-22.3173803 lon=-49.0689778
  [4873/5593] Bebedouro/SP… lat=-20.9490770 lon=-48.4790830
  [4874/5593] Bento de Abreu/SP… lat=-21.2715723 lon=-50.8117225
  [4875/5593] Bernardino de Campos/SP… lat=-23.0140216 lon=-49.4760724
  [4876/5593] Bertioga/SP… lat=-23.8485680 lon=-46.1395860
  [4877/5593] Bilac/SP… lat=-21.4039620 lon=-50.4746400
  [4878/5593] Birigui/SP… lat=-21.2908491 lon=-50.3414400
  [4879/5593] Biritiba-Mirim/SP… lat=-23.5697765 lon=-46.0407456
  [4880/5593] Boa Esperança do Sul/SP… lat=-21.9930206 lon=-48.3917372
  [4881/5593] Bocaina/SP… lat=-22.1421831 lon=-48.5222760
  [4882/5593] Bofete/SP… lat=-23.1019554 lon=-48.2610535
  [4883/5593] Boituva/SP… lat=-23.2838893 lon=-47.6738231
  [4884/5593] Bom Jesus dos Perdões/SP… lat=-23.1353864 lon=-46.4648052
  [4885/5593] Bom Sucesso de Itararé/SP… lat=-24.3190016 lon=-49.1446207
  [4886/5593] Borá/SP… lat=-22.2703347 lon=-50.5442675
  [4887/5593] Boracéia/SP… lat=-22.1953550 lon=-48.7801925
  [4888/5593] Borborema/SP… lat=-21.6212706 lon=-49.0741350
  [4889/5593] Borebi/SP… lat=-22.5700178 lon=-48.9714871
  [4890/5593] Botucatu/SP… lat=-22.8879628 lon=-48.4410712
  [4891/5593] Bragança Paulista/SP… lat=-22.9520235 lon=-46.5418586
  [4892/5593] Braúna/SP… lat=-21.5015319 lon=-50.3175246
  [4893/5593] Brejo Alegre/SP… lat=-21.1671191 lon=-50.1850393
  [4894/5593] Brodowski/SP… lat=-20.9862299 lon=-47.6578768
  [4895/5593] Brotas/SP… lat=-22.2840884 lon=-48.1267265
  [4896/5593] Buri/SP… lat=-23.7984900 lon=-48.5989240
  [4897/5593] Buritama/SP… lat=-21.0664017 lon=-50.1448077
  [4898/5593] Buritizal/SP… lat=-20.1933264 lon=-47.7097165
  [4899/5593] Cabrália Paulista/SP… lat=-22.4562909 lon=-49.3385645
  [4900/5593] Cabreúva/SP… lat=-23.3076663 lon=-47.1324726
  [4901/5593] Caçapava/SP… lat=-23.0992040 lon=-45.7076450
  [4902/5593] Cachoeira Paulista/SP… lat=-22.6605578 lon=-45.0081689
  [4903/5593] Caconde/SP… lat=-21.5281123 lon=-46.6434015
  [4904/5593] Cafelândia/SP… lat=-21.8054355 lon=-49.6030627
  [4905/5593] Caiabu/SP… lat=-22.0143038 lon=-51.2356597
  [4906/5593] Caieiras/SP… lat=-23.3644621 lon=-46.7484765
  [4907/5593] Caiuá/SP… lat=-21.8319357 lon=-51.9887179
  [4908/5593] Cajamar/SP… lat=-23.3561111 lon=-46.8769444
  [4909/5593] Cajati/SP… lat=-24.7272376 lon=-48.1077914
  [4910/5593] Cajobi/SP… lat=-20.8776238 lon=-48.8106972
  [4911/5593] Cajuru/SP… lat=-21.2759978 lon=-47.3046035
  [4912/5593] Campina do Monte Alegre/SP… lat=-23.5935653 lon=-48.4801876
  [4913/5593] Campinas/SP… lat=-22.9056391 lon=-47.0595640
  [4914/5593] Campo Limpo Paulista/SP… lat=-23.2077910 lon=-46.7889190
  [4915/5593] Campos do Jordão/SP… lat=-22.7382990 lon=-45.5903769
  [4916/5593] Campos Novos Paulista/SP… lat=-22.6019520 lon=-49.9987260
  [4917/5593] Cananéia/SP… lat=-25.0104609 lon=-47.9315628
  [4918/5593] Canas/SP… lat=-22.7029347 lon=-45.0526508
  [4919/5593] Cândido Mota/SP… lat=-22.7434964 lon=-50.3892400
  [4920/5593] Cândido Rodrigues/SP… lat=-21.3255615 lon=-48.6308798
  [4921/5593] Canitar/SP… lat=-23.0066616 lon=-49.7840632
  [4922/5593] Capão Bonito/SP… lat=-24.0048759 lon=-48.3489848
  [4923/5593] Capela do Alto/SP… lat=-23.4704798 lon=-47.7352309
  [4924/5593] Capivari/SP… lat=-22.9999295 lon=-47.5031066
  [4925/5593] Caraguatatuba/SP… lat=-23.6202800 lon=-45.4130600
  [4926/5593] Carapicuíba/SP… lat=-23.5234673 lon=-46.8406808
  [4927/5593] Cardoso/SP… lat=-20.0804470 lon=-49.9139767
  [4928/5593] Casa Branca/SP… lat=-21.7743137 lon=-47.0852175
  [4929/5593] Cássia dos Coqueiros/SP… lat=-21.2800820 lon=-47.1643270
  [4930/5593] Castilho/SP… lat=-20.8695636 lon=-51.4877792
  [4931/5593] Catanduva/SP… lat=-21.1331035 lon=-48.9712817
  [4932/5593] Catiguá/SP… lat=-21.0491485 lon=-49.0578923
  [4933/5593] Cedral/SP… lat=-20.9028433 lon=-49.2699665
  [4934/5593] Cerqueira César/SP… lat=-23.0353135 lon=-49.1650519
  [4935/5593] Cerquilho/SP… lat=-23.1626556 lon=-47.7433878
  [4936/5593] Cesário Lange/SP… lat=-23.2260350 lon=-47.9544530
  [4937/5593] Charqueada/SP… lat=-22.5095800 lon=-47.7754680
  [4938/5593] Chavantes/SP… lat=-23.0406405 lon=-49.7071698
  [4939/5593] Clementina/SP… lat=-21.5594631 lon=-50.4486240
  [4940/5593] Colina/SP… lat=-20.7114430 lon=-48.5386700
  [4941/5593] Colômbia/SP… lat=-20.1774291 lon=-48.6872822
  [4942/5593] Conchal/SP… lat=-22.3375120 lon=-47.1729270
  [4943/5593] Conchas/SP… lat=-23.0133538 lon=-48.0077595
  [4944/5593] Cordeirópolis/SP… lat=-22.4768324 lon=-47.4550551
  [4945/5593] Coroados/SP… lat=-21.3554634 lon=-50.2853589
  [4946/5593] Coronel Macedo/SP… lat=-23.6304001 lon=-49.3132340
  [4947/5593] Corumbataí/SP… lat=-22.2210521 lon=-47.6249638
  [4948/5593] Cosmópolis/SP… lat=-22.6437398 lon=-47.1972086
  [4949/5593] Cosmorama/SP… lat=-20.4801328 lon=-49.7782265
  [4950/5593] Cotia/SP… lat=-23.6038890 lon=-46.9188890
  [4951/5593] Cravinhos/SP… lat=-21.3402780 lon=-47.7294440
  [4952/5593] Cristais Paulista/SP… lat=-20.4035690 lon=-47.4209150
  [4953/5593] Cruzália/SP… lat=-22.7434438 lon=-50.7911037
  [4954/5593] Cruzeiro/SP… lat=-22.5783685 lon=-44.9642044
  [4955/5593] Cubatão/SP… lat=-23.8842077 lon=-46.4213061
  [4956/5593] Cunha/SP… lat=-23.0775300 lon=-44.9567436
  [4957/5593] descalvado/SP… lat=-21.8797111 lon=-47.6507427
  [4958/5593] Diadema/SP… lat=-23.6866428 lon=-46.6246935
  [4959/5593] Dirce Reis/SP… lat=-20.4664067 lon=-50.6062760
  [4960/5593] Divinolândia/SP… lat=-21.6604584 lon=-46.7371151
  [4961/5593] dobrada/SP… lat=-21.5180904 lon=-48.3938897
  [4962/5593] dois Córregos/SP… lat=-22.3697554 lon=-48.3845315
  [4963/5593] dolcinópolis/SP… lat=-20.1230736 lon=-50.5132610
  [4964/5593] dourado/SP… lat=-22.1162870 lon=-48.3174349
  [4965/5593] Dracena/SP… lat=-21.4835523 lon=-51.5334408
  [4966/5593] Duartina/SP… lat=-22.4145620 lon=-49.4083550
  [4967/5593] Dumont/SP… lat=-21.2391417 lon=-47.9747665
  [4968/5593] Echaporã/SP… lat=-22.4325855 lon=-50.2037693
  [4969/5593] Eldorado/SP… lat=-24.5225830 lon=-48.1093489
  [4970/5593] Elias Fausto/SP… lat=-23.0416538 lon=-47.3718002
  [4971/5593] Elisiário/SP… lat=-21.1673392 lon=-49.1111015
  [4972/5593] Embaúba/SP… lat=-20.9819513 lon=-48.8374550
  [4973/5593] Embu-Guaçu/SP… lat=-23.8317997 lon=-46.8156204
  [4974/5593] Embu das Artes/SP… lat=-23.6495294 lon=-46.8528497
  [4975/5593] Emilianópolis/SP… lat=-21.8314360 lon=-51.4831680
  [4976/5593] Engenheiro Coelho/SP… lat=-22.4896659 lon=-47.2119005
  [4977/5593] Espírito Santo do Pinhal/SP… lat=-22.1929522 lon=-46.7470021
  [4978/5593] Espírito Santo do Turvo/SP… lat=-22.6939723 lon=-49.4295067
  [4979/5593] Estiva Gerbi/SP… lat=-22.2742719 lon=-46.9523302
  [4980/5593] Estrela D'oeste/SP… lat=-20.2860692 lon=-50.3986216
  [4981/5593] Estrela do Norte/SP… lat=-22.4886301 lon=-51.6606857
  [4982/5593] Euclides da Cunha Paulista/SP… lat=-22.5545200 lon=-52.5927790
  [4983/5593] Fartura/SP… lat=-23.3900390 lon=-49.5109023
  [4984/5593] Fernando Prestes/SP… lat=-21.2660610 lon=-48.6873840
  [4985/5593] Fernandópolis/SP… lat=-20.2825647 lon=-50.2500762
  [4986/5593] Fernão/SP… lat=-22.3595388 lon=-49.5209504
  [4987/5593] Ferraz de Vasconcelos/SP… lat=-23.5410560 lon=-46.3709700
  [4988/5593] Flora Rica/SP… lat=-21.6760063 lon=-51.3804532
  [4989/5593] Floreal/SP… lat=-20.6767063 lon=-50.1455638
  [4990/5593] Flórida Paulista/SP… lat=-21.6140610 lon=-51.1729548
  [4991/5593] Florínia/SP… lat=-22.9016004 lon=-50.7268005
  [4992/5593] Franca/SP… lat=-20.5381768 lon=-47.4009795
  [4993/5593] Francisco Morato/SP… lat=-23.2817308 lon=-46.7448996
  [4994/5593] Franco da Rocha/SP… lat=-23.3328038 lon=-46.7244460
  [4995/5593] Gabriel Monteiro/SP… lat=-21.5299436 lon=-50.5533059
  [4996/5593] Gália/SP… lat=-22.2936976 lon=-49.5516228
  [4997/5593] Garça/SP… lat=-22.2125766 lon=-49.6547994
  [4998/5593] Gastão Vidigal/SP… lat=-20.7956829 lon=-50.1907615
  [4999/5593] Gavião Peixoto/SP… lat=-21.8377536 lon=-48.4928530
  [5000/5593] General Salgado/SP… lat=-20.6488139 lon=-50.3608101
  [5001/5593] Getulina/SP… lat=-21.7988557 lon=-49.9288096
  [5002/5593] Glicério/SP… lat=-21.3814805 lon=-50.2100452
  [5003/5593] Guaiçara/SP… lat=-21.6213012 lon=-49.7962941
  [5004/5593] Guaimbê/SP… lat=-21.9090720 lon=-49.8986100
  [5005/5593] Guaíra/SP… lat=-20.3245873 lon=-48.3148818
  [5006/5593] Guapiaçu/SP… lat=-20.7966300 lon=-49.2253917
  [5007/5593] Guapiara/SP… lat=-24.1892100 lon=-48.5295490
  [5008/5593] Guará/SP… lat=-20.4290496 lon=-47.8250067
  [5009/5593] Guaraçaí/SP… lat=-21.0322387 lon=-51.2100464
  [5010/5593] Guaraci/SP… lat=-20.4976771 lon=-48.9452074
  [5011/5593] Guarani D'oeste/SP… lat=-20.0749605 lon=-50.3398517
  [5012/5593] Guarantã/SP… lat=-21.8950705 lon=-49.5901070
  [5013/5593] Guararapes/SP… lat=-21.2542739 lon=-50.6440083
  [5014/5593] Guararema/SP… lat=-23.4136776 lon=-46.0383744
  [5015/5593] Guaratinguetá/SP… lat=-22.8057839 lon=-45.1908926
  [5016/5593] Guareí/SP… lat=-23.3718195 lon=-48.1846850
  [5017/5593] Guariba/SP… lat=-21.3593800 lon=-48.2315800
  [5018/5593] Guarujá/SP… lat=-23.9927768 lon=-46.2558332
  [5019/5593] Guarulhos/SP… lat=-23.4675941 lon=-46.5277704
  [5020/5593] Guatapará/SP… lat=-21.4960920 lon=-48.0360685
  [5021/5593] Guzolândia/SP… lat=-20.6491637 lon=-50.6622974
  [5022/5593] Herculândia/SP… lat=-22.0045080 lon=-50.3862746
  [5023/5593] Holambra/SP… lat=-22.6332028 lon=-47.0545305
  [5024/5593] Hortolândia/SP… lat=-22.8620175 lon=-47.2164219
  [5025/5593] Iacanga/SP… lat=-21.8928341 lon=-49.0226082
  [5026/5593] Iacri/SP… lat=-21.8583385 lon=-50.6892931
  [5027/5593] Iaras/SP… lat=-22.8742567 lon=-49.1593923
  [5028/5593] Ibaté/SP… lat=-21.9562015 lon=-48.0007848
  [5029/5593] Ibirá/SP… lat=-21.0815104 lon=-49.2424619
  [5030/5593] Ibirarema/SP… lat=-22.8131812 lon=-50.0720477
  [5031/5593] Ibitinga/SP… lat=-21.7562300 lon=-48.8319030
  [5032/5593] Ibiúna/SP… lat=-23.6544825 lon=-47.2208560
  [5033/5593] Icém/SP… lat=-20.3413103 lon=-49.1970982
  [5034/5593] Iepê/SP… lat=-22.6601650 lon=-51.0778810
  [5035/5593] Igaraçu do Tietê/SP… lat=-22.5118084 lon=-48.5578207
  [5036/5593] Igarapava/SP… lat=-20.0411748 lon=-47.7476682
  [5037/5593] Igaratá/SP… lat=-23.2063475 lon=-46.1569340
  [5038/5593] Iguape/SP… lat=-24.7042692 lon=-47.5563733
  [5039/5593] Ilha Comprida/SP… lat=-24.7445292 lon=-47.5525529
  [5040/5593] Ilha Solteira/SP… lat=-20.4281001 lon=-51.3410871
  [5041/5593] Ilhabela/SP… lat=-23.8166280 lon=-45.3686850
  [5042/5593] Indaiatuba/SP… lat=-23.0908356 lon=-47.2180677
  [5043/5593] Indiana/SP… lat=-22.1748508 lon=-51.2534615
  [5044/5593] Indiaporã/SP… lat=-19.9802644 lon=-50.2906035
  [5045/5593] Inúbia Paulista/SP… lat=-21.7701831 lon=-50.9616718
  [5046/5593] Ipaussu/SP… lat=-23.0544285 lon=-49.6264306
  [5047/5593] Iperó/SP… lat=-23.3508977 lon=-47.6876110
  [5048/5593] Ipeúna/SP… lat=-22.4356582 lon=-47.7146714
  [5049/5593] Ipiguá/SP… lat=-20.6572820 lon=-49.3881146
  [5050/5593] Iporanga/SP… lat=-24.5843214 lon=-48.5940280
  [5051/5593] Ipuã/SP… lat=-20.4441839 lon=-48.0125040
  [5052/5593] Iracemápolis/SP… lat=-22.5869091 lon=-47.5160966
  [5053/5593] Irapuã/SP… lat=-21.2791964 lon=-49.4101967
  [5054/5593] Irapuru/SP… lat=-21.5691828 lon=-51.3494606
  [5055/5593] Itaberá/SP… lat=-23.8621345 lon=-49.1398926
  [5056/5593] Itaí/SP… lat=-23.4172598 lon=-49.0935788
  [5057/5593] Itajobi/SP… lat=-21.3122940 lon=-49.0596336
  [5058/5593] Itaju/SP… lat=-21.9816841 lon=-48.8046536
  [5059/5593] Itanhaém/SP… lat=-24.1833421 lon=-46.7896229
  [5060/5593] Itaóca/SP… lat=-24.6409691 lon=-48.8410159
  [5061/5593] Itapecerica da Serra/SP… lat=-23.7176303 lon=-46.8492435
  [5062/5593] Itapetininga/SP… lat=-23.5886070 lon=-48.0483260
  [5063/5593] Itapeva/SP… lat=-23.9849105 lon=-48.8803886
  [5064/5593] Itapevi/SP… lat=-23.5488800 lon=-46.9338890
  [5065/5593] Itapira/SP… lat=-22.4361110 lon=-46.8216670
  [5066/5593] Itapirapuã Paulista/SP… lat=-24.5735083 lon=-49.1703846
  [5067/5593] Itápolis/SP… lat=-21.5958368 lon=-48.8122696
  [5068/5593] Itaporanga/SP… lat=-23.7066252 lon=-49.4895934
  [5069/5593] Itapuí/SP… lat=-22.2346755 lon=-48.7189744
  [5070/5593] Itapura/SP… lat=-20.6435211 lon=-51.5084479
  [5071/5593] Itaquaquecetuba/SP… lat=-23.4754492 lon=-46.3514033
  [5072/5593] Itararé/SP… lat=-24.1145368 lon=-49.3352464
  [5073/5593] Itariri/SP… lat=-24.2900711 lon=-47.1761510
  [5074/5593] Itatiba/SP… lat=-23.0055542 lon=-46.8397726
  [5075/5593] Itatinga/SP… lat=-23.1042417 lon=-48.6134874
  [5076/5593] Itirapina/SP… lat=-22.2536514 lon=-47.8212546
  [5077/5593] Itirapuã/SP… lat=-20.6406814 lon=-47.2193817
  [5078/5593] Itobi/SP… lat=-21.7308530 lon=-46.9743000
  [5079/5593] Itu/SP… lat=-23.2637798 lon=-47.2998462
  [5080/5593] Itupeva/SP… lat=-23.1531055 lon=-47.0580347
  [5081/5593] Ituverava/SP… lat=-20.3366604 lon=-47.7797924
  [5082/5593] Jaborandi/SP… lat=-20.6921079 lon=-48.4144076
  [5083/5593] Jaboticabal/SP… lat=-21.2520370 lon=-48.3252230
  [5084/5593] Jacareí/SP… lat=-23.3050682 lon=-45.9723075
  [5085/5593] Jaci/SP… lat=-20.8844434 lon=-49.5710544
  [5086/5593] Jacupiranga/SP… lat=-24.6945594 lon=-48.0024027
  [5087/5593] Jaguariúna/SP… lat=-22.7037400 lon=-46.9850620
  [5088/5593] Jales/SP… lat=-20.2671767 lon=-50.5492435
  [5089/5593] Jambeiro/SP… lat=-23.2556416 lon=-45.6919926
  [5090/5593] Jandira/SP… lat=-23.5282246 lon=-46.9020030
  [5091/5593] Jardinópolis/SP… lat=-21.0255126 lon=-47.7706807
  [5092/5593] Jarinu/SP… lat=-23.0949649 lon=-46.7148565
  [5093/5593] Jaú/SP… lat=-22.2933031 lon=-48.5593432
  [5094/5593] Jeriquara/SP… lat=-20.3104773 lon=-47.5915669
  [5095/5593] Joanópolis/SP… lat=-22.9300040 lon=-46.2752080
  [5096/5593] João Ramalho/SP… lat=-22.2486157 lon=-50.7677114
  [5097/5593] José Bonifácio/SP… lat=-21.0550620 lon=-49.6892330
  [5098/5593] Júlio Mesquita/SP… lat=-22.0099839 lon=-49.7889446
  [5099/5593] Jumirim/SP… lat=-23.0843839 lon=-47.7882279
  [5100/5593] Jundiaí/SP… lat=-23.1887668 lon=-46.8845060
  [5101/5593] Junqueirópolis/SP… lat=-21.5109531 lon=-51.4351505
  [5102/5593] Juquiá/SP… lat=-24.3172209 lon=-47.6355618
  [5103/5593] Juquitiba/SP… lat=-23.9323460 lon=-47.0714217
  [5104/5593] Lagoinha/SP… lat=-23.0898337 lon=-45.1903825
  [5105/5593] Laranjal Paulista/SP… lat=-23.0514764 lon=-47.8370125
  [5106/5593] Lavínia/SP… lat=-21.1665477 lon=-51.0410539
  [5107/5593] Lavrinhas/SP… lat=-22.5678335 lon=-44.9059700
  [5108/5593] Leme/SP… lat=-22.1844807 lon=-47.3852950
  [5109/5593] Lençóis Paulista/SP… lat=-22.6029897 lon=-48.8031367
  [5110/5593] Limeira/SP… lat=-22.5615068 lon=-47.4017660
  [5111/5593] Lindóia/SP… lat=-22.5229637 lon=-46.6502119
  [5112/5593] Lins/SP… lat=-21.6741873 lon=-49.7518932
  [5113/5593] Lorena/SP… lat=-22.7367652 lon=-45.1070876
  [5114/5593] Lourdes/SP… lat=-20.9672545 lon=-50.2249660
  [5115/5593] Louveira/SP… lat=-23.0863900 lon=-46.9505600
  [5116/5593] Lucélia/SP… lat=-21.7211293 lon=-51.0188000
  [5117/5593] Lucianópolis/SP… lat=-22.4310459 lon=-49.5219241
  [5118/5593] Luís Antônio/SP… lat=-21.5524630 lon=-47.7033894
  [5119/5593] Luiziânia/SP… lat=-21.6763356 lon=-50.3269863
  [5120/5593] Lupércio/SP… lat=-22.4145801 lon=-49.8183516
  [5121/5593] Lutécia/SP… lat=-22.3383780 lon=-50.3940070
  [5122/5593] Macatuba/SP… lat=-22.5002200 lon=-48.7102290
  [5123/5593] Macaubal/SP… lat=-20.8071616 lon=-49.9648439
  [5124/5593] Macedônia/SP… lat=-20.1454034 lon=-50.1939110
  [5125/5593] Magda/SP… lat=-20.6444651 lon=-50.2260983
  [5126/5593] Mairinque/SP… lat=-23.5401247 lon=-47.1846323
  [5127/5593] Mairiporã/SP… lat=-23.3190348 lon=-46.5876377
  [5128/5593] Manduri/SP… lat=-23.0059018 lon=-49.3171910
  [5129/5593] Marabá Paulista/SP… lat=-22.1069936 lon=-51.9629504
  [5130/5593] Maracaí/SP… lat=-22.6112679 lon=-50.6670685
  [5131/5593] Marapoama/SP… lat=-21.2574769 lon=-49.1314719
  [5132/5593] Mariápolis/SP… lat=-21.7966708 lon=-51.1831475
  [5133/5593] Marília/SP… lat=-22.2172002 lon=-49.9500061
  [5134/5593] Marinópolis/SP… lat=-20.4408333 lon=-50.8227778
  [5135/5593] Martinópolis/SP… lat=-22.1461530 lon=-51.1709490
  [5136/5593] Matão/SP… lat=-21.6033611 lon=-48.3660603
  [5137/5593] Mauá/SP… lat=-23.6669527 lon=-46.4616922
  [5138/5593] Mendonça/SP… lat=-21.1838813 lon=-49.5790590
  [5139/5593] Meridiano/SP… lat=-20.3547223 lon=-50.1725740
  [5140/5593] Mesópolis/SP… lat=-19.9662274 lon=-50.6190438
  [5141/5593] Miguelópolis/SP… lat=-20.1796120 lon=-48.0309970
  [5142/5593] Mineiros do Tietê/SP… lat=-22.4133188 lon=-48.4505540
  [5143/5593] Mira Estrela/SP… lat=-19.9806298 lon=-50.1368730
  [5144/5593] Miracatu/SP… lat=-24.2839078 lon=-47.4535128
  [5145/5593] Mirandópolis/SP… lat=-21.1328313 lon=-51.1029422
  [5146/5593] Mirante do Paranapanema/SP… lat=-22.2925861 lon=-51.9071430
  [5147/5593] Mirassol/SP… lat=-20.8141411 lon=-49.5074490
  [5148/5593] Mirassolândia/SP… lat=-20.6147204 lon=-49.4628170
  [5149/5593] Mococa/SP… lat=-21.4647310 lon=-47.0024050
  [5150/5593] Mogi das Cruzes/SP… lat=-23.5234284 lon=-46.1926671
  [5151/5593] Mogi Guaçu/SP… lat=-22.3722220 lon=-46.9425000
  [5152/5593] Mogi Mirim/SP… lat=-22.4331230 lon=-46.9582460
  [5153/5593] Mombuca/SP… lat=-22.9293093 lon=-47.5650724
  [5154/5593] Monções/SP… lat=-20.8509490 lon=-50.0975370
  [5155/5593] Mongaguá/SP… lat=-24.0959454 lon=-46.6234361
  [5156/5593] Monte Alegre do Sul/SP… lat=-22.6818610 lon=-46.6798783
  [5157/5593] Monte Alto/SP… lat=-21.2655450 lon=-48.4970660
  [5158/5593] Monte Aprazível/SP… lat=-20.7625702 lon=-49.7088402
  [5159/5593] Monte Azul Paulista/SP… lat=-20.9064900 lon=-48.6387170
  [5160/5593] Monte Castelo/SP… lat=-21.3006353 lon=-51.5686963
  [5161/5593] Monte Mor/SP… lat=-22.9450430 lon=-47.3121820
  [5162/5593] Monteiro Lobato/SP… lat=-22.9553542 lon=-45.8387146
  [5163/5593] Morro Agudo/SP… lat=-20.7276692 lon=-48.0527950
  [5164/5593] Morungaba/SP… lat=-22.8800000 lon=-46.7916700
  [5165/5593] Motuca/SP… lat=-21.5095864 lon=-48.1503832
  [5166/5593] Murutinga do Sul/SP… lat=-20.9913722 lon=-51.2782237
  [5167/5593] Nantes/SP… lat=-22.6191472 lon=-51.2382255
  [5168/5593] Narandiba/SP… lat=-22.4080573 lon=-51.5251755
  [5169/5593] Natividade da Serra/SP… lat=-23.3783786 lon=-45.4438173
  [5170/5593] Nazaré Paulista/SP… lat=-23.1819309 lon=-46.3992986
  [5171/5593] Neves Paulista/SP… lat=-20.8429920 lon=-49.6357670
  [5172/5593] Nhandeara/SP… lat=-20.6943324 lon=-50.0406028
  [5173/5593] Nipoã/SP… lat=-20.9126469 lon=-49.7791476
  [5174/5593] Nova Aliança/SP… lat=-21.0163728 lon=-49.4981128
  [5175/5593] Nova Campina/SP… lat=-24.1225305 lon=-48.9054041
  [5176/5593] Nova Canaã Paulista/SP… lat=-20.3872473 lon=-50.9481571
  [5177/5593] Nova Castilho/SP… lat=-20.7638386 lon=-50.3427479
  [5178/5593] Nova Europa/SP… lat=-21.7808203 lon=-48.5661712
  [5179/5593] Nova Granada/SP… lat=-20.5345426 lon=-49.3186951
  [5180/5593] Nova Guataporanga/SP… lat=-21.3330061 lon=-51.6465874
  [5181/5593] Nova Independência/SP… lat=-21.1066536 lon=-51.4910804
  [5182/5593] Nova Luzitânia/SP… lat=-20.8558333 lon=-50.2619444
  [5183/5593] Nova Odessa/SP… lat=-22.7805746 lon=-47.2993805
  [5184/5593] Novais/SP… lat=-20.9941576 lon=-48.9188283
  [5185/5593] Novo Horizonte/SP… lat=-21.4674564 lon=-49.2235377
  [5186/5593] Nuporanga/SP… lat=-20.7308770 lon=-47.7522561
  [5187/5593] Ocauçu/SP… lat=-22.4396255 lon=-49.9226712
  [5188/5593] Óleo/SP… lat=-22.9422754 lon=-49.3408082
  [5189/5593] Olímpia/SP… lat=-20.7366340 lon=-48.9106250
  [5190/5593] Onda Verde/SP… lat=-20.6071428 lon=-49.2950997
  [5191/5593] Oriente/SP… lat=-22.1525442 lon=-50.0935645
  [5192/5593] Orindiúva/SP… lat=-20.1819444 lon=-49.3508333
  [5193/5593] Orlândia/SP… lat=-20.7202780 lon=-47.8866670
  [5194/5593] Osasco/SP… lat=-23.5324859 lon=-46.7916801
  [5195/5593] Oscar Bressane/SP… lat=-22.3148740 lon=-50.2811180
  [5196/5593] Osvaldo Cruz/SP… lat=-21.7962773 lon=-50.8791190
  [5197/5593] Ourinhos/SP… lat=-22.9777918 lon=-49.8682040
  [5198/5593] Ouro Verde/SP… lat=-21.4892638 lon=-51.7025981
  [5199/5593] Ouroeste/SP… lat=-20.0013584 lon=-50.3736414
  [5200/5593] Pacaembu/SP… lat=-21.5662430 lon=-51.2633114
  [5201/5593] Palestina/SP… lat=-20.3893440 lon=-49.4320384
  [5202/5593] Palmares Paulista/SP… lat=-21.0853690 lon=-48.8036560
  [5203/5593] Palmeira D'oeste/SP… lat=-20.4168187 lon=-50.7621590
  [5204/5593] Palmital/SP… lat=-22.7863840 lon=-50.2198965
  [5205/5593] Panorama/SP… lat=-21.3611651 lon=-51.8574008
  [5206/5593] Paraguaçu Paulista/SP… lat=-22.4203497 lon=-50.5792099
  [5207/5593] Paraibuna/SP… lat=-23.3864203 lon=-45.6626797
  [5208/5593] Paraíso/SP… lat=-21.0159110 lon=-48.7761050
  [5209/5593] Paranapanema/SP… lat=-23.3901610 lon=-48.7208680
  [5210/5593] Paranapuã/SP… lat=-20.1033995 lon=-50.5858761
  [5211/5593] Parapuã/SP… lat=-21.7813090 lon=-50.7922396
  [5212/5593] Pardinho/SP… lat=-23.0810065 lon=-48.3781499
  [5213/5593] Pariquera-Açu/SP… lat=-24.7146891 lon=-47.8802361
  [5214/5593] Parisi/SP… lat=-20.3039424 lon=-50.0135808
  [5215/5593] Patrocínio Paulista/SP… lat=-20.6383609 lon=-47.2801241
  [5216/5593] Paulicéia/SP… lat=-21.3143975 lon=-51.8316259
  [5217/5593] Paulínia/SP… lat=-22.7630391 lon=-47.1532213
  [5218/5593] Paulistânia/SP… lat=-22.5730321 lon=-49.3985251
  [5219/5593] Paulo de Faria/SP… lat=-20.0295930 lon=-49.3998592
  [5220/5593] Pederneiras/SP… lat=-22.3510860 lon=-48.7781130
  [5221/5593] Pedra Bela/SP… lat=-22.7950193 lon=-46.4431811
  [5222/5593] Pedranópolis/SP… lat=-20.2491770 lon=-50.1102463
  [5223/5593] Pedregulho/SP… lat=-20.2507100 lon=-47.4808786
  [5224/5593] Pedreira/SP… lat=-22.7413470 lon=-46.8948460
  [5225/5593] Pedrinhas Paulista/SP… lat=-22.8157250 lon=-50.7923590
  [5226/5593] Pedro de Toledo/SP… lat=-24.2769071 lon=-47.2339300
  [5227/5593] Penápolis/SP… lat=-21.4192406 lon=-50.0765588
  [5228/5593] Pereira Barreto/SP… lat=-20.6378509 lon=-51.1052172
  [5229/5593] Pereiras/SP… lat=-23.0743096 lon=-47.9746014
  [5230/5593] Peruíbe/SP… lat=-24.3218105 lon=-46.9977452
  [5231/5593] Piacatu/SP… lat=-21.5901744 lon=-50.5972241
  [5232/5593] Piedade/SP… lat=-23.7074096 lon=-47.4252319
  [5233/5593] Pilar do Sul/SP… lat=-23.8121684 lon=-47.7201865
  [5234/5593] Pindamonhangaba/SP… lat=-22.9364000 lon=-45.4622602
  [5235/5593] Pindorama/SP… lat=-21.1853000 lon=-48.9086100
  [5236/5593] Pinhalzinho/SP… lat=-22.7824349 lon=-46.5901718
  [5237/5593] Piquerobi/SP… lat=-21.8856652 lon=-51.7296404
  [5238/5593] Piquete/SP… lat=-22.6138451 lon=-45.1777096
  [5239/5593] Piracaia/SP… lat=-23.0525450 lon=-46.3593740
  [5240/5593] Piracicaba/SP… lat=-22.7251650 lon=-47.6493269
  [5241/5593] Piraju/SP… lat=-23.1938491 lon=-49.3842588
  [5242/5593] Pirajuí/SP… lat=-21.9957877 lon=-49.4549675
  [5243/5593] Pirangi/SP… lat=-21.0969623 lon=-48.6652131
  [5244/5593] Pirapora do Bom Jesus/SP… lat=-23.3972146 lon=-47.0025661
  [5245/5593] Pirapozinho/SP… lat=-22.2738742 lon=-51.4998867
  [5246/5593] Pirassununga/SP… lat=-21.9980468 lon=-47.4280861
  [5247/5593] Piratininga/SP… lat=-22.4136363 lon=-49.1351479
  [5248/5593] Pitangueiras/SP… lat=-21.0132030 lon=-48.2209510
  [5249/5593] Planalto/SP… lat=-21.0336277 lon=-49.9284517
  [5250/5593] Platina/SP… lat=-22.6328334 lon=-50.2049642
  [5251/5593] Poá/SP… lat=-23.5249082 lon=-46.3445663
  [5252/5593] Poloni/SP… lat=-20.7836955 lon=-49.8149752
  [5253/5593] Pompéia/SP… lat=-22.1088293 lon=-50.1720753
  [5254/5593] Pongaí/SP… lat=-21.7379814 lon=-49.3584449
  [5255/5593] Pontal/SP… lat=-21.0239714 lon=-48.0393457
  [5256/5593] Pontalinda/SP… lat=-20.4407100 lon=-50.5235329
  [5257/5593] Pontes Gestal/SP… lat=-20.1833464 lon=-49.7031406
  [5258/5593] Populina/SP… lat=-19.9427771 lon=-50.5372875
  [5259/5593] Porangaba/SP… lat=-23.1761500 lon=-48.1194640
  [5260/5593] Porto Feliz/SP… lat=-23.2110713 lon=-47.5247163
  [5261/5593] Porto Ferreira/SP… lat=-21.8529134 lon=-47.4794943
  [5262/5593] Potim/SP… lat=-22.8377227 lon=-45.2565239
  [5263/5593] Potirendaba/SP… lat=-21.0457369 lon=-49.3767154
  [5264/5593] Pracinha/SP… lat=-21.8537103 lon=-51.0862052
  [5265/5593] Pradópolis/SP… lat=-21.3597815 lon=-48.0746603
  [5266/5593] Praia Grande/SP… lat=-24.0089790 lon=-46.4144939
  [5267/5593] Pratânia/SP… lat=-22.8090270 lon=-48.6656779
  [5268/5593] Presidente Alves/SP… lat=-22.0999100 lon=-49.4381330
  [5269/5593] Presidente Bernardes/SP… lat=-22.0064609 lon=-51.5542973
  [5270/5593] Presidente Epitácio/SP… lat=-21.7650740 lon=-52.1111400
  [5271/5593] Presidente Prudente/SP… lat=-22.1225167 lon=-51.3882528
  [5272/5593] Presidente Venceslau/SP… lat=-21.8771160 lon=-51.8451047
  [5273/5593] Promissão/SP… lat=-21.5404913 lon=-49.8574709
  [5274/5593] Quadra/SP… lat=-23.2993320 lon=-48.0546570
  [5275/5593] Quatá/SP… lat=-22.2470977 lon=-50.7003624
  [5276/5593] Queiroz/SP… lat=-21.7991405 lon=-50.2392786
  [5277/5593] Queluz/SP… lat=-22.5371881 lon=-44.7752585
  [5278/5593] Quintana/SP… lat=-22.0705513 lon=-50.3086520
  [5279/5593] Rafard/SP… lat=-23.0143559 lon=-47.5306721
  [5280/5593] Rancharia/SP… lat=-22.2294981 lon=-50.8922333
  [5281/5593] Redenção da Serra/SP… lat=-23.2803652 lon=-45.5345747
  [5282/5593] Regente Feijó/SP… lat=-22.2191056 lon=-51.3034558
  [5283/5593] Reginópolis/SP… lat=-21.8884118 lon=-49.2227300
  [5284/5593] Registro/SP… lat=-24.4979420 lon=-47.8448950
  [5285/5593] Restinga/SP… lat=-20.6032343 lon=-47.4830912
  [5286/5593] Ribeira/SP… lat=-24.6577435 lon=-49.0086372
  [5287/5593] Ribeirão Bonito/SP… lat=-22.0692867 lon=-48.1781765
  [5288/5593] Ribeirão Branco/SP… lat=-24.2211495 lon=-48.7678322
  [5289/5593] Ribeirão Corrente/SP… lat=-20.4578720 lon=-47.5903940
  [5290/5593] Ribeirão do Sul/SP… lat=-22.7861813 lon=-49.9285258
  [5291/5593] Ribeirão dos Índios/SP… lat=-21.8378246 lon=-51.6021580
  [5292/5593] Ribeirão Grande/SP… lat=-24.1011400 lon=-48.3679310
  [5293/5593] Ribeirão Pires/SP… lat=-23.7134177 lon=-46.4160929
  [5294/5593] Ribeirão Preto/SP… lat=-21.1776315 lon=-47.8100983
  [5295/5593] Rifaina/SP… lat=-20.0811589 lon=-47.4210736
  [5296/5593] Rincão/SP… lat=-21.5881095 lon=-48.0724258
  [5297/5593] Rinópolis/SP… lat=-21.7283080 lon=-50.7226134
  [5298/5593] Rio Claro/SP… lat=-22.4100108 lon=-47.5603933
  [5299/5593] Rio das Pedras/SP… lat=-22.8441256 lon=-47.6065667
  [5300/5593] Rio Grande da Serra/SP… lat=-23.7441905 lon=-46.3924746
  [5301/5593] Riolândia/SP… lat=-19.9809440 lon=-49.6814309
  [5302/5593] Riversul/SP… lat=-23.8303603 lon=-49.4340558
  [5303/5593] Rosana/SP… lat=-22.5785870 lon=-53.0547967
  [5304/5593] Roseira/SP… lat=-22.8980898 lon=-45.3093218
  [5305/5593] Rubiácea/SP… lat=-21.2996334 lon=-50.7298698
  [5306/5593] Rubinéia/SP… lat=-20.1718325 lon=-50.9995571
  [5307/5593] Sabino/SP… lat=-21.4598472 lon=-49.5776811
  [5308/5593] Sagres/SP… lat=-21.8840628 lon=-50.9574608
  [5309/5593] Sales/SP… lat=-21.3418263 lon=-49.4999228
  [5310/5593] Sales Oliveira/SP… lat=-20.7696120 lon=-47.8368730
  [5311/5593] Salesópolis/SP… lat=-23.5288050 lon=-45.8465300
  [5312/5593] Salmourão/SP… lat=-21.6250960 lon=-50.8605656
  [5313/5593] Saltinho/SP… lat=-22.8446614 lon=-47.6754890
  [5314/5593] Salto/SP… lat=-23.1989983 lon=-47.2913682
  [5315/5593] Salto de Pirapora/SP… lat=-23.6492502 lon=-47.5729465
  [5316/5593] Salto Grande/SP… lat=-22.8878776 lon=-49.9837107
  [5317/5593] Sandovalina/SP… lat=-22.4560782 lon=-51.7634004
  [5318/5593] Santa Adélia/SP… lat=-21.2432992 lon=-48.8061481
  [5319/5593] Santa Albertina/SP… lat=-20.0323485 lon=-50.7278392
  [5320/5593] Santa Bárbara D'oeste/SP… lat=-22.7542539 lon=-47.4137884
  [5321/5593] Santa Branca/SP… lat=-23.3974353 lon=-45.8842294
  [5322/5593] Santa Clara D'oeste/SP… lat=-20.0938889 lon=-50.9263889
  [5323/5593] Santa Cruz da Conceição/SP… lat=-22.1378975 lon=-47.4555647
  [5324/5593] Santa Cruz da Esperança/SP… lat=-21.2918648 lon=-47.4309885
  [5325/5593] Santa Cruz das Palmeiras/SP… lat=-21.8234750 lon=-47.2480230
  [5326/5593] Santa Cruz do Rio Pardo/SP… lat=-22.9060715 lon=-49.6277378
  [5327/5593] Santa Ernestina/SP… lat=-21.4634463 lon=-48.3912139
  [5328/5593] Santa Fé do Sul/SP… lat=-20.2106188 lon=-50.9270837
  [5329/5593] Santa Gertrudes/SP… lat=-22.4590897 lon=-47.5320340
  [5330/5593] Santa Isabel/SP… lat=-23.3194222 lon=-46.2271903
  [5331/5593] Santa Lúcia/SP… lat=-21.6861811 lon=-48.0836814
  [5332/5593] Santa Maria da Serra/SP… lat=-22.5691072 lon=-48.1570950
  [5333/5593] Santa Mercedes/SP… lat=-21.3513258 lon=-51.7534000
  [5334/5593] Santa Rita D'oeste/SP… lat=-20.1448079 lon=-50.8317569
  [5335/5593] Santa Rita do Passa Quatro/SP… lat=-21.7103738 lon=-47.4777943
  [5336/5593] Santa Rosa de Viterbo/SP… lat=-21.4869452 lon=-47.3654908
  [5337/5593] Santa Salete/SP… lat=-20.2451795 lon=-50.6889625
  [5338/5593] Santana da Ponte Pensa/SP… lat=-20.2543758 lon=-50.7975649
  [5339/5593] Santana de Parnaíba/SP… lat=-23.4446715 lon=-46.9167722
  [5340/5593] Santo Anastácio/SP… lat=-21.9746620 lon=-51.6526620
  [5341/5593] Santo André/SP… lat=-23.6533509 lon=-46.5279039
  [5342/5593] Santo Antônio da Alegria/SP… lat=-21.0893048 lon=-47.1523426
  [5343/5593] Santo Antônio de Posse/SP… lat=-22.6053304 lon=-46.9197291
  [5344/5593] Santo Antônio do Aracanguá/SP… lat=-20.9361894 lon=-50.4959965
  [5345/5593] Santo Antônio do Jardim/SP… lat=-22.1158536 lon=-46.6839541
  [5346/5593] Santo Antônio do Pinhal/SP… lat=-22.8250504 lon=-45.6674063
  [5347/5593] Santo Expedito/SP… lat=-21.8508736 lon=-51.3925315
  [5348/5593] Santópolis do Aguapeí/SP… lat=-21.6379556 lon=-50.5008527
  [5349/5593] Santos/SP… lat=-23.9609448 lon=-46.3166316
  [5350/5593] São Bento do Sapucaí/SP… lat=-22.6884605 lon=-45.7329767
  [5351/5593] São Bernardo do Campo/SP… lat=-23.7080345 lon=-46.5506747
  [5352/5593] São Caetano do Sul/SP… lat=-23.6195923 lon=-46.5688323
  [5353/5593] São Carlos/SP… lat=-22.0180395 lon=-47.8911540
  [5354/5593] São Francisco/SP… lat=-20.3604438 lon=-50.6966030
  [5355/5593] São João da Boa Vista/SP… lat=-21.9687099 lon=-46.7969216
  [5356/5593] São João das Duas Pontes/SP… lat=-20.3878223 lon=-50.3788580
  [5357/5593] São João de Iracema/SP… lat=-20.5134345 lon=-50.3525950
  [5358/5593] São João do Pau D'alho/SP… lat=-21.2701055 lon=-51.6654978
  [5359/5593] São Joaquim da Barra/SP… lat=-20.5814993 lon=-47.8608238
  [5360/5593] São José da Bela Vista/SP… lat=-20.5934194 lon=-47.6416942
  [5361/5593] São José do Barreiro/SP… lat=-22.6452376 lon=-44.5805246
  [5362/5593] São José do Rio Pardo/SP… lat=-21.5952880 lon=-46.8873030
  [5363/5593] São José do Rio Preto/SP… lat=-20.8125851 lon=-49.3804212
  [5364/5593] São José dos Campos/SP… lat=-23.1867782 lon=-45.8854538
  [5365/5593] São Lourenço da Serra/SP… lat=-23.8535923 lon=-46.9440587
  [5366/5593] São Luís do Paraitinga/SP… lat=-23.2220531 lon=-45.3108444
  [5367/5593] São Manuel/SP… lat=-22.7320810 lon=-48.5723160
  [5368/5593] São Miguel Arcanjo/SP… lat=-23.8807771 lon=-47.9963492
  [5369/5593] São Paulo/SP… lat=-23.5506507 lon=-46.6333824
  [5370/5593] São Pedro/SP… lat=-22.5512765 lon=-47.9072359
  [5371/5593] São Pedro do Turvo/SP… lat=-22.7452860 lon=-49.7428290
  [5372/5593] São Roque/SP… lat=-23.5304843 lon=-47.1355473
  [5373/5593] São Sebastião/SP… lat=-23.8027866 lon=-45.4070527
  [5374/5593] São Sebastião da Grama/SP… lat=-21.7118854 lon=-46.8284162
  [5375/5593] São Simão/SP… lat=-21.4800208 lon=-47.5531095
  [5376/5593] São Vicente/SP… lat=-23.9664177 lon=-46.3861401
  [5377/5593] Sarapuí/SP… lat=-23.6397400 lon=-47.8248630
  [5378/5593] Sarutaiá/SP… lat=-23.2747217 lon=-49.4771860
  [5379/5593] Sebastianópolis do Sul/SP… lat=-20.6581669 lon=-49.9229043
  [5380/5593] Serra Azul/SP… lat=-21.3132591 lon=-47.5635821
  [5381/5593] Serra Negra/SP… lat=-22.6126459 lon=-46.6999860
  [5382/5593] Serrana/SP… lat=-21.2066883 lon=-47.6053774
  [5383/5593] Sertãozinho/SP… lat=-21.1375782 lon=-47.9913741
  [5384/5593] Sete Barras/SP… lat=-24.3878438 lon=-47.9265798
  [5385/5593] Severínia/SP… lat=-20.8107530 lon=-48.8053800
  [5386/5593] Silveiras/SP… lat=-22.6638400 lon=-44.8521570
  [5387/5593] Socorro/SP… lat=-22.5902619 lon=-46.5249112
  [5388/5593] Sorocaba/SP… lat=-23.5003451 lon=-47.4582864
  [5389/5593] Sud Mennucci/SP… lat=-20.6906175 lon=-50.9240834
  [5390/5593] Sumaré/SP… lat=-22.8217964 lon=-47.2671050
  [5391/5593] Suzanápolis/SP… lat=-20.5011185 lon=-51.0246771
  [5392/5593] Suzano/SP… lat=-23.5427842 lon=-46.3108391
  [5393/5593] Tabapuã/SP… lat=-20.9648397 lon=-49.0332398
  [5394/5593] Tabatinga/SP… lat=-21.7373768 lon=-48.6880522
  [5395/5593] Taboão da Serra/SP… lat=-23.6121912 lon=-46.7790539
  [5396/5593] Taciba/SP… lat=-22.3893943 lon=-51.2888486
  [5397/5593] Taguaí/SP… lat=-23.4534312 lon=-49.4054454
  [5398/5593] Taiaçu/SP… lat=-21.1431440 lon=-48.5112030
  [5399/5593] Taiúva/SP… lat=-21.1238184 lon=-48.4512476
  [5400/5593] Tambaú/SP… lat=-21.7029200 lon=-47.2703440
  [5401/5593] Tanabi/SP… lat=-20.6251635 lon=-49.6519879
  [5402/5593] Tapiraí/SP… lat=-23.9638345 lon=-47.5067136
  [5403/5593] Tapiratiba/SP… lat=-21.4682400 lon=-46.7493221
  [5404/5593] Taquaral/SP… lat=-21.0737300 lon=-48.4125530
  [5405/5593] Taquaritinga/SP… lat=-21.4064327 lon=-48.5056132
  [5406/5593] Taquarituba/SP… lat=-23.5337307 lon=-49.2452541
  [5407/5593] Taquarivaí/SP… lat=-23.9257829 lon=-48.7005328
  [5408/5593] Tarabai/SP… lat=-22.3038726 lon=-51.5628675
  [5409/5593] Tarumã/SP… lat=-22.7474736 lon=-50.5783374
  [5410/5593] Tatuí/SP… lat=-23.3489848 lon=-47.8490165
  [5411/5593] Taubaté/SP… lat=-23.0314480 lon=-45.5612792
  [5412/5593] Tejupá/SP… lat=-23.3437238 lon=-49.3772468
  [5413/5593] Teodoro Sampaio/SP… lat=-22.4350000 lon=-52.3353654
  [5414/5593] Terra Roxa/SP… lat=-20.7870150 lon=-48.3314420
  [5415/5593] Tietê/SP… lat=-23.1030302 lon=-47.7147937
  [5416/5593] Timburi/SP… lat=-23.2064076 lon=-49.6045576
  [5417/5593] Torre de Pedra/SP… lat=-23.2478026 lon=-48.1941034
  [5418/5593] Torrinha/SP… lat=-22.4302536 lon=-48.1690653
  [5419/5593] Trabiju/SP… lat=-22.0410733 lon=-48.3350302
  [5420/5593] Tremembé/SP… lat=-22.9641763 lon=-45.5489548
  [5421/5593] Três Fronteiras/SP… lat=-20.2343550 lon=-50.8905280
  [5422/5593] Tuiuti/SP… lat=-22.8129652 lon=-46.6935374
  [5423/5593] Tupã/SP… lat=-21.9349129 lon=-50.5141255
  [5424/5593] Tupi Paulista/SP… lat=-21.3860829 lon=-51.5762374
  [5425/5593] Turiúba/SP… lat=-20.9491284 lon=-50.1082011
  [5426/5593] Turmalina/SP… lat=-20.0530658 lon=-50.4763212
  [5427/5593] Ubarana/SP… lat=-21.1637674 lon=-49.7167796
  [5428/5593] Ubatuba/SP… lat=-23.4331620 lon=-45.0834150
  [5429/5593] Ubirajara/SP… lat=-22.5261054 lon=-49.6635412
  [5430/5593] Uchoa/SP… lat=-20.9511060 lon=-49.1712950
  [5431/5593] União Paulista/SP… lat=-20.8877642 lon=-49.8976558
  [5432/5593] Urânia/SP… lat=-20.2444910 lon=-50.6450868
  [5433/5593] Uru/SP… lat=-21.7846064 lon=-49.2819702
  [5434/5593] Urupês/SP… lat=-21.2027026 lon=-49.2921996
  [5435/5593] Valentim Gentil/SP… lat=-20.4226107 lon=-50.0861511
  [5436/5593] Valinhos/SP… lat=-22.9705600 lon=-46.9958300
  [5437/5593] Valparaíso/SP… lat=-21.2230369 lon=-50.8666375
  [5438/5593] Vargem/SP… lat=-22.8902379 lon=-46.4145366
  [5439/5593] Vargem Grande do Sul/SP… lat=-21.8310636 lon=-46.8933030
  [5440/5593] Vargem Grande Paulista/SP… lat=-23.5993380 lon=-47.0220380
  [5441/5593] Várzea Paulista/SP… lat=-23.2113889 lon=-46.8283333
  [5442/5593] Vera Cruz/SP… lat=-22.2212638 lon=-49.8243021
  [5443/5593] Vinhedo/SP… lat=-23.0298535 lon=-46.9749847
  [5444/5593] Viradouro/SP… lat=-20.8726051 lon=-48.2968122
  [5445/5593] Vista Alegre do Alto/SP… lat=-21.1712930 lon=-48.6299172
  [5446/5593] Vitória Brasil/SP… lat=-20.1978821 lon=-50.4847947
  [5447/5593] Votorantim/SP… lat=-23.5380539 lon=-47.4422137
  [5448/5593] Votuporanga/SP… lat=-20.4252908 lon=-49.9720280
  [5449/5593] Zacarias/SP… lat=-21.0523649 lon=-50.0514502
  [5450/5593] CidadeY/T2… não encontrada
  [5451/5593] CidadeZ/T3… não encontrada
  [5452/5593] Abreulândia/TO… lat=-9.6221526 lon=-49.1558343
  [5453/5593] Aguiarnópolis/TO… lat=-6.5600452 lon=-47.4721189
  [5454/5593] Aliança do Tocantins/TO… lat=-11.3055927 lon=-48.9409096
  [5455/5593] Almas/TO… lat=-11.5681309 lon=-47.1702803
  [5456/5593] Alvorada/TO… lat=-12.4784650 lon=-49.1249260
  [5457/5593] Ananás/TO… lat=-6.3663053 lon=-48.0802380
  [5458/5593] Angico/TO… lat=-6.3893733 lon=-47.8656722
  [5459/5593] Aparecida do Rio Negro/TO… lat=-9.9513491 lon=-47.9773786
  [5460/5593] Aragominas/TO… lat=-7.1654101 lon=-48.5254880
  [5461/5593] Araguacema/TO… lat=-8.8067391 lon=-49.5560969
  [5462/5593] Araguaçu/TO… lat=-12.9289340 lon=-49.8231340
  [5463/5593] Araguaína/TO… lat=-7.1936574 lon=-48.2064645
  [5464/5593] Araguanã/TO… lat=-6.5799107 lon=-48.6428482
  [5465/5593] Araguatins/TO… lat=-5.6529384 lon=-48.1161923
  [5466/5593] Arapoema/TO… lat=-7.6575001 lon=-49.0641484
  [5467/5593] Arraias/TO… lat=-12.9287788 lon=-46.9437231
  [5468/5593] Augustinópolis/TO… lat=-5.4662267 lon=-47.8897519
  [5469/5593] Aurora do Tocantins/TO… lat=-12.7104500 lon=-46.4076040
  [5470/5593] Axixá do Tocantins/TO… lat=-5.6127470 lon=-47.7700700
  [5471/5593] Babaçulândia/TO… lat=-7.2034355 lon=-47.7616130
  [5472/5593] Bandeirantes do Tocantins/TO… lat=-7.7635698 lon=-48.5791480
  [5473/5593] Barra do Ouro/TO… lat=-7.7113784 lon=-47.6743925
  [5474/5593] Barrolândia/TO… lat=-9.8372460 lon=-48.7264346
  [5475/5593] Bernardo Sayão/TO… lat=-7.8794244 lon=-48.8968905
  [5476/5593] Bom Jesus do Tocantins/TO… lat=-8.9630600 lon=-48.1650430
  [5477/5593] Brasilândia do Tocantins/TO… lat=-8.3886619 lon=-48.4842729
  [5478/5593] Brejinho de Nazaré/TO… lat=-11.0138265 lon=-48.5646260
  [5479/5593] Buriti do Tocantins/TO… lat=-5.3187439 lon=-48.2256609
  [5480/5593] Cachoeirinha/TO… lat=-6.1186470 lon=-47.9208885
  [5481/5593] Campos Lindos/TO… lat=-7.9740597 lon=-46.8023881
  [5482/5593] Cariri do Tocantins/TO… lat=-11.8882727 lon=-49.1604216
  [5483/5593] Carmolândia/TO… lat=-7.0338040 lon=-48.3951295
  [5484/5593] Carrasco Bonito/TO… lat=-5.3205734 lon=-48.0376667
  [5485/5593] Caseara/TO… lat=-9.2731590 lon=-49.9576837
  [5486/5593] Centenário/TO… lat=-8.9586893 lon=-47.3355181
  [5487/5593] Chapada da Natividade/TO… lat=-11.6119239 lon=-47.7538517
  [5488/5593] Chapada de Areia/TO… lat=-10.1417377 lon=-49.1781853
  [5489/5593] Colinas do Tocantins/TO… lat=-8.0612688 lon=-48.4716768
  [5490/5593] Colméia/TO… lat=-8.7340980 lon=-48.7510897
  [5491/5593] Combinado/TO… lat=-12.8136581 lon=-46.5461041
  [5492/5593] Conceição do Tocantins/TO… lat=-12.2208740 lon=-47.2951030
  [5493/5593] Couto Magalhães/TO… lat=-8.3605830 lon=-49.1773955
  [5494/5593] Cristalândia/TO… lat=-10.5984800 lon=-49.1942020
  [5495/5593] Crixás do Tocantins/TO… lat=-11.1039404 lon=-48.9188270
  [5496/5593] darcinópolis/TO… lat=-6.7085964 lon=-47.7524283
  [5497/5593] Dianópolis/TO… lat=-11.6240080 lon=-46.8197870
  [5498/5593] Divinópolis do Tocantins/TO… lat=-9.8015722 lon=-49.2143531
  [5499/5593] dois Irmãos do Tocantins/TO… lat=-9.2539897 lon=-49.0665558
  [5500/5593] Dueré/TO… lat=-11.3416310 lon=-49.2715660
  [5501/5593] Esperantina/TO… lat=-5.3658232 lon=-48.5368181
  [5502/5593] Fátima/TO… lat=-10.7575656 lon=-48.9031328
  [5503/5593] Figueirópolis/TO… lat=-12.1347916 lon=-49.1737141
  [5504/5593] Filadélfia/TO… lat=-7.3395833 lon=-47.4963720
  [5505/5593] Formoso do Araguaia/TO… lat=-11.8059989 lon=-49.5257153
  [5506/5593] Fortaleza do Tabocão/TO… lat=-9.0565211 lon=-48.5216745
  [5507/5593] Goianorte/TO… lat=-8.7720092 lon=-48.9340879
  [5508/5593] Goiatins/TO… lat=-7.7132054 lon=-47.3154841
  [5509/5593] Guaraí/TO… lat=-8.8354290 lon=-48.5114320
  [5510/5593] Gurupi/TO… lat=-11.7279400 lon=-49.0680460
  [5511/5593] Ipueiras/TO… lat=-11.2408008 lon=-48.4438878
  [5512/5593] Itacajá/TO… lat=-8.3929350 lon=-47.7726150
  [5513/5593] Itaguatins/TO… lat=-5.7696766 lon=-47.4815382
  [5514/5593] Itapiratins/TO… lat=-8.3832116 lon=-48.1054968
  [5515/5593] Itaporã do Tocantins/TO… lat=-8.5717220 lon=-48.6894810
  [5516/5593] Jaú do Tocantins/TO… lat=-12.6526649 lon=-48.5922532
  [5517/5593] Juarina/TO… lat=-8.1194209 lon=-49.0967459
  [5518/5593] Lagoa da Confusão/TO… lat=-10.7883045 lon=-49.6224431
  [5519/5593] Lagoa do Tocantins/TO… lat=-10.2967881 lon=-47.5662530
  [5520/5593] Lajeado/TO… lat=-9.7548945 lon=-48.3563706
  [5521/5593] Lavandeira/TO… lat=-12.7887924 lon=-46.5073198
  [5522/5593] Lizarda/TO… lat=-9.5955336 lon=-46.6752180
  [5523/5593] Luzinópolis/TO… lat=-6.1918183 lon=-47.8562036
  [5524/5593] Marianópolis do Tocantins/TO… lat=-9.7962503 lon=-49.6547174
  [5525/5593] Mateiros/TO… lat=-10.5462254 lon=-46.4174230
  [5526/5593] Maurilândia do Tocantins/TO… lat=-5.9516880 lon=-47.5124920
  [5527/5593] Miracema do Tocantins/TO… lat=-9.5617939 lon=-48.3966536
  [5528/5593] Miranorte/TO… lat=-9.5290680 lon=-48.5922220
  [5529/5593] Monte do Carmo/TO… lat=-10.7647456 lon=-48.1121813
  [5530/5593] Monte Santo do Tocantins/TO… lat=-10.0051944 lon=-48.9927531
  [5531/5593] Muricilândia/TO… lat=-7.1466900 lon=-48.6091350
  [5532/5593] Natividade/TO… lat=-11.7089881 lon=-47.7284165
  [5533/5593] Nazaré/TO… lat=-6.3733313 lon=-47.6632702
  [5534/5593] Nova Olinda/TO… lat=-7.6317120 lon=-48.4252320
  [5535/5593] Nova Rosalândia/TO… lat=-10.5651020 lon=-48.9124770
  [5536/5593] Novo Acordo/TO… lat=-9.9646580 lon=-47.6762804
  [5537/5593] Novo Alegre/TO… lat=-12.9151340 lon=-46.5740939
  [5538/5593] Novo Jardim/TO… lat=-11.8199253 lon=-46.6254107
  [5539/5593] Oliveira de Fátima/TO… lat=-10.7091365 lon=-48.9077446
  [5540/5593] Palmas/TO… lat=-10.1837852 lon=-48.3336423
  [5541/5593] Palmeirante/TO… lat=-7.8582335 lon=-47.9264382
  [5542/5593] Palmeiras do Tocantins/TO… lat=-6.6096035 lon=-47.5463990
  [5543/5593] Palmeirópolis/TO… lat=-13.0428105 lon=-48.4065223
  [5544/5593] Paraíso do Tocantins/TO… lat=-10.1752474 lon=-48.8867590
  [5545/5593] Paranã/TO… lat=-12.6167470 lon=-47.8733780
  [5546/5593] Pau D'arco/TO… lat=-7.5416832 lon=-49.3686216
  [5547/5593] Pedro Afonso/TO… lat=-8.9757351 lon=-48.1733282
  [5548/5593] Peixe/TO… lat=-12.0390993 lon=-48.5392455
  [5549/5593] Pequizeiro/TO… lat=-8.5948460 lon=-48.9332775
  [5550/5593] Pindorama do Tocantins/TO… lat=-11.1310740 lon=-47.5726300
  [5551/5593] Piraquê/TO… lat=-6.7698310 lon=-48.2945507
  [5552/5593] Pium/TO… lat=-10.4421368 lon=-49.1747741
  [5553/5593] Ponte Alta do Bom Jesus/TO… lat=-12.0873615 lon=-46.4785732
  [5554/5593] Ponte Alta do Tocantins/TO… lat=-10.7454591 lon=-47.5374479
  [5555/5593] Porto Alegre do Tocantins/TO… lat=-11.6070802 lon=-47.0526270
  [5556/5593] Porto Nacional/TO… lat=-10.7019786 lon=-48.4110952
  [5557/5593] Praia Norte/TO… lat=-5.3955731 lon=-47.8109402
  [5558/5593] Presidente Kennedy/TO… lat=-8.5340643 lon=-48.5060747
  [5559/5593] Pugmil/TO… lat=-10.4255161 lon=-48.8969824
  [5560/5593] Recursolândia/TO… lat=-8.7368677 lon=-47.2416349
  [5561/5593] Riachinho/TO… lat=-6.4426372 lon=-48.1379690
  [5562/5593] Rio da Conceição/TO… lat=-11.3948630 lon=-46.8846640
  [5563/5593] Rio dos Bois/TO… lat=-9.3412231 lon=-48.5349207
  [5564/5593] Rio Sono/TO… lat=-9.3442508 lon=-47.8998831
  [5565/5593] Sampaio/TO… lat=-5.3542330 lon=-47.8781840
  [5566/5593] Sandolândia/TO… lat=-12.5389465 lon=-49.9285958
  [5567/5593] Santa Fé do Araguaia/TO… lat=-7.1500720 lon=-48.6925943
  [5568/5593] Santa Maria do Tocantins/TO… lat=-8.7752144 lon=-47.7482956
  [5569/5593] Santa Rita do Tocantins/TO… lat=-10.8643623 lon=-48.9082979
  [5570/5593] Santa Rosa do Tocantins/TO… lat=-11.4473920 lon=-48.1216270
  [5571/5593] Santa Tereza do Tocantins/TO… lat=-10.2816205 lon=-47.8091871
  [5572/5593] Santa Terezinha do Tocantins/TO… lat=-6.4359018 lon=-47.6720243
  [5573/5593] São Bento do Tocantins/TO… lat=-6.0218530 lon=-47.9000570
  [5574/5593] São Félix do Tocantins/TO… lat=-10.1614650 lon=-46.6617860
  [5575/5593] São Miguel do Tocantins/TO… lat=-5.5549817 lon=-47.5747649
  [5576/5593] São Salvador do Tocantins/TO… lat=-12.7503331 lon=-48.2352148
  [5577/5593] São Sebastião do Tocantins/TO… lat=-5.2587094 lon=-48.2055574
  [5578/5593] São Valério/TO… lat=-11.9743150 lon=-48.2353150
  [5579/5593] Silvanópolis/TO… lat=-11.1513516 lon=-48.1711295
  [5580/5593] Sítio Novo do Tocantins/TO… lat=-5.6028662 lon=-47.6349901
  [5581/5593] Sucupira/TO… lat=-11.9850885 lon=-48.9113689
  [5582/5593] Taguatinga/TO… lat=-12.4024040 lon=-46.4365769
  [5583/5593] Taipas do Tocantins/TO… lat=-12.1933490 lon=-46.9918003
  [5584/5593] Talismã/TO… lat=-12.7978360 lon=-49.0929839
  [5585/5593] Tocantínia/TO… lat=-9.5631980 lon=-48.3741040
  [5586/5593] Tocantinópolis/TO… lat=-6.3280931 lon=-47.4217673
  [5587/5593] Tupirama/TO… lat=-8.9746528 lon=-48.1887392
  [5588/5593] Tupiratins/TO… lat=-8.3996247 lon=-48.1299635
  [5589/5593] Wanderlândia/TO… lat=-6.8522727 lon=-47.9653917
  [5590/5593] Xambioá/TO… lat=-6.4084693 lon=-48.5336069
  [5591/5593] CidadeX/TT… não encontrada
  [5592/5593] CuritibaW/ZW… não encontrada
  [5593/5593] LondrinaW/ZW… não encontrada

Resumo
  Processadas:      5593
  Atualizadas:      5575
  Não encontradas:  18

Concluído.
